:0200000460009A
:100000004643464200000156000000000103030081
:1000100000000000000000000000000000000000E0
:1000200000000000000000000000000000000000D0
:1000300000000000000000000000000000000000C0
:1000400000000000010408000000000000000000A3
:100050000000800000000000000000000000000020
:100060000000000000000000000000000000000090
:100070000000000000000000000000000000000080
:10008000EB04180A063204260000000000000000FD
:10009000050404240000000000000000000000002F
:1000A0000000000000000000000000000000000050
:1000B0000604000000000000000000000000000036
:1000C0000000000000000000000000000000000030
:1000D00020041808000000000000000000000000DC
:1000E0000000000000000000000000000000000010
:1000F0000000000000000000000000000000000000
:10010000D8041808000000000000000000000000F3
:100110000204180804200000000000000000000095
:1001200000000000000000000000000000000000CF
:10013000600400000000000000000000000000005B
:1001400000000000000000000000000000000000AF
:10015000000000000000000000000000000000009F
:10016000000000000000000000000000000000008F
:10017000000000000000000000000000000000007F
:10018000000000000000000000000000000000006F
:10019000000000000000000000000000000000005F
:1001A000000000000000000000000000000000004F
:1001B000000000000000000000000000000000003F
:1001C000000100000010000001000000000000001D
:1001D000000001000000000000000000000000001E
:1001E000000000000000000000000000000000000F
:1001F00000000000000000000000000000000000FF
:10020000FFFFFFFFFFFFFFFFFFFFFFFFFFFFFFFFFE
:10021000FFFFFFFFFFFFFFFFFFFFFFFFFFFFFFFFEE
:10022000FFFFFFFFFFFFFFFFFFFFFFFFFFFFFFFFDE
:10023000FFFFFFFFFFFFFFFFFFFFFFFFFFFFFFFFCE
:10024000FFFFFFFFFFFFFFFFFFFFFFFFFFFFFFFFBE
:10025000FFFFFFFFFFFFFFFFFFFFFFFFFFFFFFFFAE
:10026000FFFFFFFFFFFFFFFFFFFFFFFFFFFFFFFF9E
:10027000FFFFFFFFFFFFFFFFFFFFFFFFFFFFFFFF8E
:10028000FFFFFFFFFFFFFFFFFFFFFFFFFFFFFFFF7E
:10029000FFFFFFFFFFFFFFFFFFFFFFFFFFFFFFFF6E
:1002A000FFFFFFFFFFFFFFFFFFFFFFFFFFFFFFFF5E
:1002B000FFFFFFFFFFFFFFFFFFFFFFFFFFFFFFFF4E
:1002C000FFFFFFFFFFFFFFFFFFFFFFFFFFFFFFFF3E
:1002D000FFFFFFFFFFFFFFFFFFFFFFFFFFFFFFFF2E
:1002E000FFFFFFFFFFFFFFFFFFFFFFFFFFFFFFFF1E
:1002F000FFFFFFFFFFFFFFFFFFFFFFFFFFFFFFFF0E
:10030000FFFFFFFFFFFFFFFFFFFFFFFFFFFFFFFFFD
:10031000FFFFFFFFFFFFFFFFFFFFFFFFFFFFFFFFED
:10032000FFFFFFFFFFFFFFFFFFFFFFFFFFFFFFFFDD
:10033000FFFFFFFFFFFFFFFFFFFFFFFFFFFFFFFFCD
:10034000FFFFFFFFFFFFFFFFFFFFFFFFFFFFFFFFBD
:10035000FFFFFFFFFFFFFFFFFFFFFFFFFFFFFFFFAD
:10036000FFFFFFFFFFFFFFFFFFFFFFFFFFFFFFFF9D
:10037000FFFFFFFFFFFFFFFFFFFFFFFFFFFFFFFF8D
:10038000FFFFFFFFFFFFFFFFFFFFFFFFFFFFFFFF7D
:10039000FFFFFFFFFFFFFFFFFFFFFFFFFFFFFFFF6D
:1003A000FFFFFFFFFFFFFFFFFFFFFFFFFFFFFFFF5D
:1003B000FFFFFFFFFFFFFFFFFFFFFFFFFFFFFFFF4D
:1003C000FFFFFFFFFFFFFFFFFFFFFFFFFFFFFFFF3D
:1003D000FFFFFFFFFFFFFFFFFFFFFFFFFFFFFFFF2D
:1003E000FFFFFFFFFFFFFFFFFFFFFFFFFFFFFFFF1D
:1003F000FFFFFFFFFFFFFFFFFFFFFFFFFFFFFFFF0D
:10040000FFFFFFFFFFFFFFFFFFFFFFFFFFFFFFFFFC
:10041000FFFFFFFFFFFFFFFFFFFFFFFFFFFFFFFFEC
:10042000FFFFFFFFFFFFFFFFFFFFFFFFFFFFFFFFDC
:10043000FFFFFFFFFFFFFFFFFFFFFFFFFFFFFFFFCC
:10044000FFFFFFFFFFFFFFFFFFFFFFFFFFFFFFFFBC
:10045000FFFFFFFFFFFFFFFFFFFFFFFFFFFFFFFFAC
:10046000FFFFFFFFFFFFFFFFFFFFFFFFFFFFFFFF9C
:10047000FFFFFFFFFFFFFFFFFFFFFFFFFFFFFFFF8C
:10048000FFFFFFFFFFFFFFFFFFFFFFFFFFFFFFFF7C
:10049000FFFFFFFFFFFFFFFFFFFFFFFFFFFFFFFF6C
:1004A000FFFFFFFFFFFFFFFFFFFFFFFFFFFFFFFF5C
:1004B000FFFFFFFFFFFFFFFFFFFFFFFFFFFFFFFF4C
:1004C000FFFFFFFFFFFFFFFFFFFFFFFFFFFFFFFF3C
:1004D000FFFFFFFFFFFFFFFFFFFFFFFFFFFFFFFF2C
:1004E000FFFFFFFFFFFFFFFFFFFFFFFFFFFFFFFF1C
:1004F000FFFFFFFFFFFFFFFFFFFFFFFFFFFFFFFF0C
:10050000FFFFFFFFFFFFFFFFFFFFFFFFFFFFFFFFFB
:10051000FFFFFFFFFFFFFFFFFFFFFFFFFFFFFFFFEB
:10052000FFFFFFFFFFFFFFFFFFFFFFFFFFFFFFFFDB
:10053000FFFFFFFFFFFFFFFFFFFFFFFFFFFFFFFFCB
:10054000FFFFFFFFFFFFFFFFFFFFFFFFFFFFFFFFBB
:10055000FFFFFFFFFFFFFFFFFFFFFFFFFFFFFFFFAB
:10056000FFFFFFFFFFFFFFFFFFFFFFFFFFFFFFFF9B
:10057000FFFFFFFFFFFFFFFFFFFFFFFFFFFFFFFF8B
:10058000FFFFFFFFFFFFFFFFFFFFFFFFFFFFFFFF7B
:10059000FFFFFFFFFFFFFFFFFFFFFFFFFFFFFFFF6B
:1005A000FFFFFFFFFFFFFFFFFFFFFFFFFFFFFFFF5B
:1005B000FFFFFFFFFFFFFFFFFFFFFFFFFFFFFFFF4B
:1005C000FFFFFFFFFFFFFFFFFFFFFFFFFFFFFFFF3B
:1005D000FFFFFFFFFFFFFFFFFFFFFFFFFFFFFFFF2B
:1005E000FFFFFFFFFFFFFFFFFFFFFFFFFFFFFFFF1B
:1005F000FFFFFFFFFFFFFFFFFFFFFFFFFFFFFFFF0B
:10060000FFFFFFFFFFFFFFFFFFFFFFFFFFFFFFFFFA
:10061000FFFFFFFFFFFFFFFFFFFFFFFFFFFFFFFFEA
:10062000FFFFFFFFFFFFFFFFFFFFFFFFFFFFFFFFDA
:10063000FFFFFFFFFFFFFFFFFFFFFFFFFFFFFFFFCA
:10064000FFFFFFFFFFFFFFFFFFFFFFFFFFFFFFFFBA
:10065000FFFFFFFFFFFFFFFFFFFFFFFFFFFFFFFFAA
:10066000FFFFFFFFFFFFFFFFFFFFFFFFFFFFFFFF9A
:10067000FFFFFFFFFFFFFFFFFFFFFFFFFFFFFFFF8A
:10068000FFFFFFFFFFFFFFFFFFFFFFFFFFFFFFFF7A
:10069000FFFFFFFFFFFFFFFFFFFFFFFFFFFFFFFF6A
:1006A000FFFFFFFFFFFFFFFFFFFFFFFFFFFFFFFF5A
:1006B000FFFFFFFFFFFFFFFFFFFFFFFFFFFFFFFF4A
:1006C000FFFFFFFFFFFFFFFFFFFFFFFFFFFFFFFF3A
:1006D000FFFFFFFFFFFFFFFFFFFFFFFFFFFFFFFF2A
:1006E000FFFFFFFFFFFFFFFFFFFFFFFFFFFFFFFF1A
:1006F000FFFFFFFFFFFFFFFFFFFFFFFFFFFFFFFF0A
:10070000FFFFFFFFFFFFFFFFFFFFFFFFFFFFFFFFF9
:10071000FFFFFFFFFFFFFFFFFFFFFFFFFFFFFFFFE9
:10072000FFFFFFFFFFFFFFFFFFFFFFFFFFFFFFFFD9
:10073000FFFFFFFFFFFFFFFFFFFFFFFFFFFFFFFFC9
:10074000FFFFFFFFFFFFFFFFFFFFFFFFFFFFFFFFB9
:10075000FFFFFFFFFFFFFFFFFFFFFFFFFFFFFFFFA9
:10076000FFFFFFFFFFFFFFFFFFFFFFFFFFFFFFFF99
:10077000FFFFFFFFFFFFFFFFFFFFFFFFFFFFFFFF89
:10078000FFFFFFFFFFFFFFFFFFFFFFFFFFFFFFFF79
:10079000FFFFFFFFFFFFFFFFFFFFFFFFFFFFFFFF69
:1007A000FFFFFFFFFFFFFFFFFFFFFFFFFFFFFFFF59
:1007B000FFFFFFFFFFFFFFFFFFFFFFFFFFFFFFFF49
:1007C000FFFFFFFFFFFFFFFFFFFFFFFFFFFFFFFF39
:1007D000FFFFFFFFFFFFFFFFFFFFFFFFFFFFFFFF29
:1007E000FFFFFFFFFFFFFFFFFFFFFFFFFFFFFFFF19
:1007F000FFFFFFFFFFFFFFFFFFFFFFFFFFFFFFFF09
:10080000FFFFFFFFFFFFFFFFFFFFFFFFFFFFFFFFF8
:10081000FFFFFFFFFFFFFFFFFFFFFFFFFFFFFFFFE8
:10082000FFFFFFFFFFFFFFFFFFFFFFFFFFFFFFFFD8
:10083000FFFFFFFFFFFFFFFFFFFFFFFFFFFFFFFFC8
:10084000FFFFFFFFFFFFFFFFFFFFFFFFFFFFFFFFB8
:10085000FFFFFFFFFFFFFFFFFFFFFFFFFFFFFFFFA8
:10086000FFFFFFFFFFFFFFFFFFFFFFFFFFFFFFFF98
:10087000FFFFFFFFFFFFFFFFFFFFFFFFFFFFFFFF88
:10088000FFFFFFFFFFFFFFFFFFFFFFFFFFFFFFFF78
:10089000FFFFFFFFFFFFFFFFFFFFFFFFFFFFFFFF68
:1008A000FFFFFFFFFFFFFFFFFFFFFFFFFFFFFFFF58
:1008B000FFFFFFFFFFFFFFFFFFFFFFFFFFFFFFFF48
:1008C000FFFFFFFFFFFFFFFFFFFFFFFFFFFFFFFF38
:1008D000FFFFFFFFFFFFFFFFFFFFFFFFFFFFFFFF28
:1008E000FFFFFFFFFFFFFFFFFFFFFFFFFFFFFFFF18
:1008F000FFFFFFFFFFFFFFFFFFFFFFFFFFFFFFFF08
:10090000FFFFFFFFFFFFFFFFFFFFFFFFFFFFFFFFF7
:10091000FFFFFFFFFFFFFFFFFFFFFFFFFFFFFFFFE7
:10092000FFFFFFFFFFFFFFFFFFFFFFFFFFFFFFFFD7
:10093000FFFFFFFFFFFFFFFFFFFFFFFFFFFFFFFFC7
:10094000FFFFFFFFFFFFFFFFFFFFFFFFFFFFFFFFB7
:10095000FFFFFFFFFFFFFFFFFFFFFFFFFFFFFFFFA7
:10096000FFFFFFFFFFFFFFFFFFFFFFFFFFFFFFFF97
:10097000FFFFFFFFFFFFFFFFFFFFFFFFFFFFFFFF87
:10098000FFFFFFFFFFFFFFFFFFFFFFFFFFFFFFFF77
:10099000FFFFFFFFFFFFFFFFFFFFFFFFFFFFFFFF67
:1009A000FFFFFFFFFFFFFFFFFFFFFFFFFFFFFFFF57
:1009B000FFFFFFFFFFFFFFFFFFFFFFFFFFFFFFFF47
:1009C000FFFFFFFFFFFFFFFFFFFFFFFFFFFFFFFF37
:1009D000FFFFFFFFFFFFFFFFFFFFFFFFFFFFFFFF27
:1009E000FFFFFFFFFFFFFFFFFFFFFFFFFFFFFFFF17
:1009F000FFFFFFFFFFFFFFFFFFFFFFFFFFFFFFFF07
:100A0000FFFFFFFFFFFFFFFFFFFFFFFFFFFFFFFFF6
:100A1000FFFFFFFFFFFFFFFFFFFFFFFFFFFFFFFFE6
:100A2000FFFFFFFFFFFFFFFFFFFFFFFFFFFFFFFFD6
:100A3000FFFFFFFFFFFFFFFFFFFFFFFFFFFFFFFFC6
:100A4000FFFFFFFFFFFFFFFFFFFFFFFFFFFFFFFFB6
:100A5000FFFFFFFFFFFFFFFFFFFFFFFFFFFFFFFFA6
:100A6000FFFFFFFFFFFFFFFFFFFFFFFFFFFFFFFF96
:100A7000FFFFFFFFFFFFFFFFFFFFFFFFFFFFFFFF86
:100A8000FFFFFFFFFFFFFFFFFFFFFFFFFFFFFFFF76
:100A9000FFFFFFFFFFFFFFFFFFFFFFFFFFFFFFFF66
:100AA000FFFFFFFFFFFFFFFFFFFFFFFFFFFFFFFF56
:100AB000FFFFFFFFFFFFFFFFFFFFFFFFFFFFFFFF46
:100AC000FFFFFFFFFFFFFFFFFFFFFFFFFFFFFFFF36
:100AD000FFFFFFFFFFFFFFFFFFFFFFFFFFFFFFFF26
:100AE000FFFFFFFFFFFFFFFFFFFFFFFFFFFFFFFF16
:100AF000FFFFFFFFFFFFFFFFFFFFFFFFFFFFFFFF06
:100B0000FFFFFFFFFFFFFFFFFFFFFFFFFFFFFFFFF5
:100B1000FFFFFFFFFFFFFFFFFFFFFFFFFFFFFFFFE5
:100B2000FFFFFFFFFFFFFFFFFFFFFFFFFFFFFFFFD5
:100B3000FFFFFFFFFFFFFFFFFFFFFFFFFFFFFFFFC5
:100B4000FFFFFFFFFFFFFFFFFFFFFFFFFFFFFFFFB5
:100B5000FFFFFFFFFFFFFFFFFFFFFFFFFFFFFFFFA5
:100B6000FFFFFFFFFFFFFFFFFFFFFFFFFFFFFFFF95
:100B7000FFFFFFFFFFFFFFFFFFFFFFFFFFFFFFFF85
:100B8000FFFFFFFFFFFFFFFFFFFFFFFFFFFFFFFF75
:100B9000FFFFFFFFFFFFFFFFFFFFFFFFFFFFFFFF65
:100BA000FFFFFFFFFFFFFFFFFFFFFFFFFFFFFFFF55
:100BB000FFFFFFFFFFFFFFFFFFFFFFFFFFFFFFFF45
:100BC000FFFFFFFFFFFFFFFFFFFFFFFFFFFFFFFF35
:100BD000FFFFFFFFFFFFFFFFFFFFFFFFFFFFFFFF25
:100BE000FFFFFFFFFFFFFFFFFFFFFFFFFFFFFFFF15
:100BF000FFFFFFFFFFFFFFFFFFFFFFFFFFFFFFFF05
:100C0000FFFFFFFFFFFFFFFFFFFFFFFFFFFFFFFFF4
:100C1000FFFFFFFFFFFFFFFFFFFFFFFFFFFFFFFFE4
:100C2000FFFFFFFFFFFFFFFFFFFFFFFFFFFFFFFFD4
:100C3000FFFFFFFFFFFFFFFFFFFFFFFFFFFFFFFFC4
:100C4000FFFFFFFFFFFFFFFFFFFFFFFFFFFFFFFFB4
:100C5000FFFFFFFFFFFFFFFFFFFFFFFFFFFFFFFFA4
:100C6000FFFFFFFFFFFFFFFFFFFFFFFFFFFFFFFF94
:100C7000FFFFFFFFFFFFFFFFFFFFFFFFFFFFFFFF84
:100C8000FFFFFFFFFFFFFFFFFFFFFFFFFFFFFFFF74
:100C9000FFFFFFFFFFFFFFFFFFFFFFFFFFFFFFFF64
:100CA000FFFFFFFFFFFFFFFFFFFFFFFFFFFFFFFF54
:100CB000FFFFFFFFFFFFFFFFFFFFFFFFFFFFFFFF44
:100CC000FFFFFFFFFFFFFFFFFFFFFFFFFFFFFFFF34
:100CD000FFFFFFFFFFFFFFFFFFFFFFFFFFFFFFFF24
:100CE000FFFFFFFFFFFFFFFFFFFFFFFFFFFFFFFF14
:100CF000FFFFFFFFFFFFFFFFFFFFFFFFFFFFFFFF04
:100D0000FFFFFFFFFFFFFFFFFFFFFFFFFFFFFFFFF3
:100D1000FFFFFFFFFFFFFFFFFFFFFFFFFFFFFFFFE3
:100D2000FFFFFFFFFFFFFFFFFFFFFFFFFFFFFFFFD3
:100D3000FFFFFFFFFFFFFFFFFFFFFFFFFFFFFFFFC3
:100D4000FFFFFFFFFFFFFFFFFFFFFFFFFFFFFFFFB3
:100D5000FFFFFFFFFFFFFFFFFFFFFFFFFFFFFFFFA3
:100D6000FFFFFFFFFFFFFFFFFFFFFFFFFFFFFFFF93
:100D7000FFFFFFFFFFFFFFFFFFFFFFFFFFFFFFFF83
:100D8000FFFFFFFFFFFFFFFFFFFFFFFFFFFFFFFF73
:100D9000FFFFFFFFFFFFFFFFFFFFFFFFFFFFFFFF63
:100DA000FFFFFFFFFFFFFFFFFFFFFFFFFFFFFFFF53
:100DB000FFFFFFFFFFFFFFFFFFFFFFFFFFFFFFFF43
:100DC000FFFFFFFFFFFFFFFFFFFFFFFFFFFFFFFF33
:100DD000FFFFFFFFFFFFFFFFFFFFFFFFFFFFFFFF23
:100DE000FFFFFFFFFFFFFFFFFFFFFFFFFFFFFFFF13
:100DF000FFFFFFFFFFFFFFFFFFFFFFFFFFFFFFFF03
:100E0000FFFFFFFFFFFFFFFFFFFFFFFFFFFFFFFFF2
:100E1000FFFFFFFFFFFFFFFFFFFFFFFFFFFFFFFFE2
:100E2000FFFFFFFFFFFFFFFFFFFFFFFFFFFFFFFFD2
:100E3000FFFFFFFFFFFFFFFFFFFFFFFFFFFFFFFFC2
:100E4000FFFFFFFFFFFFFFFFFFFFFFFFFFFFFFFFB2
:100E5000FFFFFFFFFFFFFFFFFFFFFFFFFFFFFFFFA2
:100E6000FFFFFFFFFFFFFFFFFFFFFFFFFFFFFFFF92
:100E7000FFFFFFFFFFFFFFFFFFFFFFFFFFFFFFFF82
:100E8000FFFFFFFFFFFFFFFFFFFFFFFFFFFFFFFF72
:100E9000FFFFFFFFFFFFFFFFFFFFFFFFFFFFFFFF62
:100EA000FFFFFFFFFFFFFFFFFFFFFFFFFFFFFFFF52
:100EB000FFFFFFFFFFFFFFFFFFFFFFFFFFFFFFFF42
:100EC000FFFFFFFFFFFFFFFFFFFFFFFFFFFFFFFF32
:100ED000FFFFFFFFFFFFFFFFFFFFFFFFFFFFFFFF22
:100EE000FFFFFFFFFFFFFFFFFFFFFFFFFFFFFFFF12
:100EF000FFFFFFFFFFFFFFFFFFFFFFFFFFFFFFFF02
:100F0000FFFFFFFFFFFFFFFFFFFFFFFFFFFFFFFFF1
:100F1000FFFFFFFFFFFFFFFFFFFFFFFFFFFFFFFFE1
:100F2000FFFFFFFFFFFFFFFFFFFFFFFFFFFFFFFFD1
:100F3000FFFFFFFFFFFFFFFFFFFFFFFFFFFFFFFFC1
:100F4000FFFFFFFFFFFFFFFFFFFFFFFFFFFFFFFFB1
:100F5000FFFFFFFFFFFFFFFFFFFFFFFFFFFFFFFFA1
:100F6000FFFFFFFFFFFFFFFFFFFFFFFFFFFFFFFF91
:100F7000FFFFFFFFFFFFFFFFFFFFFFFFFFFFFFFF81
:100F8000FFFFFFFFFFFFFFFFFFFFFFFFFFFFFFFF71
:100F9000FFFFFFFFFFFFFFFFFFFFFFFFFFFFFFFF61
:100FA000FFFFFFFFFFFFFFFFFFFFFFFFFFFFFFFF51
:100FB000FFFFFFFFFFFFFFFFFFFFFFFFFFFFFFFF41
:100FC000FFFFFFFFFFFFFFFFFFFFFFFFFFFFFFFF31
:100FD000FFFFFFFFFFFFFFFFFFFFFFFFFFFFFFFF21
:100FE000FFFFFFFFFFFFFFFFFFFFFFFFFFFFFFFF11
:100FF000FFFFFFFFFFFFFFFFFFFFFFFFFFFFFFFF01
:10100000D1002043F1150060000000000000000046
:101010002010006000100060005801600000000017
:10102000000000600064010000000000FFFFFFFFFF
:10103000FFFFFFFFFFFFFFFFFFFFFFFFFFFFFFFFC0
:10104000FFFFFFFFFFFFFFFFFFFFFFFFFFFFFFFFB0
:10105000FFFFFFFFFFFFFFFFFFFFFFFFFFFFFFFFA0
:10106000FFFFFFFFFFFFFFFFFFFFFFFFFFFFFFFF90
:10107000FFFFFFFFFFFFFFFFFFFFFFFFFFFFFFFF80
:10108000FFFFFFFFFFFFFFFFFFFFFFFFFFFFFFFF70
:10109000FFFFFFFFFFFFFFFFFFFFFFFFFFFFFFFF60
:1010A000FFFFFFFFFFFFFFFFFFFFFFFFFFFFFFFF50
:1010B000FFFFFFFFFFFFFFFFFFFFFFFFFFFFFFFF40
:1010C000FFFFFFFFFFFFFFFFFFFFFFFFFFFFFFFF30
:1010D000FFFFFFFFFFFFFFFFFFFFFFFFFFFFFFFF20
:1010E000FFFFFFFFFFFFFFFFFFFFFFFFFFFFFFFF10
:1010F000FFFFFFFFFFFFFFFFFFFFFFFFFFFFFFFF00
:10110000FFFFFFFFFFFFFFFFFFFFFFFFFFFFFFFFEF
:10111000FFFFFFFFFFFFFFFFFFFFFFFFFFFFFFFFDF
:10112000FFFFFFFFFFFFFFFFFFFFFFFFFFFFFFFFCF
:10113000FFFFFFFFFFFFFFFFFFFFFFFFFFFFFFFFBF
:10114000FFFFFFFFFFFFFFFFFFFFFFFFFFFFFFFFAF
:10115000FFFFFFFFFFFFFFFFFFFFFFFFFFFFFFFF9F
:10116000FFFFFFFFFFFFFFFFFFFFFFFFFFFFFFFF8F
:10117000FFFFFFFFFFFFFFFFFFFFFFFFFFFFFFFF7F
:10118000FFFFFFFFFFFFFFFFFFFFFFFFFFFFFFFF6F
:10119000FFFFFFFFFFFFFFFFFFFFFFFFFFFFFFFF5F
:1011A000FFFFFFFFFFFFFFFFFFFFFFFFFFFFFFFF4F
:1011B000FFFFFFFFFFFFFFFFFFFFFFFFFFFFFFFF3F
:1011C000FFFFFFFFFFFFFFFFFFFFFFFFFFFFFFFF2F
:1011D000FFFFFFFFFFFFFFFFFFFFFFFFFFFFFFFF1F
:1011E000FFFFFFFFFFFFFFFFFFFFFFFFFFFFFFFF0F
:1011F000FFFFFFFFFFFFFFFFFFFFFFFFFFFFFFFFFF
:10120000FFFFFFFFFFFFFFFFFFFFFFFFFFFFFFFFEE
:10121000FFFFFFFFFFFFFFFFFFFFFFFFFFFFFFFFDE
:10122000FFFFFFFFFFFFFFFFFFFFFFFFFFFFFFFFCE
:10123000FFFFFFFFFFFFFFFFFFFFFFFFFFFFFFFFBE
:10124000FFFFFFFFFFFFFFFFFFFFFFFFFFFFFFFFAE
:10125000FFFFFFFFFFFFFFFFFFFFFFFFFFFFFFFF9E
:10126000FFFFFFFFFFFFFFFFFFFFFFFFFFFFFFFF8E
:10127000FFFFFFFFFFFFFFFFFFFFFFFFFFFFFFFF7E
:10128000FFFFFFFFFFFFFFFFFFFFFFFFFFFFFFFF6E
:10129000FFFFFFFFFFFFFFFFFFFFFFFFFFFFFFFF5E
:1012A000FFFFFFFFFFFFFFFFFFFFFFFFFFFFFFFF4E
:1012B000FFFFFFFFFFFFFFFFFFFFFFFFFFFFFFFF3E
:1012C000FFFFFFFFFFFFFFFFFFFFFFFFFFFFFFFF2E
:1012D000FFFFFFFFFFFFFFFFFFFFFFFFFFFFFFFF1E
:1012E000FFFFFFFFFFFFFFFFFFFFFFFFFFFFFFFF0E
:1012F000FFFFFFFFFFFFFFFFFFFFFFFFFFFFFFFFFE
:10130000FFFFFFFFFFFFFFFFFFFFFFFFFFFFFFFFED
:10131000FFFFFFFFFFFFFFFFFFFFFFFFFFFFFFFFDD
:10132000FFFFFFFFFFFFFFFFFFFFFFFFFFFFFFFFCD
:10133000FFFFFFFFFFFFFFFFFFFFFFFFFFFFFFFFBD
:10134000FFFFFFFFFFFFFFFFFFFFFFFFFFFFFFFFAD
:10135000FFFFFFFFFFFFFFFFFFFFFFFFFFFFFFFF9D
:10136000FFFFFFFFFFFFFFFFFFFFFFFFFFFFFFFF8D
:10137000FFFFFFFFFFFFFFFFFFFFFFFFFFFFFFFF7D
:10138000FFFFFFFFFFFFFFFFFFFFFFFFFFFFFFFF6D
:10139000FFFFFFFFFFFFFFFFFFFFFFFFFFFFFFFF5D
:1013A000FFFFFFFFFFFFFFFFFFFFFFFFFFFFFFFF4D
:1013B000FFFFFFFFFFFFFFFFFFFFFFFFFFFFFFFF3D
:1013C000FFFFFFFFFFFFFFFFFFFFFFFFFFFFFFFF2D
:1013D000FFFFFFFFFFFFFFFFFFFFFFFFFFFFFFFF1D
:1013E000FFFFFFFFFFFFFFFFFFFFFFFFFFFFFFFF0D
:1013F000FFFFFFFFFFFFFFFFFFFFFFFFFFFFFFFFFD
:10140000824205D051F8043B40F8043B8242F9D8AF
:10141000704700BF044A05494FF0000342F8043BFF
:101420009142FBD8704700BFC0360020A04806207C
:1014300080B5BFF34F8F00F009FA544C544B08208D
:101440005449C3F85401544AC3F800115348C3F82F
:10145000F0405349FFF7D4FF524A53495348FFF72E
:10146000CFFF534CFFF7D6FF4FF470004FF0E02151
:101470000023504AC1F8880D44F823200133B02BD3
:10148000FAD14D4B80214D4A03F8011B9342FBD109
:101490004FF0E0254A4F4B4A4FF0FF31C5F8084D59
:1014A0000026D5F8243D43F4E023C5F8243DFB692C
:1014B00023F07F0343F04003FB617B6A23F07F034B
:1014C00043F040037B629166D1661167516700F07B
:1014D000C5F93D4B63223D49A3633D4BE3630323C1
:1014E0006A613C4AAE612B61C5F8202DD5F8FC2D10
:1014F000394B42F08072C5F8FC2D1A6842F00102A7
:101500001A605B680B6000F06DFB344800F01CFD56
:10151000F96E334B334A41F44051F9661E60C3F80B
:101520000861C3F81861C3F82861C3F83861936B88
:10153000DB0708D442F615632B4951651365936B9D
:1015400043F001039363274A284C936843F0011347
:10155000936000F00DFA00F0A9FC00F0E1FC00F04F
:101560006FFB00F075F92368132BFCD900F000FC29
:101570002368B3F5967FFBD300F06EF900F06AF9AB
:1015800000F0CAFC00F0D4FC30BFFDE70C0D1113D5
:1015900000800D401B10182078FF000000000000A4
:1015A000C0210060C03600203C2101600000002006
:1015B0000034002069CA000000E400E0A0E400E07C
:1015C00000C00F4000C00A4001B80000604606207D
:1015D00005B8000000002020001000E00046C323F2
:1015E0000040084000400D400000C0566446062000
:1015F000054B4FF42A01054A05485A641864054A08
:1016000099639546FFF714FF00C00A40AFAAAAAA43
:10161000070020000000072043690A4A03EB01107D
:1016200010B4037A084C02EB0313D3E901321460BF
:10163000C2681A6003690BB142691A605DF8044B15
:10164000704700BF4422002061F801004369027E18
:1016500003EB021292F808C08C451CD01A7AFF2ABC
:1016600019D0914210B5044616D01A7EFF2A06D032
:101670000121D3E9002312681A4201D1217610BD5D
:10168000064B0522204603EB0C135B681A60FFF73C
:10169000C3FF2176F3E770470021EAE744220020E8
:1016A00043690A4A03EB011010B490F82830084C43
:1016B00002EB0313D3E901321460C26A1A60036BB0
:1016C0000BB1426B1A605DF8044B70474422002056
:1016D00061F801004369427E03EB021292F828C0D0
:1016E0008C451ED093F82820FF2A1AD0914210B5BD
:1016F000044617D093F83820FF2A06D00121D3E9F9
:10170000002312681A4201D1617610BD064B0522F2
:10171000204603EB0C135B681A60FFF7C1FF61768C
:10172000F3E770470021EAE74422002016494269A6
:101730008B6B23F47C0343F4802370B58B630446E6
:10174000124DD2E900130A681A4303690A600222A3
:1017500000211A610E4A19619A6401225A629D623F
:101760004FF43035DD624FF001159E6C1E65196235
:101770009D651A61017EFFF74FFF617E2046BDE83F
:101780007040FFF78DBF00BF00C00F40B80B0505CC
:101790003B3728192B4A0021012310B4C2F8A000BE
:1017A000C2F8A410C2F8B0305369DB07FCD501239E
:1017B0004FF4803423495361C2F8A000C2F8A4401A
:1017C000C2F8B0304B69DC07FCD501234FF400347C
:1017D0001C4A4B61C1F8A000C1F8A440C1F8B03068
:1017E0005369D907FCD50123174C16495361C2F838
:1017F000A000C2F8A440C2F8B0304B69DB07FCD5AA
:10180000D1F8003145F60D5021249AB24C61824244
:1018100014D045F69D518A420CD1C3F34253032B99
:101820000CD0A3F104035DF8044BB3FA83F35B0916
:101830001801704700205DF8044B704708205DF8E0
:10184000044B704700402A4004000300704700BF6B
:10185000704700BF704700BF00BF704710B44FF023
:10186000E023002110243248C3F8941DC3F89C4D96
:101870001124C3F8A00D2F48C3F89C4D1224C3F8BF
:10188000A00D2D48C3F89C4D2C4AC3F8A00D2C4C3C
:1018900042F015022B48C3F89C4DC3F8A00D2A4C0A
:1018A0002A48C3F89C4DC3F8A00D294CC3F89C2DC1
:1018B0002848294AC3F8A04DC3F89C0DC3F8A02DB1
:1018C00002F5A022254C0C322548C3F89C4DC3F8E4
:1018D000A02D244AC3F89C0DC3F8A02D02F140624C
:1018E000214C02322148C3F89C4DC3F8A02D0A3286
:1018F000C3F89C0DC3F8A02D00BF00BF00BF00BF00
:1019000000BF0122C3F8942DBFF34F8FBFF36F8F39
:10191000C3F8501FBFF34F8FBFF36F8FD3F8142D51
:101920005DF8044B42F44032C3F8142D704700BFF9
:101930003F0000102500080709001000A0480620FD
:1019400013002000210002071400002025000813C6
:10195000090000101600202027000B13170000407C
:10196000180000602F000B07190000701A0000809B
:10197000F0B5824B1822824D0120824F83B0C3F80C
:101980005C528149C3F86072804CC3F86452A5F57B
:1019900030457F4EC3F8685248F20C75C3F86C426C
:1019A000C3F87042C3F87442C3F878424FF0FF3472
:1019B000DA661A675A679A67DA67C3F88020C3F84D
:1019C0008420C3F88820C1F82C03724AC1F8300380
:1019D000C1F83403C1F83803C1F83C03C1F850031F
:1019E000B1696D4B0A406D486D4913436D4AB3614F
:1019F000D6F8843043F00C03C6F88430036843F013
:101A00000203036003682B4021251A43664B0260E2
:101A100044608A68654C1340654A43F00053836014
:101A2000C36823F07803C360036A1340234303624F
:101A3000036A13405F4A234340F2056443628262B3
:101A4000C2620022D1F8B83023F03F0343F0010313
:101A5000C0F8B830D1F8BC30574923F03F0343F009
:101A60000103C0F8BC3002610567C0F880404567DB
:101A7000C0F884400224036823F0020303608161FC
:101A80004E4B4F49C46143F8042B8B42FBD1434D6D
:101A90002B6843F001032B602C6814F00104FBD188
:101AA0004549022340F2F5622046A96140F299417E
:101AB000EB6140F26643C5F8002242F20142C5F8EC
:101AC0001032404BC5F82012C5F8303240F2354391
:101AD000C5F834223C49C5F840323C4BC5F8501299
:101AE0003B4AC5F8543242F20123C5F86022C5F8DA
:101AF0006432FFF74FFE0646002836D083024FF4CB
:101B000080222B660123C5F8A040244CC5F8A420F0
:101B1000C5F8B0306369DA07FCD501253705656182
:101B20003846FFF737FE32182A4BD2B21A7078B116
:101B300080024FF4802319496066C4F8A070C4F88D
:101B4000A430C4F8B0504B69DB07FCD501234B61CE
:101B500021490024214801230094401A00EB02523D
:101B60001F4800F0E1F903B0F0BD1D4B194A1860A1
:101B70001070D860C3E9010003B0F0BD00801F40C1
:101B8000F9B00100F910010000841F40F970010054
:101B900000C00F40FFFCFF1F0003008000402A40F0
:101BA00000802A401200FFFFFF37F700400000804E
:101BB00000FFF07CFF000F83F05AF05A00422A40E9
:101BC00000432A409F041830EB06180A063201260B
:101BD0003806180A4D48062000000070000000700A
:101BE0004C4F0420F0B4154A40274FF480314FF495
:101BF00080564FF400554FF4404443F242001369BD
:101C000013F0020F0ED113F4005F0FD013F4805FB6
:101C10000ED0002BF3DA13F4803F0BD15B060BD50B
:101C2000F0BC7047946151619061E8E75561E6E767
:101C30005661E4E79161E2E75761E0E700800D401B
:101C40003F4A03203F49F3EE095AD2F880304FF063
:101C5000000C9FED3D6A23F001039FED3C5A30B428
:101C6000C2F88030C2F89000D1F8E010384DCBB205
:101C7000384C39482B6007EE903A0B0DC1F30B211D
:101C8000F8EEE77A06EE903A07EE101A334BB8EE0C
:101C9000C77A2160F8EEE66A314937EEC66A37EE58
:101CA000C55A76EEC76A77EEE57A26EE266AC3ED68
:101CB000006A25EE265AD2F8803067EEA64AC0EDBB
:101CC000007AC6EE275A274885EE276AC4EEA76A2F
:101CD00075EE875AFCEEE55A36EE076A15EE904A25
:101CE000BCEEC66A43EA045376EE877AC2F88030C7
:101CF00016EE103AD2F89041FCEEE77A01EA034181
:101D0000214317EE903AC2F89011C3F30B03D2F8B7
:101D100090110B431449C2F89031D2F8803043F04F
:101D20000203C2F88030114B80F840C0C1F8403146
:101D30004FF0E023012230BCC3F80821704700BFF8
:101D400000810D4000441F400000AA420000B44240
:101D500048460620444606204C46062050460620AB
:101D60000000FF0F00E400E0003400202DCC000054
:101D7000314B40F6617210B5C3F8202140F20444A3
:101D800000F0DEF82D4A2E49D2F880302D4843F07D
:101D90000303C2F880302C4BC1F8604102681A423C
:101DA00003D1D1F8A8319A071BD0254A4FF0004142
:101DB000244B5963D2F8403143F00203C2F840315A
:101DC000D2F840319B07FBD44FF400304FF0E021B4
:101DD0001C4B4FF00042C1F88C0219209A6300F0AE
:101DE000ABF8184A4FF08040154C002190630A2050
:101DF000164B11604FF42072C4F8A801184600F089
:101E000087F84FF4800203464FF4810040F24311FB
:101E10001860C4F858311A640D4B0E4AC4F84811C2
:101E2000C3F804224FF0E0224FF400310123C2F83E
:101E30000C11C4F8403110BD00800D4000C00F40AF
:101E400000002E4000900D40001C1E0000000020ED
:101E50000034002015CE000008B50E4B1B6E9B070A
:101E600000D4FBBE72B60C4B00200C4AC3F84001F4
:101E700003F160430A49A3F55F2311649D46BFF354
:101E80004F8F4FF400130748074ADB6902609B68D5
:101E9000984700BF00441F4000002E4000C00A4089
:101EA0000300200000802020000012EB104BA02037
:101EB000104AD96E41F4403110B4D96640F237640B
:101EC000D96E41F44071D96654649064936C1B06DA
:101ED000FCD4094A40F23761A02351649364936CA7
:101EE00013F08003FBD1054A13705DF8044B704773
:101EF00000C00F4000400C4000800C4047480620C6
:101F0000F8B500BFF8BC08BC9E4670470000000052
:101F10005FF800F069F900005FF800F0C9FA00000E
:101F20005FF800F051C900005FF800F069DE0000C2
:101F30005FF800F025C700005FF800F041C5000021
:101F40005FF800F085D500005FF800F051C2000096
:101F500045000000310F000019290000412A00004F
:101F6000592A0000712A0000892A0000A12A0000D5
:101F7000B92A0000D12A0000E92A0000012B000044
:101F8000192B0000312B0000492B0000612B0000B1
:101F9000792B0000912B0000A92B0000C12B000021
:101FA000D92B0000F12B0000252C0000552C00003F
:101FB0006D2C0000852C00009D2C0000B52C00002D
:081FC000CD3E000041C100000C
:101FC80080C00F400000000319000000100000004E
:101FD800E8841F4001000000FF000000FF0000002F
:101FE80000000000000000001800000010000000C1
:101FF800E4841F4001000000FF000000FF00000013
:1020080000000000000000001F00000031B60000C2
:1020180070C00F40000C000011000000110000000B
:10202800E0841F40020000002C00000012000000A5
:10203800E0841F40010000001000000011000000B3
:10204800DC841F40020000002D0000001200000088
:10205800DC841F40010000001E00000025B60000BF
:1020680070C00F40C0000000120000001300000004
:10207800D0841F4001000000FF000000FF000000A6
:102088000000000000000000130000001300000022
:10209800CC841F4001000000FF000000FF0000008A
:1020A80000000000000000001C00000019B600003D
:1020B80016035500530042002000530065007200CB
:1020C800690061006C000000180354006500650099
:1020D8006E00730079006400750069006E006F007F
:1020E8000403090409026200030100C032080B005E
:1020F8000202020100090400000102020100052495
:10210800001001052401010104240206052406002B
:10211800010705820310001009040100020A0000EB
:10212800000705030240000007058402400000097B
:1021380004020002FF6AFF00070581024000010750
:10214800050102400001000009026200030100C00D
:1021580032080B0002020201000904000001020219
:1021680001000524001001052401010104240206D0
:102178000524060001070582031000050904010073
:10218800020A000000070503020002000705840296
:102198000002000904020002FF6AC7000705810265
:1021A8000002010705010200020100000A06000200
:0821B800EF02014001000000EC
:1021C000000000000000000000000000000000000F
:1021D00000000000000000000000000000000000FF
:1021E0000548064B1B1AD90F01EBA301491002D079
:1021F000034B03B118477047C0360020C03600209B
:102200000000000008B5054B1BB105490548AFF3B8
:102210000080BDE80840FFF7E3BF00BF00000000FA
:10222000D0450620006401600DF084BD08460DF025
:10223000D5BD00BF0DF0C2BD016070470068044A03
:1022400003681B69934201D10DF074BD184700BFAC
:10225000690000000268136810B41B68054CA342B3
:1022600004D108465DF8044B0DF0B8BD10465DF88A
:10227000044B18476D0000000346042210B441606F
:1022800053F8040B0468194663685DF8044B18475B
:1022900038B50E4D0446206803681B69AB420DD16A
:1022A0000DF048FD0028F6D02068094A03685B69F4
:1022B000934207D10DF082FDC0B238BD9847002887
:1022C000E9D0F1E79847C0B238BD00BF690000000F
:1022D0007500000070B51A4D0446206803681B693C
:1022E000AB4223D10DF026FD0028F6D02068154E14
:1022F00003685B69B3421DD10DF060FD2071206859
:1023000003681B69AB420DD10DF014FD0028F6D017
:10231000206803685B69B3420ED10DF04FFD607118
:10232000A08870BD98470028E9D0F1E798470028B9
:10233000D3D0DBE79847E1E798476071A08870BD8C
:10234000690000007500000070B5314D044620683A
:1023500003681B69AB424DD10DF0ECFC0028F6D0B0
:1023600020682C4E03685B69B34247D10DF026FD0F
:102370002071206803681B69AB4237D10DF0DAFC8D
:102380000028F6D0206803685B69B3423ED10DF0A7
:1023900015FD6071206803681B69AB4222D10DF006
:1023A000C9FC0028F6D0206803685B69B3422BD1D2
:1023B0000DF004FDA071206803681B69AB420DD1CC
:1023C0000DF0B8FC0028F6D0206803685B69B342C2
:1023D00016D10DF0F3FCE071606870BD98470028DD
:1023E000E9D0F1E798470028D4D0DCE798470028E7
:1023F000BFD0C7E798470028A9D0B1E79847B7E70B
:102400009847E071606870BD9847D3E79847C0E788
:102410006900000075000000006803685B681847E9
:1024200000680BF0BBBF00BF00207047704700BFC3
:10243000036818470B680360704700BF0B680360B0
:10244000704700BF704700BF044B10B5044640F80A
:10245000103B08F0CFFB204610BD00BFA01F00209E
:1024600010B504460BF014FF204610BD2DE9F04FC7
:10247000A54D2B782DED028B83B0002B00F0B4809E
:10248000A2490B78002B00F0F880A14BDFF80893ED
:102490001B78002B00F0908199F80030002B00F0A1
:1024A00011829C4B9C4C18789C4B01931B78002804
:1024B00000F02B829A4A002B00F02B82236832F91D
:1024C000236002EB830207EE106AB2F902200133A7
:1024D000DFF8C8E22360934B5A80934C07EE902AB2
:1024E000B8EEC77A914F2478F8EEE77A002C40F0E6
:1024F0007F828F4ADFF8A8C216883A880CEB820CDC
:102500000132DCED006A92B227EE267A3A8067EE5D
:10251000A67A9642BDEEC77AFDEEE77A17EE107AFC
:102520001F8017EE907A5F8000F00783814A92F84F
:1025300000C0814A814C00EB4C06814F54F8268044
:10254000804C3E682468013608EB040A3E604FEA7E
:102550004C075645009700F01F82DEF80040DFF878
:1025600044A2DAF800A0A2450FD1DFF83CA2002473
:10257000CEF800409AF80040C4F101048AF8004007
:102580004FF0010A704C84F800A0DFF820A26F4CD5
:10259000DAF80070247807F1010BCAF800B0002CBB
:1025A00000F0EB816A49096891B16A4C2478002CEB
:1025B00000F0A0825E4C01392488091B8B4507D1AD
:1025C0000121534C2170584C2170002457490C8034
:1025D000009901440846604951F820108E4200F0ED
:1025E0006D821178002414E05C4A117851B15C4886
:1025F0000168182940F207815A494FF40000C1F8D8
:1026000084001370584B1C783CBB4B4A0124454B4B
:1026100011782C7041B13D490020534C1070087066
:102620000121524A2170106023F01F035049BFF36B
:102630004F8F4FF0E022C2F8703F20339942FAD812
:10264000BFF34F8FBFF36F8F4A4A4B4B1279DA7744
:1026500003B0BDEC028BBDE8F08F444801681C2933
:1026600040F2D9803F4A4FF40001C2F8881000219F
:10267000314A19702B4B1178CBE7404B1C78002C5A
:1026800000F0BC8001223E493E480A700278002AD0
:1026900000F0CF803C4E3D4ADFF814C1DFF814E172
:1026A00092ED007B96ED006B394A36EE076B17789A
:1026B000012FFCEEC67B86ED006B17EE902A92B2DE
:1026C0004FEA5208ACF80020AEF8008000F0A98074
:1026D000002F40F0AB802F4F3F88BA4200F2A68017
:1026E00007EE907A0022ACF80070B8EE677B0270BB
:1026F00086ED007B002F40F09C801F7000240E4A66
:10270000084B0C70117884E7534806205448062083
:10271000514806204B480620084606205D48062002
:1027200000002020D84A04204C4806202A480620D1
:102730002E3200207648062063480620884706206F
:10274000344F042068440620644806204948062087
:10275000304F04207348062098460620684806201B
:102760005C46062000800042674806205846062046
:10277000DC4A0420D04A042000800E404F48062046
:102780003332002069480620F0380020E838002065
:102790004E480620304806205E4806202C4F042074
:1027A00008390020604406204A48062004460620D6
:1027B0002E4806203248062099F80030002B69D0B8
:1027C000A04B93F800C0A04B13F80C30002B00F086
:1027D000B5809E4B9E4C01931B789E4A002B00F0C7
:1027E000B58020689C4B52F820201A6001309B4A2B
:1027F000DFF8BCE220601078994A9BE6964B984A35
:102800001C60117805E7974B01311C780160002CA2
:102810007FF423AFF9E60131914A8F4B01601178C3
:10282000F7E6914F3F88BA42BFF45AAF002A3FF40F
:1028300065AF8E4B1B78002B00F06281012B5DD1C0
:102840008B4E96ED008BB0EE480B0DF031FC894BB2
:10285000894A1B88894907EE103A894BB8EEC77B35
:1028600092ED006B27EE007B36EE086BB8FE477BDF
:10287000BDEEC77B86ED006B17EE102A12B20A8000
:1028800011461A80744B84F001041A80744A5980EE
:102890001178BEE67B4B1B78002B5ED06B4BDFF8CC
:1028A00010E201931B78784A002B5ED0DEF800001E
:1028B000694B52F820201A600130684ACEF80000B7
:1028C000107833E66F4B1B784BB3604BDFF8E0E1D9
:1028D00001931B786C4A53B3DEF8003032F92300C1
:1028E00002EB830207EE100AB2F902200133CEF8A0
:1028F00000305A4B1878584B5A80EEE55F4A604BCF
:10290000B2F90020B3F90010BCE7604A002B7FF455
:10291000D5AD236832F9132007EE102AD7E54B4BCB
:10292000DFF88CE101931B78594A002BD4D1DEF8F3
:10293000003032F9132007EE102AD7E7434B444CFE
:1029400001931B78514A002B7FF44BAF2068424B18
:1029500032F910201A805A8048E73C4BDFF850E1EA
:1029600001931B784A4A002BA0D1DEF800003A4BB5
:1029700032F910201A805A809EE7464F3F7807BBF5
:10298000009F07443846444F57F820E076457FF4CF
:1029900038AF002028703FE6DFF8E8B04FF0000ABB
:1029A000CEF8004089F800A09BF800A0CAF1010A07
:1029B0008BF800A04FF0010BDFF8F8A08AF800B008
:1029C000CDE5009F07443846334F57F820E03348A1
:1029D0000088AEEB000001388642D7D10120304F8D
:1029E000DFF8D4C038708CF800002E480480CDE7A2
:1029F0002A4A2D4E14883A88A4EB020C013206EBC9
:102A00008C0692B256ED016A94423A8027EE267AFD
:102A100067EEA67ABDEEC77AFDEEE77A17EE106A8A
:102A20001E8017EE906A5E807FF480AD00221C4C01
:102A300022701E4C22700124094A1470014C94F833
:102A400000C077E576480620EC4506205D48062064
:102A50000846062000002020D84A04204B480620C3
:102A60006348062067480620304806206A4806204A
:102A7000F83800203248062000390020344806206B
:102A8000364806204A480620484C022080A92320C8
:102A90004858002073480620984606202E32002011
:102AA000514806202A4806200839002052480620AE
:102AB0002C4F0420644806204C4806202649C1F8C3
:102AC000008001990978002940D0244951F82C60F0
:102AD000234F01204FEA880100243E60214E89F8EF
:102AE00000003070204ECEF8004031601F49087061
:102AF00011788EE58B457FF66BAD0121117067E58E
:102B00001B4F0EF0BBFF1B4E3B881B4C90FBF3F2A0
:102B100002FB130332889B1A23800EF0AFFF3B8821
:102B20003688B4F900202C7890FBF3F101FB1301F7
:102B3000124B891B09B21980A4E6114A1470114A7C
:102B40001470114A92F800C0104AF3E4034951F896
:102B50002C607600BCE700BF344F042038470620C5
:102B6000084606204A4806200046062064480620FB
:102B70002E480620324806203448062036480620D3
:102B80005148062052480620764806206348062011
:102B900010B504460AF096FE204610BD836C13B1B2
:102BA000184605F075BFC06C08B103F02DBC4FF09E
:102BB000FF307047836C53B1187810F008000DD0C7
:102BC000D8695B69C01A48BF6FF000407047C36C9A
:102BD000A3B193F8310010F0080000D170471869D4
:102BE00019685A69401A5B6862EB0303B0F1004F41
:102BF00073F10003F2D36FF0004070471846EDE721
:102C0000836C00B583B063B101220DF10701184652
:102C100005F06AFE01280CD19DF8070003B05DF8AD
:102C200004FBC06C28B101220DF1070103F01CFB6D
:102C3000F0E74FF0FF30F1E7836C13B1184606F070
:102C4000CBB9C06C08B104F03DB87047836C13B1C8
:102C5000184606F06DBAC06C08B104F017BB704797
:102C600000B5836C83B08DF8071043B101220DF1DC
:102C70000701184606F05CFA03B05DF804FBC06C6F
:102C80000028F9D001220DF1070104F0FFFA03B08A
:102C90005DF804FB1E491F4BCA6F42F44022CA670D
:102CA0009A68002A32DBD3F88820002A2EDB1A48E3
:102CB00001F57C21012201F5806110B40324C0F8E4
:102CC0002841C0F8244100244FF08440C1F89021ED
:102CD000C1F8A4211C661149DA6018614FF48030F4
:102CE000586199610E49D961C3F8E0404FF0007412
:102CF000C3F88C200B4AC3F89040C3F894005DF8E9
:102D0000044BC3F89820C3F89C107047704700BF6D
:102D100000C00F400040384000801F401B1F0100D2
:102D2000001F1F1F1A1F010038B5224C0121224D20
:102D300020460AF063FDFFF7ADFF204B032020493A
:102D4000204AC3F880016FF0030023681960002156
:102D50005A600222D8602079DA829A60DA83996117
:102D60009A8302B21D619982174B184D43F82210C5
:102D7000174943F8221003F5261316492279C8761D
:102D80000120D3F8881002F1100C134C41F01041CF
:102D9000C3F8881002F01F019D60104B00FA01F18A
:102DA0000F4D03EB521344F82C509B0019600D4B50
:102DB000D05438BDD04A04202240384000801F4003
:102DC000D84A04200200010100C00E40010000901A
:102DD0001400008000800E4000340020403800388D
:102DE000AD02000000E400E0104B1B784BB1104A2C
:102DF000137853B90F4810490380012313700B70E7
:102E000070470E4B01221A7070470B490B78002B4C
:102E1000F3D108480A4BB0F800C01B88A3EB0C03A1
:102E20000380012313700B70704700BF73480620A6
:102E3000514806202A4806204C48062063480620B0
:102E40002E32002000222DE9F0471046114E124D7F
:102E50001346124CDFF848A0DFF84890DFF84880AE
:102E6000114645F83320524405EBC30E04EBC30C66
:102E700001EB090744F833200133414446F8040FBD
:102E8000142B00F6B830CEF80470CCF80410E7D15B
:102E9000BDE8F0873447062088470620984606207C
:102EA00000E4570000DD6D0000C1C50030B4144DD2
:102EB000144C2B6821688B4204D21A4642F8040B4A
:102EC0008A42FBD323F01F03BFF34F8F4FF0E02262
:102ED000C2F8703F20339942FAD8BFF34F8FBFF347
:102EE0006F8F2B68216803E01A680433824204D193
:102EF0008B42F9D3012030BC7047002030BC7047B2
:102F000054440620584406202E4B9A6C30B5ADF53B
:102F10000D7D002A51D02C4807F06CFE1A212B4859
:102F20002B4D0CF071FF2B480BF028FA294B0CAA03
:102F3000D5F88C1401A807F0A1F8044690B305F564
:102F400092640023FF221946204685F8C83485F88C
:102F5000BC2409F077FC2046C5F88C4408F0D4FE68
:102F600058B11B2100241C480CF04EFF19480BF0EF
:102F700005FA20460DF50D7D30BD0123D5F88C14E2
:102F800028461A4607F0DEFE04460028E9D01E2136
:102F900012480CF039FF0F480BF0F0F920460DF500
:102FA0000D7D30BD15210E480CF02EFF09480BF0A9
:102FB000E5F920460DF50D7D30BDDB6C002BAAD167
:102FC000ACE700BFF8490420084A0420781B002021
:102FD0001C45042060290020CC1B0020AC1B0020D5
:102FE000941B00203C493D4A3D4B48681268A3FBB6
:102FF000023210B5920C642404FB02F24B681B1AD7
:103000009A42FBD83748FFF719F90128044622D025
:1030100041213448FFF71EF906213248FFF72CF909
:1030200004213048FFF716F904222F492D48FFF7F5
:10303000F3F901212B48FFF70DF923212948FFF768
:1030400009F914212748FFF705F900212548BDE8B3
:103050001040FFF7FFB82348FFF71AF9FF28D7D130
:1030600041212048FFF7F6F806211E48FFF704F932
:1030700004211C48FFF7EEF804221A481A49FFF70A
:10308000CBF921461748FFF7E5F823211548FFF74C
:10309000E1F814481421FFF7DDF821461148FFF745
:1030A000D9F810485621FFF7D5F821460D48FFF70B
:1030B000D1F821460B48FFF7CDF876210948FFF7F4
:1030C000C9F80A4B07481978FFF7C4F800210548EA
:1030D000BDE81040FFF7BEB8001000E00C2900204A
:1030E00083DE1B43E84904200C32002048480620B8
:1030F00010B5244A0024244924480EF0EDF9244850
:10310000244B2549C0F8A4342923C0F89014072182
:1031100080F8AD34214B1B4AC0F88044C0F8844489
:10312000C0F88C44A0F8984480F8B14480F8B844C2
:10313000C0F8A81480F8C8441949C0F89C340EF0AF
:10314000CBF91848184B4FF47A710E4A036044606B
:10315000047381601549C0E912440EF0BDF921469F
:1031600013480AF04BFB074A124911480EF0B4F914
:1031700011491248FFF760F811491248BDE81040A4
:10318000FFF75AB89C2D0020A1020000C831002092
:103190001C45042000093D00BC210020C41F002064
:1031A0006D020000F8490420B820002089020000C8
:1031B000D04A0420D109000060290020F0490420F1
:1031C00070290020E8490420F8B5CF28184B194C85
:1031D0004FF00106187028BFCF209A273D2100F13B
:1031E0003005204684F8A570EDB284F8306184F88B
:1031F0002F610AF043F9294620460AF03FF931468B
:1032000020460AF013FA3E21204684F8A57084F87F
:10321000306184F82F610AF031F9294620460AF01E
:103220002DF931462046BDE8F8400AF0FFB900BF4D
:1032300031320020D029002070B5B8B9174D0126D1
:10324000C02304463146284685F8A53085F830610C
:1032500085F82F610AF012F9214628460AF00EF986
:1032600031462846BDE870400AF0E0B90B4C012514
:10327000C0262946204684F8A56084F8305184F899
:103280002F510AF0FBF8314620460AF0F7F829469C
:103290002046BDE870400AF0C9B900BFD02900201F
:1032A0002DE9F041EC4C01259A260221204684F8B4
:1032B000305184F8A56084F82F510AF0DFF810210E
:1032C00020460AF0DBF8294620460AF0AFF92946E5
:1032D000204684F8A56084F8305184F82F510AF014
:1032E000CDF8112120460AF0C9F8294620460AF0F7
:1032F0009DF90221204684F8A56084F8305184F8B5
:103300002F510AF0BBF8002120460AF0B7F82946F1
:1033100020460AF08BF90221204684F8A56084F843
:10332000305184F82F510AF0A9F8102120460AF0F4
:10333000A5F8294620460AF079F90821204684F8A4
:10334000A56084F8305184F82F510AF097F82C21A9
:1033500020460AF093F8294620460AF067F95221E0
:10336000204684F8A56084F8305184F82F510AF083
:1033700085F8022120460AF081F8294620460AF005
:1033800055F95321204684F8A56084F8305184F81B
:103390002F510AF073F8022120460AF06FF82946EF
:1033A00020460AF043F95521204684F8A56084F8A8
:1033B000305184F82F510AF061F8022120460AF0BA
:1033C0005DF8294620460AF031F95621204684F856
:1033D000A56084F8305184F82F510AF04FF800218D
:1033E00020460AF04BF8294620460AF01FF9092129
:1033F000204684F8A56084F8305184F82F510AF0F3
:103400003DF8112120460AF039F8294620460AF0F5
:103410000DF90C21204684F8A56084F8305184F819
:103420002F510AF02BF8032120460AF027F82946ED
:1034300020460AF0FBF82821204684F8A56084F88D
:10344000305184F82F510AF019F8002120460AF073
:1034500015F8294620460AF0E9F82521204684F887
:10346000A56084F8305184F82F510AF007F87D21C7
:1034700020460AF003F8294620460AF0D7F804212E
:10348000204684F8A56084F8305184F82F5109F063
:10349000F5FF0021204609F0F1FF294620460AF0F9
:1034A000C5F80E21204684F8A56084F8305184F8D0
:1034B0002F5109F0E3FF3021204609F0DFFF2946B4
:1034C00020460AF0B3F8654B654A1B68934200F04A
:1034D000248100F2CB804AF64442934200F0E3801C
:1034E0004BF6803293423CD12021204684F8A560DF
:1034F00084F8305184F82F5109F0C0FF072120468D
:1035000009F0BCFF294620460AF090F82121204608
:1035100084F8305184F82F5184F8A56009F0AEFF8B
:103520003F21204609F0AAFF2946204601250AF03E
:103530007DF84C4B1B78002B40F0A8809A23562135
:10354000454884F8A53084F8305184F82F5109F0AB
:1035500095FF0421404809F091FF29463E480AF0B2
:1035600065F801259A2613213B4884F8A56084F864
:10357000305184F82F5109F081FF2946364809F06F
:103580007DFF294634480AF051F813213248DFF80C
:10359000D88084F8A56084F8305184F82F5109F060
:1035A0006DFF00212C4809F069FF29462A480AF0DE
:1035B0003DF898F800703D212748303784F8A56021
:1035C00084F83051FFB284F82F5109F057FF224898
:1035D000394609F053FF29461F480AF027F898F8A2
:1035E00000703E211C48303784F8A56084F83051C3
:1035F000FFB284F82F5109F041FF1748394609F00E
:103600003DFF294614480AF011F84121124884F878
:10361000A56084F8305184F82F5109F02FFF002164
:103620000D4809F02BFF29460B4809F0FFFF022146
:10363000094884F8A56084F8305184F82F5109F0C6
:103640001DFF0021044809F019FF29460248BDE882
:10365000F04109F0EBBF00BFD02900201432002058
:10366000007701003C48062031320020364A934260
:103670007FF477AF2021204684F8A56084F830518C
:1036800084F82F5109F0FAFE294638E79A2356218B
:103690002E4884F8A53084F8305184F82F5109F071
:1036A000EDFE0C2156E72021204684F8A56084F821
:1036B000305184F82F5109F0E1FE0721204609F02E
:1036C000DDFE2946204609F0B1FF2121204684F87D
:1036D000A56084F8305184F82F5109F0CFFE3F21C6
:1036E000204609F0CBFE2946204609F09FFF184BE3
:1036F000562120461B7884F8A56084F8305184F860
:103700002F51B3B109F0BAFE2046282109F0B6FEC8
:103710002946204609F08AFF23E72021204684F825
:10372000A56084F8305184F82F5109F0A7FE0321D9
:10373000E5E609F0A3FE2046202109F09FFE294678
:10374000204609F073FF0CE700EE0200D0290020AC
:103750003C480620A14BA249A24AA348F0B52DED52
:10376000028B1B784FF0E04495B0A04E03F5E06368
:1037700004601E209E4F1B0502250B604FF47A73D8
:10378000012193600BF076F8012121200BF072F8F3
:1037900000211E200BF032F8002121200BF02EF822
:1037A00000231C463370022128460BF063F807EE15
:1037B000904AB0EE000B0134B8EEE71B0CF0B8FCF9
:1037C0002846B0EE408B0BF043F8337806EE100A33
:1037D0000021284607EE103AB8EEC66BB8EEC77B5C
:1037E000A6EE087BFCEEC77B17EE903A33700BF029
:1037F00041F8052C02D017F8015FD4E73378012790
:103800007C4CC025C3F11F033370FFF78DFA2046AF
:103810000EF082FC84F8A5503946204684F83071B9
:1038200084F82F7109F02AFE0021204609F026FEB7
:103830003946204609F0FAFE6F4B84F8A550022164
:103840001D78204684F830713F2D84F82F7128BFF1
:103850003F2509F013FE20462946002509F00EFEFB
:1038600039462046654C09F0E1FEFFF719FD644B2F
:103870002A466449644804F592661D700AF0A2F96C
:10388000FFF7E0FAFF232946304684F8C85484F84D
:10389000BC3408F0D7FF3046C4F88C6408F034FA22
:1038A000002860D13B463A46D4F88C14204607F0F5
:1038B00049FA564BD4F880241870002A5AD00020B8
:1038C0006D461146012300902846514A04F092FFAC
:1038D000002878D1284640F202234D4A474907F094
:1038E000A3FA4C4D04A905F11000DDE90123C5E957
:1038F00001239DF80C302B7307F022F9464B04A8E6
:10390000009307F077F9A86C002844D0434904F0ED
:10391000C5FF002848D10020414F424E387033780F
:10392000CBB94149414A09784148525CAB6C02EB42
:10393000410250F822108900002B3DD0184605F0B6
:103940001BFA3C4B01221A7015B0BDEC028BBDE88E
:10395000F040FFF7A5BCD4F88C040368DB689847F7
:103960000028DCD1DDE72846284BD4F880241870E5
:10397000002AA4D1D4F884146D460029AAD00C9250
:103980000123234A284603F013F80028A2D0284632
:1039900003F072F89EE7E86C0028BCD01F4A0023B1
:1039A00003F018FA0028B6D01D4F0123A86C3B7015
:1039B00068B105F011FBB0E7E86C0028C1D00A46F9
:1039C00002F038FDBDE7284606F040F882E7E86CD3
:1039D0000028A2D003F076F99FE700BF4D480620EB
:1039E00058440620602900205444062048480620F8
:1039F000741D0020D0290020323200201C450420F4
:103A000050480620F406140070290020594806206A
:103A100044260020F8490420A01F00200080EE3634
:103A2000464806205F48062076480620EC450620DA
:103A3000884706203C480620F8B54D4D2B78002BD2
:103A400078D0012B5CD04B4C23784B4AD25C002AB7
:103A500055D04A4A59004A48D25C4A4D02704A48F9
:103A600000EB4300845C02EB430055F82000474D17
:103A70002860474D2C70002C54D1464C41F2707791
:103A80004FF47A4654F823506D00434B8000DFF822
:103A900064E10B441144CEF80050404D9A5C2F6015
:103AA0003F4B003A3F4D53F821C04FF001032E60C9
:103AB0004FF000013C4D18BF01223C4C2B703C4D97
:103AC00029603C4D29603C4908603C490B703C49E9
:103AD0000B703C490B703C490A703C4AC2F800C06C
:103AE0002278002A2DD13A490978002939D139495B
:103AF0000120394B002208701A6001232370F8BDA1
:103B0000364C204609F080FF0028FAD0334809F0EF
:103B1000CDFF184C29782070012995D12F480AF043
:103B20002DFA91E71B4C40F6B8374FF4FA4654F89B
:103B30002350AAE70F4C2A48FEF7AAFB29782070E9
:103B4000EAE7284B1B78002BD7D0274B1A782AB1ED
:103B50002649274A08881288121A0A8000221A70F9
:103B6000CBE7204820490370204B0A701A80BEE73B
:103B70005C4806207648062084460620EC45062050
:103B80004B480620884706205C430620344F04201B
:103B90005D480620384706202C440620684406204D
:103BA0008C430620604406204A48062054480620DC
:103BB0002C4F0420044606200046062064480620B8
:103BC0005E4806205348062049480620304F04200E
:103BD00073480620684806205C46062070290020AD
:103BE000F0490420514806204C4806202A48062067
:103BF0002E320020084606201B4810B509F004FFAD
:103C0000002800DC10BD184809F050FF1749C0B269
:103C1000174A01235828087013701CD009D82A2885
:103C20001DD05028EED1134ABDE810401370FFF7A5
:103C300003BF7828E6D10C4C204609F0E5FE0028A9
:103C4000FAD0094809F032FF0B4BC0B20B4A1B787F
:103C500010708342D6D1BDE81040FFF7C5B8084BBD
:103C600000221A7010BD00BF702900205B4806209A
:103C70005C4806205A4806207648062075480620EB
:103C800065480620000000002DE9F04FAE4D0022EF
:103C9000AE4C9BB02B782270002B00F08C80AC4B8C
:103CA0001B7823B1AB4E3378002B40F079812B7811
:103CB000002B7DD0DFF8DC92A74BD9F800201B68E1
:103CC0009A4275D2013B9A4200F0CC814FF4FA330C
:103CD000A24A13600CF02EF80028FBD09F4B002462
:103CE0009F4ED3F800B09F4FD6F80080DFF8A8A20F
:103CF00007E03168DAF80800A1EB0801814280F0A2
:103D00000382ABEB040138190BF082FF0444A34596
:103D1000EFD8954E954F3460954C2378002B40F0AA
:103D2000C081944FDFF87482BB6CD8F80010002B70
:103D300000F0F681184605F01FF88C4A2378002B16
:103D400040F0B881854BB86C1A68002800F0E0811B
:103D5000844905F0EDF9854A2378002B40F09781DE
:103D6000D9F800407CB9844B844A1B78D35C002B83
:103D700040F0E781824B42F6E06282481B68794955
:103D800018440AF0B7FD754B31681A68D8F800304E
:103D90008A421344C8F8003002D07B4B00221A70CC
:103DA0006D4B01341B68C9F800409C4200F0DD8176
:103DB0001BB0BDE8F08F754803F0FF06FEF73EFA32
:103DC000002840F09A81724B1B78002B00F03B8159
:103DD000207800283FF463AF782800F24A81232836
:103DE0007FF65DAF243854283FF659AF01A353F84E
:103DF00020F000BF89270000DF1A0000B92500006D
:103E0000DF1A0000DF1A0000DF1A0000512700004F
:103E100089260000DF1A0000DF1A0000DF1A000008
:103E2000DF1A0000DF1A0000DF1A0000DF1A0000AE
:103E3000DF1A0000DF1A0000DF1A0000DF1A00009E
:103E4000DF1A0000DF1A0000DF1A0000DF1A00008E
:103E5000DF1A0000DF1A0000DF1A0000DF1A00007E
:103E6000DF1A0000DF1A00007B240000DF1A0000C8
:103E7000DF1A0000DF1A00004B2400006925000053
:103E800017250000ED2400009F240000DF1A000029
:103E9000DF1A00008722000057220000FF210000E7
:103EA000DF1A0000F9210000DF1A0000DF1A00000D
:103EB000B721000007210000DF1A0000EB200000FE
:103EC000C520000031200000DF1A0000372000006C
:103ED000DF1A0000DF1A0000DF1A0000DF1A0000FE
:103EE000DF1A0000DF1A0000DF1A0000DF1A0000EE
:103EF000DF1A0000DF1A0000DF1A0000DF1A0000DE
:103F0000DF1A0000DF1A0000DF1A0000DF1A0000CD
:103F1000DF1A0000DF1A0000DF1A0000DF1A0000BD
:103F2000DF1A0000DF1A0000DF1A0000DF1A0000AD
:103F3000DF1A0000DF1A0000DF1A0000DF1A00009D
:103F4000DF1A000005200000624806205B480620BA
:103F50005448062064480620144506206C46062076
:103F6000644606205C4F04200C4506201C450420B6
:103F70005F480620F849042055480620EC450620F5
:103F8000884306200000202065480620F0490420D0
:103F90006B4806205C4406206029002084430620EC
:103FA0009D4B02A908A89D4C009306939C4B02933D
:103FB000FEF740FA06A940F2AF429A480AF0E6F846
:103FC000069B08A8DB689847009B02A8DB68984717
:103FD00000233370944E2378002B40F08580934F5C
:103FE000934EBB6C3168002B00F0B884184604F087
:103FF000C3FEDFF834822378002B6DD18D4B1B7804
:10400000012B00F09580B86C002800F0A4804FF4DC
:10401000FA32894904F068FC834F2378002B53D18E
:10402000864B1A781AB9326802F5FA3232600021EA
:104030002A781970002A7FF4BBAE7A481BB0BDE81D
:10404000F04F0AF025B97E4809F0DEFC00287FF722
:10405000BFAE7B4809F02AFD7A4BC0B20122207026
:104060001A70B6E6784B1B68002B08BF4FF4FA3382
:104070002EE6F32800F08884FF287FF410AE714B01
:104080001B78012B7FF40BAEFEF7ACFF07E6D2F8EE
:104090008C040368DB689847634A00287FF45CAEB1
:1040A0005EE6D7F88C040368DB68984700287FF445
:1040B00034AE36E6D2F88C040368DB6898475A4A77
:1040C00000287FF43BAE3DE6D7F88C040368DB683C
:1040D00098470028A1D1A3E7D8F88C040368DB68CF
:1040E0009847002887D189E7D6F88C040368DB68F5
:1040F000984700287FF46FAF71E75448FEF7C8F87F
:10410000504B20701E7064E601238AF80C3000E6E4
:10411000F86C00283FF41FAE4D4903F0B7F81AE6DB
:10412000F86C00283FF409AE0A4602F083F904E671
:10413000B86C00283CD04FF4FA32464904F0D4FB66
:104140006AE7454B42F6E06244481B684049184420
:104150000AF0D0FB17E6F86C00283FF45DAF4FF48F
:10416000FA32354902F080F856E7B86C002800F0C2
:10417000FE8304F031FF002800F00084384B1878EB
:104180000021384B384A1B7829700121D1540BF09B
:1041900025FE0BF06DFE354B354A4FF47A711B78D6
:1041A0009160002B40F00384324B00221A70FFE52F
:1041B000F86C00283FF430AF4FF4FA32254902F092
:1041C00053F829E71F4B1B78002B00F030841C4C60
:1041D000204609F019FC0028FAD0194809F066FCBD
:1041E000C0B2254B254A1B78107083427FF457AD2F
:1041F000FEF7FAFD53E5134B1B78002B7FF44FAD10
:104200001248FEF7A1F81E4B024601210F481A6022
:10421000FEF720F843E500BF242200205F48062077
:10422000391A0000C83100201C450420F849042038
:10423000004606204A480620484C02205A480620DC
:10424000702900205C480620E8450620F04904203B
:104250005C4F0420485800208843062080A9232072
:104260006548062055480620BC450620343200200B
:10427000602900206B4806207648062075480620F5
:10428000104506207C4C2378002B40F0A1837B480E
:10429000FDF7FEFF7A4A23781070002B7FF4FFAC05
:1042A00001217648FDF7D6FFF9E4734B1B78002B0C
:1042B0007FF4F5AC01217148FDF7DEFF06216F4860
:1042C000FDF7DAFFEBE46C4B1C78002C7FF4E7ACD5
:1042D0006C4B6D4E18780BF081FD01234FF055307B
:1042E0003370FEF7E3FD00B934704FF03330FEF762
:1042F000DDFD00B930704FF00F30FEF7D7FD00B98B
:1043000030704FF0FF10FEF7D1FD00B930704FF65E
:10431000FF70FEF7CBFD00B930704FF0AA30FEF70A
:10432000C5FD00B930704FF0CC30FEF7BFFD00B9CD
:1043300030704FF0F030FEF7B9FD00B930704FF03B
:10434000FF20FEF7B3FD00B930705048FEF7AEFD18
:1043500000B930704FF0FF30FEF7A8FD00B93070A3
:104360000020FEF7A3FD002800F075833478204676
:104370000BF034FD93E4404B1B78002B7FF48FACA3
:10438000434C3E48FDF7E0FF2060FEF789FF94EDC7
:10439000007A404A0121B8EE477B3F4B374892ED07
:1043A000004B9FED335B87EE046B85EE067B83ED60
:1043B000007BFDF74FFF72E4FFF73EFB6FE42E4CEE
:1043C0002378002B40F02B832C48FDF783FF334BE1
:1043D000334A1880137823B9324B00260027C3E9EB
:1043E0000067314B1B68002B40F0F6822F4B07EE25
:1043F000900A41081880B8EE677B2D4B19802D4B31
:1044000083ED007B002840F01F8310702378002B81
:104410007FF445AC44E7184B1C78002C7FF43FAC8C
:104420001648FDF757FF244BB0F5FA6F188000F2DD
:104430001483820021491148FDF7F2FF01210F4842
:10444000FDF708FF2BE40C4B1B78002B7FF427AC07
:104450001B4B01221A700BF06DFC0028FBD0194E8B
:104460000024194FDFF86490D6F8008038E000BFD0
:10447000112D4454FB2119405C480620F0490420CA
:104480006A4806204D480620584806200000FFFFD5
:104490001432002000290020003900203048062076
:1044A0004F480620F8380020104506202E480620E8
:1044B00032480620F03800202E3200200839002033
:1044C00065480620644606205C4F042060290020D1
:1044D0003368D9F80820A3EB0803934280F0B78231
:1044E000C4F10B0138190BF093FB04440A2CEFD9EB
:1044F0003978AF4AAF4B11705B5C7A78C3F1010336
:10450000D7F80340002AAC4ADBB214BF01200020D8
:1045100002EB4102D054A948A94A037002EB4102C0
:10452000B878D05403EB4100A64A42F820400CBFB3
:1045300002220422A44813294FEA410402703FF6E4
:10454000AEABD7F807201C4400784FF4FA3E9F4BDF
:1045500002FB00F053F8246007EE900A9C4B9FED9D
:104560008E6BB8EE675B53F8217001239949BF0049
:1045700085EE067B2B700B70974B93F800C0BBFE4B
:10458000477BFCEEC77B17EE903A0EFB1301DFF87A
:10459000B0E24EF824203244DFF8A8E2002918BF28
:1045A0000133B6004EF824208C4A42F824008C4A8D
:1045B000C2ED007A8B4A116000218B4A13608B4B4D
:1045C0008B4A1F608B4B1160C8221E608A4B9A6019
:1045D000BCF1000F3FF463AB884B02A9884A08A8DE
:1045E000009306930292FDF725FF40F2AF4206A921
:1045F000844809F0CBFD069B08A8DB689847009B20
:1046000002A8DB689847FFF74ABB7F4B1C78002C59
:104610007FF445AB7D48FDF73BFE00387C4B4FF007
:10462000010118BF012018707848FDF713FE794A80
:10463000794B14801C70FFF732BB734B1B78002B37
:104640007FF42DAB7148FDF723FE744B1870FEF715
:10465000BBFD01216D48FDF7FDFDFFF720BB6A4B57
:104660001B78002B7FF41BAB6D4B68481978FDF766
:10467000F1FD10216548FDF7EDFD14216348FDF7BC
:10468000E9FD664B61481978FDF7E4FD654B5F482D
:104690001968FDF7F1FD1E215C48FDF7EDFD4FF4B3
:1046A000FA615A48FDF7E8FDFFF7F9BA564B1B7857
:1046B000002B7FF4F4AA5548FDF7EAFD00385A4B69
:1046C00018BF01201870FEF7B7FD01214F48FDF714
:1046D000C1FDFFF7E4BA4C4B1B78002B7FF4DFAA37
:1046E0004A480126FDF7D4FD504B514C074618703F
:1046F000C0230221204684F8A53084F8306184F874
:104700002F6108F0BBFE3F2F3946204628BF3F21CE
:1047100008F0B4FE3146204608F088FF31463B4899
:10472000FDF798FDFFF7BBBA374C2378002B40F01C
:104730007A813648FDF708FE07EE900A39493D4A6E
:10474000B8EE675B237810603B4A9FED157B9FEDC9
:10475000164B85EE076B91ED007A3849B8EE477B32
:1047600087EE065B81ED006B84EE057B82ED007BBE
:10477000002B7FF494AA93E52448FDF789FD031EDE
:10478000154A4FF0010118BF012320481370FDF7AF
:1047900061FDFFF784BA00BF000000000040FF4049
:1047A0000000000000408F40112D4454FB211940AF
:1047B00055480620EC4506205C4306205648062056
:1047C0002C4406208C4306205748062088470620A4
:1047D000384706206B480620343200201845062052
:1047E00064440620E8450620144506208843062038
:1047F0005C440620844306206029002024220020F7
:10480000391A0000C83100205C480620F049042015
:10481000734806202A4806204C48062031320020E2
:1048200050480620143200207448062032320020FE
:10483000D0290020B845062000390020002900209A
:104840006C44062098460620DFF86092FEF75CFB79
:10485000894A40F20223894989F8000006A806F037
:10486000E3FA874F079B0AA907F110007B60089BBA
:10487000BB609DF824303B7306F062F9814B0AA8B7
:10488000069306F0B7F9B86C002800F095807E49D1
:1048900004F004F8002800F09880DFF81482012367
:1048A000B86C88F80030002800F0DD8004F094FB3C
:1048B000064688F80060754C704E2378002B6ED148
:1048C000734B1A78734B9B5C03EB4203724A52F8AA
:1048D0002310BB6C8900002B00F0AE80184604F05A
:1048E0004BFA99F800000BF079FA98F800000BF0F9
:1048F00075FA002369496A4A0B611361C1E9003303
:10490000C1E90233C2E90033C2E90233FFF7C7B994
:10491000644B00275F4A0126604903F1140413F831
:10492000010F28B110780E70C0F101001F701070D7
:104930009C4202F1010201F10101F0D15A4B1B78B6
:10494000002B7FF4ACA9ABE4584B18780BF046FA77
:10495000574B18780BF042FAFFF7A1B9F86C002812
:104960003FF447AB0A4601F065FDFFF742BBF86C28
:1049700020B102F0A7F900287FF400AC00234D4AD3
:1049800018461370FFF7FCBB474B1B78002B7FF4D6
:1049900086A9F4214848FDF75DFCFFF780B9D6F8F9
:1049A0008C040368DB689847002886D188E7434871
:1049B00009F06EFCFFF7F8BBF86C30B1324A002307
:1049C00002F008FA00287FF468AFDFF8E48070E7AF
:1049D0003B48FDF75DFC5DE407EE903A394B06EE8F
:1049E000900A39491B88B8EE677BB8EE666B05EE16
:1049F000903A83423548B8EE655B2CBF0023012313
:104A000036EE456B81ED005B86EE075B0121117090
:104A100001702F4A2F490B7082ED005BF6E42848A5
:104A2000FDF758FCD3E42648FDF78EFC84E62248C7
:104A3000FDF72EFCFFF7D5BBF86C00283FF451AF13
:104A40000A4601F0F7FC4CE701231370DEE4012372
:104A500089F80C304CE5307089E421461648FDF7A2
:104A6000F9FBFFF71CB9F86C00283FF422AF02F005
:104A700029F906461DE700BF442600201C450420F6
:104A8000F8490420A01F00200080EE365F48062071
:104A900076480620EC4506208847062084460620F6
:104AA000BC450620BB4506205C4806205948062028
:104AB0004648062065480620F0490420C8310020F9
:104AC000E84904202E480620F038002069480620D6
:104AD000E83800204E480620024A034903480CF0FB
:104AE000FBBC00BF9C2D0020D1090000144C042009
:104AF00030B482B00C4602AB03E90600C37C002B45
:104B000030D072B6C37CDA0708D54FF0E021456992
:104B1000D1F880212A408262C1F880219D0708D502
:104B20004FF0E0218569D1F884212A40C262C1F8A2
:104B30008421590708D54FF0E021C569D1F88821B3
:104B40002A400263C1F888211A0708D54FF0E021F6
:104B5000056AD1F88C212A404263C1F88C21DB061A
:104B60002FD462B683689C4235D0224B84609B6907
:104B7000214AC3F30111C3F3826352F821100133B8
:104B8000B1FBF3F2CCB1944227D8B2FBF4F3B2FB01
:104B9000F3F294422CD3B3F5817F20D3174CC46039
:104BA000036803220020019918615A6201221C64E3
:104BB00019661A6102B030BC70479942EFD3531C9A
:104BC000E9E74FF0E022416AD2F890310B4083636D
:104BD000C2F89031C5E7C468E2E70024DFE7022BA2
:104BE000FBD9023B5A08140244EA02441C43D6E7AC
:104BF0001A46E4E700C00F4034220020FF7F7F0008
:104C0000024A034903480CF067BC00BF9C2D0020FA
:104C1000D10900008C4B0420024A034903480CF0E0
:104C20005BBC00BF9C2D0020D1090000144B042068
:104C3000024A034903480CF04FBC00BF9C2D0020E2
:104C4000D10900002C4B0420024A034903480CF010
:104C500043BC00BF9C2D0020D1090000944B0420D0
:104C6000024A034903480CF037BC00BF9C2D0020CA
:104C7000D10900009C4B0420024A034903480CF070
:104C80002BBC00BF9C2D0020D1090000B44B042098
:104C9000024A034903480CF01FBC00BF9C2D0020B2
:104CA000D10900001C4B0420024A034903480CF0C0
:104CB00013BC00BF9C2D0020D1090000344B042000
:104CC000024A034903480CF007BC00BF9C2D00209A
:104CD000D1090000A44B0420024A034903480CF008
:104CE000FBBB00BF9C2D0020D1090000244B0420F9
:104CF000024A034903480CF0EFBB00BF9C2D002083
:104D0000D10900003C4B0420024A034903480CF03F
:104D1000E3BB00BF9C2D0020D1090000444B0420C0
:104D2000024A034903480CF0D7BB00BF9C2D00206A
:104D3000D10900007C4B0420024A034903480CF0CF
:104D4000CBBB00BF9C2D0020D1090000BC4B042030
:104D5000024A034903480CF0BFBB00BF9C2D002052
:104D6000D1090000C44B0420024A034903480CF057
:104D7000B3BB00BF9C2D0020D1090000E44B0420F0
:104D8000024A034903480CF0A7BB00BF9C2D00203A
:104D9000D10900004C4B0420024A034903480CF09F
:104DA0009BBB00BF9C2D0020D1090000CC4B0420F0
:104DB000024A034903480CF08FBB00BF9C2D002022
:104DC000D1090000EC4B042010B5054C04F108009B
:104DD00008F078FD2046BDE8104008F073BD00BF24
:104DE000544B042010B5084C0021204608F006FD65
:104DF00004F10800002108F001FD044A04490020E4
:104E0000BDE810400CF068BB544B04209C2D0020E2
:104E1000092C0000024A034903480CF05DBB00BFA7
:104E20009C2D0020D1090000AC4B0420024A03490C
:104E300003480CF051BB00BF9C2D0020D10900009D
:104E4000D44B0420024A034903480CF045BB00BF81
:104E50009C2D0020D1090000DC4B0420024A0349AC
:104E600003480CF039BB00BF9C2D0020D109000085
:104E7000644B0420024A034903480CF02DBB00BFD9
:104E80009C2D0020D1090000844B0420704700BFF6
:104E9000036D0BB101207047406D003818BF012031
:104EA000704700BF10B50446806D18B10CF022FBAE
:104EB0000023A365236D2BB104F11800BDE8104059
:104EC00005F098BE636D002BF6D110BD10B50446F9
:104ED000806D00B110BD4FF480700CF003FBA06535
:104EE000B0B10022236D02703BB101464FF48072D5
:104EF000184605F005FAA06D10BD636D002BE9D0D2
:104F000001464FF48072184602F082FEA06D10BD7B
:104F1000014B1846A36510BD4548062038B5056D00
:104F20006DB10BB1002038BD1146284603F024FFB7
:104F30000028F7D02846BDE8384004F0BFB8446DDB
:104F4000002CEFD0204601F075FA0028EAD0204668
:104F5000BDE8384002F028B98A79A2F150031B0657
:104F600022D402F26C72F0B54B7985B0046D013336
:104F70000D798E784F78DBB209784CB120460196D6
:104F80000095CDE90271042104F02CF805B0F0BDC4
:104F9000406D0028FAD001960095CDE902710421F8
:104FA00002F046F805B0F0BD0020704710B5044689
:104FB000006D80B1037813F0700F00D110BD002197
:104FC00003F0DAFE606D0028F8D000220023BDE86F
:104FD000104001F02FBA606D0028EFD090F831300A
:104FE00013F0500FEAD000220023BDE8104001F07A
:104FF00021BA00BF036D10B50C4682B02BB30DF182
:10500000060201A9184603F037FA38B3BDF8043098
:10501000BDF8062053EA020120D0C2F3451C02F07D
:105020001F00D20AC3F34311400084F801C0A270EC
:105030005A0A013903F01F0302F5EA6220700120C9
:1050400061712371A27102B010BD406D30B10DF1DC
:10505000060201A901F094F80028D7D1002002B07F
:1050600010BD00BF036D10B50C4682B02BB30DF11F
:10507000060201A9184603F0EFF938B3BDF8043071
:10508000BDF8062053EA020120D0C2F3451C02F00D
:105090001F00D20AC3F34311400084F801C0A2707C
:1050A0005A0A013903F01F0302F5EA622070012059
:1050B00061712371A27102B010BD406D30B10DF16C
:1050C000060201A901F04AF80028D7D1002002B059
:1050D00010BD00BF0369D3B10E4810B41C68E4686A
:1050E00084420FD1186D18B15DF8044B04F020B85C
:1050F000586D18B15DF8044B02F0C8B800205DF897
:10510000044B7047184623465DF8044B18470020AF
:10511000704700BFB9310000006990B10368154ABB
:105120001B69934225D1036D63B1187810F0080014
:1051300007D0D8695B69C01A48BF6FF0004070475C
:1051400018467047436D002BFAD093F8310010F0E9
:105150000800F6D0186919685A69401A5B6862EB52
:105160000303B0F1004F73F10003EAD36FF0004086
:105170007047184721320000036963B11A68074974
:1051800092698A4208D1186D08B103F025BF586DA5
:1051900008B101F097BD7047184610474D31000027
:1051A000036973B11A68084952698A4207D1186DB8
:1051B00008B103F06DBC586D18B101F025B918465F
:1051C00010474FF0FF307047F5300000036D13B10A
:1051D000586900217047436D13B1D3E9000170474E
:1051E00018461946704700BF036D13B1D8690021F6
:1051F0007047436D13B1D3E904017047184619464F
:10520000704700BFF0B595B000224FF47A74244F78
:105210001831054604A88DF80C200097CDE901242B
:10522000CDE9122205F052FD129B002B2DD05C20FF
:10523000002609F0F9FB019B04464660C36004A9FF
:10524000029B183040F8083C9DF80C3000F8043CF4
:10525000144B40F8183C144B40F8103C05F02EFC61
:10526000124B4FF47A72A7602B606368A665013316
:105270006E602E73AA602C6163600D4B04A80093CE
:1052800005F0B8FC284615B0F0BD139B002BCED11D
:10529000064A2B732A602B61C5E90134EDE700BF94
:1052A000B8200020DC200020382100208C200020A5
:1052B000A01F0020036D13B1184603F0E9BB406D39
:1052C00008B101F0A1B84FF0FF307047036D33B162
:1052D0001B7813F0700F14BF012000207047406D41
:1052E00030B190F8313013F0500F14BF012000207E
:1052F000704700BF036D13B1184603F0F5BA406D57
:1053000008B100F0B1BF4FF0FF307047036D13B12B
:10531000184603F061BE406D08B101F0D3BC704780
:10532000036923B31968134A10B58C6882B094429C
:1053300014D1186D48B101220DF1070103F0D4FA20
:1053400090B19DF8070002B010BD586D0028F8D04C
:1053500001220DF1070100F087FFF1E701220DF1B5
:1053600007011846A047EBE74FF0FF30EBE74FF09F
:10537000FF30704735310000036D13B1184603F05C
:10538000D7BE406D08B101F081BF70478A79A2F1A4
:1053900050031B0622D402F26C72F0B54B7985B033
:1053A000046D01330D798E784F78DBB209784CB1FA
:1053B000204601960095CDE90271022103F012FE0C
:1053C00005B0F0BD406D0028FAD001960095CDE9FA
:1053D0000271022101F02CFE05B0F0BD00207047E3
:1053E000036D53B1187810F008000DD0D8695B69CF
:1053F000C01A48BF6FF000407047436DA3B193F8E7
:10540000310010F0080000D17047186919685A6916
:10541000401A5B6862EB0303B0F1004F73F10003C5
:10542000F2D36FF0004070471846EDE700B5006911
:1054300083B08DF8071060B10368104ADB689342AF
:1054400015D1036D43B101220DF10701184603F098
:105450006FFE03B05DF804FB406D0028F9D0012217
:105460000DF1070101F012FF03B05DF804FB01220A
:105470000DF10701984703B05DF804FBB931000056
:1054800038B504460C4B806D236018B10CF032F82F
:105490000023A365236D04F118054BB1284605F0E0
:1054A000A9FB064B2846A36005F0A4FB204638BDA7
:1054B000636D002BF2D1F4E7DC200020A01F002058
:1054C00038B504460E4B806D236018B10CF012F80D
:1054D0000023A365236D04F118056BB1284605F080
:1054E00089FB084B2846A36005F084FB20465C211D
:1054F00009F09CFA204638BD636D002BEED1F0E731
:10550000DC200020A01F002030B4029C11469C46E5
:1055100034B1012C1CD0022C0ED0002030BC7047BE
:10552000056DF5B14FF0FF33934274EB0C04F4D3E7
:10553000284630BC03F020BC026D0AB3D369591869
:105540004CF10003002BE8D1104630BC03F014BC32
:10555000026D62B1536959184CF10003002BDCD184
:10556000F2E7406D0028D8D030BC00F063BF406D3A
:105570000028D2D0D0E900238A184CEB0303F3E7CC
:10558000406D0028C9D0D0E9042330BC8A184CEB08
:10559000030300F04FBF00BF70B5244B04460569FC
:1055A0000360002D32D06E68013E6E6076BB2B68C2
:1055B0001F4ADB6A93422FD1A86D10B10BF09AFFFE
:1055C000AE652B6D23B305F1180005F013FB2569BB
:1055D000E5B12B68174A5B68934224D1164BA86D3E
:1055E0002B6018B10BF086FF0023AB652B6D05F126
:1055F0001806A3B1304605F0FDFA104B3046AB60FB
:1056000005F0F8FA5C21284609F010FA204670BD32
:105610006B6D002BD7D1DAE728469847D7E76B6D3B
:10562000002BE7D1E9E728469847EFE78C200020D8
:10563000E52C000001330000DC200020A01F00202A
:1056400070B5264B044605690360002D32D06E68A4
:10565000013E6E6076BB2B68214ADB6A934233D1F0
:10566000A86D10B10BF046FFAE652B6D43B305F18D
:10567000180005F0BFFA2569E5B12B68194A5B6887
:10568000934228D1184BA86D2B6018B10BF032FF54
:105690000023AB652B6D05F11806C3B1304605F04C
:1056A000A9FA124B3046AB6005F0A4FA5C212846FB
:1056B00009F0BCF92046142109F0B8F9204670BD64
:1056C0006B6D002BD3D1D6E728469847D3E76B6D97
:1056D000002BE3D1E5E728469847EBE78C20002034
:1056E000E52C000001330000DC200020A01F00207A
:1056F00090F81CC04160BCF1020FC26001D1836808
:10570000184708F0F9B800BFF0B4046840F201256A
:105710001E462561A3B121B311F8015B013B65660B
:10572000256FAF0707D41546013E676F1AB105F81C
:10573000017B2A4604686569ED07F1D5002BEAD1A3
:105740006EB10368196F8907FAD41146013E5B6F89
:10575000002AF5D001F8013B0A46002EF1D1F0BC39
:10576000704790F83C50D9E7324B334930B5D3E914
:1057700011542079C8771A6C95F804C081F81CC0C0
:10578000087752B1B2F5004F23D32C4911442A4A6D
:105790001964D07682F81BC030BD19680F24D86C0C
:1057A0008C6540F20134CA610C614FF47C544C6149
:1057B00003210468246883F83D10214B9C4226D1C4
:1057C000037F4260022BC26026D18368BDE830406F
:1057D00018472D68E98B090422D492B2EA83216824
:1057E000EC8BA4B2EC82CC8B240405D5CC8BC2F319
:1057F000080204F47E442243CA83CA8B92B2CA824E
:1058000000210D4A1964D07682F81BC030BD2346B2
:105810001146BDE830401847BDE8304008F06CB88C
:10582000E98BC2F3080E92B201F47E4141EA0E0107
:10583000E983D4E71029002000800E400180FFFF9B
:105840003135000043682DE9F04FD3E90041814D27
:105850004FF0B80A22684FF0020822EA01027E499E
:105860002260AA6911407D4A0A43AA6190F810E0BB
:105870007B4A03EB0E0603EB8E0E317C02EB01112B
:105880008968C1F800A090F811C003EB0C050CF179
:105890000A0C95F8241002EB01118968C1F800A0E8
:1058A000817C03EB010903EB810199F838B002EB2D
:1058B0000B1BDBF808B0CBF800A0D4F800A05F68A1
:1058C0004AEA070AC4F800A0347CDEF814E002EBD0
:1058D00004146468C4F800E095F8244053F82CC020
:1058E00002EB04146468C4F800C0C96B99F838402E
:1058F00002EB0412526811609A6C99F8441011601E
:105900001A6A317F5B6B116095F830201A600F22A4
:105910000368C3F810809A65C27C002A31D072B641
:10592000C37CDC0708D54FF0E0214469D1F8802121
:1059300022408262C1F88021990708D54FF0E0210A
:105940008469D1F884212240C262C1F884215A07B7
:1059500008D54FF0E021C469D1F8882122400263C4
:10596000C1F888211F0708D54FF0E021046AD1F85B
:105970008C2122404263C1F88C21DE0655D462B6E8
:105980000368384C8268A24259D0324A84609269D6
:105990003549C2F30116C2F38262344D51F8261024
:1059A0000132B1FBF2F2AA4231D80022C2600024D7
:1059B00003211C610724596201211A641C661961C4
:1059C000C37C13B3DD0704D5816A4FF0E022C2F82F
:1059D00000119C0704D5C16A4FF0E022C2F80411FF
:1059E000590704D5016B4FF0E022C2F808111A07DD
:1059F00004D5416B4FF0E022C2F80C11DB0604D550
:105A0000826B4FF0E023C3F81021BDE8F08F1849F6
:105A1000A1FB0251090DB2FBF1F2A24288BF013194
:105A2000B1F5817F0DD3134AC0E74FF0E022416A00
:105A3000D2F890310B408363C2F890319FE7C2687F
:105A4000B5E70229B1D902394C08220242EA0442E0
:105A50000A43ABE700C00F40CFFFFFE31000000890
:105A60004422002000093D0034220020FF083D00B0
:105A700083DE1B43FF7F7F000BB1FFF745BE7047FE
:105A80004368D3E900120968114200D1704710B58C
:105A900002680446002005211061227C1344187C12
:105AA00008F0E8FE627C63680521134493F8240043
:105AB00008F0E0FE6368A27C05211344BDE81040B5
:105AC00093F8380008F0D6BE00207047704700BF3A
:105AD00010B5044640F2D44108F0A8FF204610BD9E
:105AE000012BF0B5054695B03DD0022B40F20220C7
:105AF00001F104010CBF03460023684605F094F948
:105B0000129B002B38D05C20002608F08DFF214B23
:105B100004AF0446C0E90036019B3946183040F80E
:105B20000C3C1D4B40F8103C029B40F8083C9DF893
:105B30000C3000F8043C04F0C1FF184B4FF47A72AB
:105B4000A665A360164B6E602B6063682E730133ED
:105B5000AA602C616360134B3846009305F04AF845
:105B6000284615B0F0BD44F202230431684605F022
:105B70005BF9129B002BC6D1139B002BC3D14FF4B2
:105B80007A71074A04AF2B732A602B61C5E9013192
:105B9000E1E700BFDC20002038210020B8200020F1
:105BA0008C200020A01F002010B5D0F884448EB0B7
:105BB0000A4644B1002321466846009302F01AFECB
:105BC00080B90EB010BDD0F8881441B123466846A4
:105BD0000C9400F0EDFE50B900200EB010BD084648
:105BE0000EB010BD684603F07FF80EB010BD6846D9
:105BF00000F09CFF0028EFD0E3E700BF70B5D0F8BD
:105C000084548EB016465DB105F5896500230A46B9
:105C100068462946009302F06BFD90B90EB070BD46
:105C2000D0F888040028F9D000F589640A462B468C
:105C3000684621460C9500F03FFE48B900200EB0A2
:105C400070BD32462946684602F058FF0EB070BD5E
:105C500032462146684601F0FDF80028EED0DDE727
:105C600010B5D0F884448EB00A464CB10020012310
:105C700021460090684602F0BDFD80B90EB010BD0F
:105C8000D0F8881441B1012368460C9400F090FECE
:105C900050B900200EB010BD08460EB010BD6846C9
:105CA00003F0D4FE0EB010BD684600F0E5FE0028FB
:105CB000EFD0E3E730B5D0F884448FB00A464CB15A
:105CC0000025012304F589616846009502F09AFCDD
:105CD0000FB030BDD0F888040028F9D000F58961F4
:105CE000012368460C9401F037F90FB030BD00BFB6
:105CF00010B5D0F884448EB00A463CB1002321464A
:105D00006846009302F076FD0EB010BDD0F88814FE
:105D100031B1234668460C9400F04AFE0EB010BD27
:105D200008460EB010BD00BFF8B5054690F8D00487
:105D300008B90146F8BDD5F88434002B4CD0DC6995
:105D4000D5F89004013C002854D00368DB6B9847D9
:105D5000E0B1D5F8900478B303681B6C9847A8B9F4
:105D6000D5F8900440B3036801215B6C984707465F
:105D700010B3D5F8840458BBD5F8886433466EB99F
:105D8000D5F8900490B900200146D3E7D5F88404F3
:105D9000E8B9D5F88834002BF5D00746184602F04C
:105DA000AFF906463FB1D5F8900428B10368002149
:105DB0005B6C984700B1A41BD5F88434FBB19B7988
:105DC0004FF40071994089B2A1FB0401F8BD00278E
:105DD00004F0FEFC0646E5E7D5F88834D5F89004D3
:105DE000B3B1D3F830440028AFD1184602F088F997
:105DF0000646E0E7184604F0EBFC0646DBE7D5F87C
:105E00008864002EBFD0D6F83C14A1FB0401F8BD75
:105E10000028B8D01C4698E790F8D03463B1D0F889
:105E2000843463B19A794FF40070D9699040013994
:105E300080B2A0FB01017047184601467047D0F8B8
:105E400088040028F9D0D0F83C14D0F83004A1FB25
:105E5000000170472DE9F043D0F890548DB04DB15A
:105E600098462B6804462846DB699847B0F5405FA2
:105E7000064604D8002630460DB0BDE8F0834FF446
:105E800000700BF02FFB07460028F3D00DF104093A
:105E9000B6F1806F02464346294648462ED901F0A6
:105EA000FBFB064638460BF025FB002EE2D02B68A4
:105EB0002846271D1B6A984794F8C034FF2B21D031
:105EC000D4F8C43404F5946502932846D4F8C83451
:105ED0000393B4F8C034ADF8043099E80E0005F02F
:105EE00069FE94F8B134C4F89054002BC3D1012357
:105EF000294638461A4604F025FFBCE704F0BEF8F0
:105F00000646CFE704F2944594F8CC14284606F0F0
:105F100099FC2846C4F8905405F0F6FE0028AAD152
:105F20000123D4F8901438461A4604F00BFFA2E778
:105F300070B5D0F8905484B00446002D40D090F84D
:105F4000D03483B190F8D134FE2B6ED094F8D204C3
:105F500036285AD92B68694628469B6C984784F89E
:105F6000D00404B070BD90F8D134FE2B58D090F816
:105F7000D20436284FD994F8C034261DFF2B24D1E3
:105F800004F2944594F8CC14284606F05BFC2846AD
:105F9000C4F8905405F0B8FE002864D003212E20E8
:105FA00008F068FC3549364A364B48681268A3FB4E
:105FB0000232920C02EB82024B681B1A9A42FBD807
:105FC000002084F8D00404B070BDD4F8C83404F5BF
:105FD0009465D4F8C414B4F8C024284602936B46E0
:105FE0000191ADF800200ECB05F0E4FD94F8B1343A
:105FF000C4F89054002BD1D10123294630461A46CB
:1060000004F0A0FE0028DCD1C8E708F021FC00382D
:1060100018BF0120D5E708F01BFC0028ABD1CFE763
:10602000194B9B689B03CBD5A5E72B6828465B6D76
:106030009847421C8AD0F8B994F8D134FE2BBFD1CE
:1060400003212E2008F016FC0C490D4A0D4B486820
:106050001268A3FB0232920C02EB82024B681B1AFD
:106060009A42FBD8ACE70123D4F8901430461A4684
:1060700004F068FE002891D00120A2E7001000E0A3
:106080000C29002083DE1B430080004218484FF09B
:10609000290C184A0023184910B4C0F89424072288
:1060A00080F8B1C44FF0FF0CC0F8A8144FF47F4142
:1060B000124CC0F8AC24124AA0F8D014A0F89C34BA
:1060C00080F8B53480F8CC3480F8D2C40460C0F8CD
:1060D000A0240C490C4A5DF8044BC0F88434C0F885
:1060E0008834C0F8903480F8BC340BF0F5B900BFA8
:1060F00048400420BC21002000093D005C21002014
:10610000C41F00200D3900009C2D002070B500F147
:10611000240384B08C46044601AD164693E807007C
:1061200085E807004FEA4C122946206A01F004FF77
:10613000012806D132462946206A01F0E1FE04B06A
:1061400070BD002004B070BD10B5044600F0BAFD6B
:10615000002384F8313084F8333010BD38B514464C
:106160000D46002200F12401006A01F0C9FE034639
:1061700020B1428901202A801B89238038BD00BFBD
:1061800038B514460D46002200F12401006A01F0E2
:10619000B7FE034620B1C28901202A809B89238053
:1061A00038BD00BF38B50D4690F8311009B1002058
:1061B00038BD382204460BF0B7FC0123402225628B
:1061C000184684F8333084F8312038BDF0B40D46D9
:1061D0000978202903D115F8014F202CFBD0156038
:1061E00095602C782F2C11D084B16E1C3C2C1D4F47
:1061F00035462AD8212C12D804F1FF3CBCF11E0FE1
:1062000016D80020F0BC704715F8014F202CFBD0A9
:106210002F2CF9D01D601146F0BC01F05FBDA4F138
:10622000220C5FFA8CFC27FA0CFC1CF0010FE8D161
:106230002E2C01D0202C0DD116F8014B002CE5D0CE
:106240002F2CE3D03C2C3546D4D95C2CD9D003D9A3
:106250007C2CD6D09660EFE73E3C012CFAD800208B
:10626000F0BC7047012100052DE9F04F90F8333064
:1062700083B00546DC0774D558060F46904640F1BA
:10628000B080D5E90023D5E9041018EB020443F1EE
:106290000003A14270EB0303C0F0A980B8F1000F26
:1062A0005BD0464605F11809D5E90032D5F820A0A3
:1062B000DAF838441C40C4F3080B002C70D11343A7
:1062C00070D195F831305A064CBFDAF83424EA69B7
:1062D000AA619AF84504023ADAF82C14630A82405B
:1062E00001EB54211144BBF1000F45D1B6F5007FFD
:1062F00042D3DAF81C2291423ED0B6F5806F58D3D3
:106300004FF0010B0BFA00FBABEB030B730A9B4541
:1063100028BF9B4691424FEA4B240AD801EB0B035E
:106320009A4206D20AF50470019106F0BFFE019967
:10633000B8B1DAF814025B460268D2F814A03A4603
:10634000D04770B123462744D5E900125B1842F1CB
:106350000002361BC5E90032A8D1404603B0BDE8B3
:10636000F08F95F832304FF0FF3043F0020385F89C
:10637000323003B0BDE8F08FCBF5007400220AF58F
:106380000470B44228BF344606F0BCFE0028E8D0B2
:1063900000EB0B012246384608F0ACFA2346D2E760
:1063A000AA6996E795F833305B060ED5AA690132E3
:1063B0008EE7DAF814023A4603681B69984700280A
:1063C000CFD04FF400731C46BDE74A465046A9693A
:1063D00001F0F4FD0028C4DB0CD0D5F820A0AA6998
:1063E00077E795F8313019077FF558AF49E7A1EB0A
:1063F000020853E795F8313013F0500FB1D0A8EBF5
:1064000006084046AAE700BFF0B583B00122044663
:1064100085690DF10701D0E90067FFF725FF012825
:10642000A5610CBF9DF807004FF0FF30C4E900677D
:1064300003B0F0BD2DE9F04F1F4690F8313083B026
:106440000446D0F81880002B51D01646D0E9001C25
:10645000BC4508BF91425CD056EA07024DD01D07EB
:1064600004D5D0E90402B042BA4140D394F83320B5
:10647000751ED4F820A0019247F1FF309AF8452408
:106480000932D2B2C2F1200ED540A2F1200900FAA1
:106490000EFB20FA09F045EA0B050543019840067A
:1064A00033D4481E20FA02F24CF1FF3051EA0C0CB2
:1064B00000FA0EFE20FA09F042EA0E0242EA000259
:1064C00001D0954229D25B064CBFDAF83434E36937
:1064D000A36104F1180906E0A169013D206A01F0F9
:1064E0006DFD002803DD4A46002DF5D107E00020B0
:1064F000C4F8188003B0BDE8F08F00238361012049
:10650000C4E9006703B0BDE8F08FE3692B44A361E1
:10651000F5E7012003B0BDE8F08FAD1AD9E700BF61
:106520002DE9F04F174690F831208FB00546002A2C
:1065300040F0D7808B4691F8311011F0500F00F0E9
:10654000D08003F003019A46032900F0CA8001318C
:1065500003F0080041EA00030293002F00F0CB8013
:10656000396901F10E08B649A1FB0818DBE90010F2
:106570004FEAD808014308F102085FFA88F805D00D
:1065800000200021CBF81820CBE900010024029B59
:10659000264643F040030393202206A95846FFF7FE
:1065A00063FE00B3202840F09C809DF918209DF8E0
:1065B0001830002AC0F2A28034B9DBF80020A2F122
:1065C0002009DBF818200192444501D20134E4B2DD
:1065D000002B00F01381202206A958460026FFF761
:1065E00043FE0028DED11AF4007F7AD0029B9B077D
:1065F00077D5002F75D0444517D2DDF804A02022AE
:1066000006A95846FFF730FE631C002861D02028F9
:1066100067D12CB9DBF80020DBF818A0A2F1200923
:10662000DCB2A045EBD8CDF804A0382200212846E2
:106630009BF833400BF078FADBF82030C4F3801479
:10664000019A2B620823002685F82C4085F831300A
:106650003B68C5E909297B60BE81B8F1000F33D0E2
:1066600008F1FF39B346DFF8DCA15FFA89F90122AE
:1066700059462846FFF74AFD044690B390F900209A
:10668000002A2EDB202200210BF04EFA002E00F013
:10669000BC80BBF1010F00F0D780C123A3461E349C
:1066A00004F81E3CBB8938461BB9D7E901239A423E
:1066B00005D006F04FFD2BF8020FA345F2D10136AD
:1066C0005FFA86FBD845D2D8284600F0FBFA06468A
:1066D0000DE05846DBF8186000F024FB002840F07D
:1066E000918000231E4685F8313085F833303046DE
:1066F0000FB0BDE8F08F4FF0030847E756BB4445A5
:1067000038BF0024852B7FF447AF31463822284616
:1067100001260BF009FA9DF81C209DF8193085F828
:10672000303002F03703D20658BF43F0080385F833
:106730003130DBF80030DBF82020203B2A62DBF828
:106740001820C5E909239BF83330C3F3801385F87B
:106750002C3021E7C02B28D0C12B7FF43CAF3A4628
:1067600006A9284601F02EFAE8B1BB89DBB9D7E9C2
:1067700001329A4217D11AF4006FB2D11AF4884F3D
:1067800070D195F8333098076CD41AF4806FA8D183
:106790001AF4804FABD02846D5E90423FFF74AFE10
:1067A0000028A4D19DE70646F6E6029B85F8333023
:1067B0009DF819309B0702D5039B85F833300B9B5E
:1067C000EB61DDE90823C5E90423DDE90C23C5E914
:1067D0000223002FCFD04FF000033A69BB813B6802
:1067E0007B609DF81B309A427FF4F5AEBE8ABDF8FF
:1067F0001C30F61AB6FA86F67609CDE6002F7FF43D
:10680000F2AE6EE7CBF818600BE78523237085F8AE
:10681000309084F80190DAF80030002B46D00DF16A
:1068200013020DF1160105A89847BDF814306381D5
:10683000BDF8163023819DF8133023753FE700BF64
:10684000898888880C4B0420C02384F801B0237009
:10685000029B63F07F0385F833303B69E370BB8AAA
:10686000A3802CE795F83130D9063FF53AAF13F005
:1068700001017FF436AF1AF4806F89D095F8332088
:1068800092077FF52EAF002B3FF42BAFD5E90032F6
:10689000134304D000220023A961C5E90023284640
:1068A00000F082FC00283FF41CAF20E745F62143AE
:1068B0006381E381638202E72DE9F043002597B00D
:1068C000994690F8313001921495ADF81450002B90
:1068D0003ED191F831300F4613F0500F38D0137875
:1068E000044616462F2B37D04FF0000801AB02AA02
:1068F00031462046FFF76AFC50B3019E3378002BE7
:106900003ED0002302AA39462046FFF709FEF8B11F
:10691000A44608AD04F13007DCF800000CF1100CBF
:106920005CF80C1CAE465CF8082C10355CF8043C96
:10693000BC45AEE80F00EFD1DCF8000008AF2860DE
:10694000204600F0BFF984F8318084F83380CDE729
:10695000002017B0BDE8F08316F8011F2F29FBD0E7
:106960000196B1B9382220463D6A0BF0DDF80123CB
:1069700040222562184684F8333084F83120E8E755
:106980004B4602AA39462046FFF7CAFD17B0BDE8BC
:10699000F0833822002108A83D6A0BF0C5F80123D6
:1069A00008AF10958DF8533040238DF851309BE798
:1069B00019B101F58961FFF77FBF0846704700BF35
:1069C00090F8313063B991F8313013F0500F07D09F
:1069D0000B6813F01F0C03D113466246FFF7A0BDEE
:1069E000002070478169F8B50446006A01B10131A1
:1069F000012201F0A9F90128054632D901230146F7
:106A0000206A1A4601F000FA064650B3A3695BB348
:106A100094F83320510612D5591CA94218D022F0FF
:106A20004002E16984F8332005E0206A01F0E8FAC9
:106A30003946B0B1A3694F1C99423A46F5D34FF09D
:106A4000FF322946206A01F0DBFA50B1A16911B981
:106A50003046A561F8BD2A46206A01F0D1FA002827
:106A6000F6D100263046F8BD94F8333043F04003A9
:106A700084F83330ECE700BF90F833309A0736D50E
:106A8000C16970B50546A1B90024214607E0037825
:106A900003F07F03037095F830308B4229D3013423
:106AA00001222846FFF732FBE1B20028EFD1002097
:106AB00070BD5B06006A34D590F84534D5E90224F0
:106AC0000933013ADBB244F1FF34C3F1200CDA4060
:106AD000203B04FA0CFC24FA03F342EA0C021A43AA
:106AE0000023013201F090F90028CDD1DFE700202A
:106AF000704700232C6A85F83130204685F8333002
:106B000006F0D4FA0028D2D004F5047006F0CEFACC
:106B10000028CCD0D4F840040368BDE870401B6A5C
:106B2000184701F08DFA0028AED1C0E790F8313057
:106B3000DB0601D40020704710B5002288B0002386
:106B40000446FFF777FC08E020281BD19DF90030B0
:106B50009DF80020002B15DB32B12022694620462B
:106B6000FFF782FB0028EFD194F83330082220464B
:106B700043F0020384F8312084F83330FFF77CFFC0
:106B800008B010BD002008B010BD00BF2DE9F041D5
:106B90004FF0000882B04A4F064644464146002264
:106BA0003046FFF7B3FA054630B10178C02969D005
:106BB000C1292BD0852909D096F83230002043F026
:106BC000010386F8323002B0BDE8F08196F831302A
:106BD00003F0370383803B6883B10DF103020DF1AD
:106BE000060101A89847BDF80630AB812B82BDF89D
:106BF0000430EB816B829DF803306B75326A92F83A
:106C0000103243F0010382F810322978A1F1850097
:106C10000022B0FA80F0400901E00422A95CE303FD
:106C2000012A02F1010243EA540311FA83F39CB2F0
:106C300001D10028F1D11F2AF0D908F1010896F8F6
:106C400030305FFA88F18B42A9D2012206F124018B
:106C5000306A01F055F90028AED0356A44802846E4
:106C600006F024FA0028A7D005F5047006F01EFAF5
:106C70000028A1D0D5F8400403681B6A9847002873
:106C8000A1D199E796F8333013F0400F437814BF41
:106C900043F0020303F0FD034370D6E90401D6E993
:106CA0000732C5E90201D6E902016B61C5E90601B7
:106CB00092F8103243F0010382F810322978A5E7E8
:106CC0000C4B042038B590F8313043B390F93320A1
:106CD000044690F83330002A0CDB056A284606F09B
:106CE000E5F978B994F83230002043F0010384F8D4
:106CF000323038BD03F07F0380F83330BDE83840D0
:106D0000FFF744BF05F5047006F0D0F90028E9D07C
:106D1000D5F8400403681B6A98470028E2D0012098
:106D200038BD00BF70B590F8313005465A064CD4D6
:106D300080682B6AD3F83C341844B0F1806F01D3DB
:106D4000002070BD2846FFF74DFE0028F8D0286AC5
:106D50000024AE6990F84534023E9E40D0F82C34B1
:106D60001E443119052200F50470013406F0CAF9F9
:106D70004FF4007200210028E2D00AF0D5FE286A04
:106D8000012390F8452493409C42EAD395F8313092
:106D90005B0615D495F8332062F07F02D5E9023105
:106DA00085F83320D0F83C249B1841F10000AB60FB
:106DB000D5E90431E8609B1841F10001C5E90431CF
:106DC0002846BDE87040FFF77DBF006A01F03EFA3B
:106DD000AFE700BFF0B51E4683B052EA060336D0D7
:106DE00090F8333004469B0731D5C16979BB006AFE
:106DF0001546013A90F8453446F1FF3C0933DBB2C1
:106E0000C3F12007DA40203B0CFA07F72CFA03F312
:106E10003A431A430132019200F096FF01280746D7
:106E200015D90146019A0123206A00F0EDFF70B1E7
:106E300094F833302046E76163F03F03C4E902561B
:106E400084F8333003B0BDE8F040FFF73BBF0020CB
:106E500003B0F0BD70B5044690F831009CB000233B
:106E600010F0180F0C931A9303D0206A0B6A984203
:106E700002D000201CB070BD40F601236846FFF729
:106E80001BFD0028F5D0A44604F130060EADDCF859
:106E900000000CF1100C5CF80C1CAE465CF8082CE1
:106EA00010355CF8043CB445AEE80F00EFD1DCF8D7
:106EB000000009AA04F1240328609DF8305007CA95
:106EC00083E8070094F83330204684F8305063F0AC
:106ED0007F0384F83330FFF7F5FE0028C9D0002186
:106EE000022208230EA815918DF86B208DF86930C9
:106EF000FFF7C2FDBEE700BF38B591F8313013F09F
:106F0000500F02D10025284638BD40F60223044622
:106F1000FFF706FB0028F5D01023204684F8313017
:106F2000FFF700FF05460028ECD0A16900220023EE
:106F30002046E161FFF77EFAC12294F8313084F8EF
:106F40003320002BDFD04123204684F83330BDE8C6
:106F50003840FFF71BBE00BFF0B5002597B01F46B5
:106F600090F831300192ADF814501495002B46D1B1
:106F700091F831300E4613F0500F40D0137804468C
:106F800011462F2B3ED001AB02AA2046FFF71EF977
:106F9000002834D0019B1B78002B41D0002302AA8B
:106FA00031462046FFF7BCFA30B947B302AA314652
:106FB0002046FFF7A1FF10B3A44608AD04F1300648
:106FC000DCF800000CF1100C5CF80C1CAE465CF810
:106FD000082C10355CF8043CB445AEE80F00EFD146
:106FE000DCF8000008AE28602046FFF7ADF80199F4
:106FF00001AB02AA2046FFF7E9F80028CAD1002019
:1070000017B0F0BD013101910B782F2BFAD0316A06
:1070100008A8FFF7C7F80028F1D0019908AEB2E739
:1070200002AA31462046FFF767FF17B0F0BD00BF48
:107030002DE9F04F0E4690F8311083B009079DF806
:1070400030B09DF834909DF838809DF83C7040F148
:107050008580A2F2BC7294B27F2C7FD85A1E0B2A74
:107060007CD80BF1FF321E2A78D8B8F13B0F98BFBD
:10707000B9F1170F8CBF4FF0010A4FF0000A3B2FF8
:1070800088BF4AF0010ABAF1000F67D105460193A3
:10709000FFF718FE002861D0019B51464BEA431BC5
:1070A0007B0817F001074BEA4424D34643EA48180B
:1070B00018BF6427A4B248EAC92806F001091FFADC
:1070C00088F800222846FFF721F8002846D090F8DB
:1070D00000C0BCF1850F45D00CF14003DBB2012BA1
:1070E0003CD8ACF185010023B1FA81F1490902E0F5
:1070F000042310F803C04FEACB32012B03F1010344
:1071000042EA5B021CFA82F21FFA82FB01D10029DB
:10711000EED11F2BEDD90AF1010A95F830305FFA54
:107120008AF18B42CDD2012205F12401286A00F0B8
:10713000E7FE98B12C6AA0F802B0204605F0B6FF31
:1071400060B104F5047005F0B1FF38B1D4F8400423
:1071500003681B6A03B0BDE8F04F1847002003B076
:10716000BDE8F08F95F831302A6A03F03703838049
:1071700092F8103243F0010382F81032B9F1000F97
:1071800002D0A0F810804482B20703D50775A0F89A
:1071900008804481730703D54775A0F80C80C4812B
:1071A00090F800C09DE700BF90F833309A0762D591
:1071B00070B5C56982B00446A5B313F0400634D05B
:1071C000006AA26890F845C4013AE1680CF1090C24
:1071D00041F1FF315FFA8CFCCCF1200E22FA0CF267
:1071E000ACF1200C01FA0EFE21FA0CFCA16942EA76
:1071F0000E0242EA0C02013219B3013D6D1A01314F
:107200002A44019172BB63F07F03204694ED007B1A
:1072100084F8333084ED027B84ED047BFFF752FD6C
:1072200002B070BD012002B070BD816961B90195E5
:10723000C1612946206A00F003FFC8B194F83330D9
:10724000E1E70195E161DDE701AA006A019600F03E
:10725000B5FE00280CDB10D1019D002DE9D194F87A
:107260003330D0E70023019900F0CEFD0028E5D1AE
:10727000002002B070BD002070474FF0FF32A169BE
:10728000206A00F0BDFE0028E6D1F1E72DE9F043C9
:1072900090F8333083B004469D0740F1A1809146B9
:1072A0001A070E4600F19580B9F1000F00F0288111
:1072B00023684D46206AA169D0F8382402EA030801
:1072C000C8F30807B8F1000F40F09480002900F0DF
:1072D000D48094F833305B0640F1EC8090F845C4DC
:1072E000D4E902320CF1090C013B5FFA8CFC42F14B
:1072F000FF32CCF1200E23FA0CF3ACF1200C02FA91
:107300000EFE22FA0CFCE26943EA0E0343EA0C0388
:107310001344994280F0D5800131A16190F8452451
:107320000239D0F82C3491401944B5F5007FC0F0F3
:107330008A80B5F5806FC0F0A680012393406A0A69
:10734000A3EB0803934228BF1346D0F81C228A42BD
:107350004FEA432809D35F18BA4206D2002280F8C8
:1073600010224FF0FF32C0F81C22D0F8140232462F
:107370000768BF6AB84798B343464644A5EB08057B
:10738000D4E90072D4E90401DB1942F10002984209
:107390009141C4E9003207D294F8331061F07F01C3
:1073A000C4E9043284F83310002D83D1D4E90201FA
:1073B00098429141C0F09680534B1B68002B00F01F
:1073C0009D8094F83330484663F07F0384F833306F
:1073D0000DE0D0E90423FFF72DF800287FF464AF17
:1073E00094F83230002043F0010384F8323003B0C7
:1073F000BDE8F08390F8452402394FEA5828D0F8C8
:107400002C34914041441944002F8ED0C7F50078A8
:10741000012200F50470A84528BFA84605F072FEB9
:107420000028DDD0384447444246314607F062FA2E
:10743000B7F5007F206A9FD100F5047005F036FE95
:10744000002899D1CCE762686369009201932269B0
:1074500023689342DDE900239A4112D2012200F50C
:10746000047005F04FFE0028BAD02A463146384451
:10747000A84607F03FFA2B467FE7E16949B3A161CF
:107480004CE70522EBE7D0F81C328B4206D10023F3
:1074900080F810324FF0FF33C0F81C32D0F81402DD
:1074A000324603685B6A9847002899D04FF400730E
:1074B000984662E704F1180200F080FD00288FDB97
:1074C00004D12046FFF78EFA002889D0A169206AEE
:1074D00024E72046FFF786FA002881D0A169206AB8
:1074E000E1611BE794F833104846C4E9023261F0C9
:1074F0007F0384F8333003B0BDE8F083484676E775
:10750000D4E9003252E700BF0C4B042069B170B5DA
:10751000054608460C460AF0F3FB2B680246214656
:1075200028465B68BDE87040184770478368C3F31E
:10753000080383B1002110B40269D1540133B3F5BB
:10754000007FF9D10168D0E903321C681846636AEC
:107550005DF8044B18470120704700BF826803465E
:10756000006940F2FF1CC2F308028154624558686A
:1075700001EB7001986800F10100C3E9011001D02E
:1075800001207047D868196810B404684A1C646AFE
:107590001A601A6923465DF8044B184738B58368AA
:1075A000CAB20D460169C3F3080340F2FF1C04464A
:1075B000CA546345416802EB71024260826802F17D
:1075C0000102826005D0290A2046BDE83840FFF755
:1075D000C5BF0168C0684A1C03685B6A22602269F3
:1075E00098470028EFD138BDF8B500230646016062
:1075F0001D46C0E90133A8B205F0C0FEA84204460A
:1076000007D0C1B23046FFF7A9FF00283BD10020C8
:10761000F8BD6C1CB4F5803F04D12AE00134B4F508
:10762000803F04D0A0B205F0A9FEA042F6D0671BAF
:10763000B7F5007F1DD34FF6FF713046FFF7AEFF61
:107640000028E4D0B9B23046FFF7A8FF0028DED00A
:107650002546B5F5803FCED13046BDE8F840FFF76E
:1076600065BFC5F3072130460135FFF777FF0028D6
:10767000CDD0A542E9B23046EBD2FFF76FFF00282C
:10768000EFD10020F8BDC4F307213046FFF766FFB5
:107690000028BCD00135DCE72DE9F04F1F4689B04A
:1076A0000B680D4604901446C16002610846DB6910
:1076B0009847B0F5801F0090C0F0D88000230122C9
:1076C000009E01335200DBB201D09642F9D81C2B48
:1076D000009640F2B780A3F10B08012248FA02F1AC
:1076E000C8F347088A4002910792013301225B10D8
:1076F0009A40069204229A400392022202FA03F36D
:107700000193009A0021039B2046029E4FF0010A3C
:10771000D31A4FF400724AF6552BF34003FA06F9D8
:107720000593019E0AF000FAFF2384F8BFA184F8B4
:10773000C0A1B14484F8C431224684F8C53107237E
:107740000021284684F8C231FE23C4F8C66184F8BB
:10775000C3312B68C4F8CA915B6AA4F8FEB198479C
:10776000002863D04FF40072002120460AF0DCF9B3
:10777000009B84F86D804FF000086366F421059B40
:1077800004F17800069AE36520232664237263726D
:10779000A372EB23A665464623707623C4F848906F
:1077A0006370902384F86EA0A3704523E370582380
:1077B0002371462363714123A3715423E37104238E
:1077C00023664FF48073A4F86830092384F86C3082
:1077D0008023C4E9142284F86F304FF4C3720AF096
:1077E000A3F9A4F8FEB1A8F16A03012B06D9B8F1F8
:1077F000700F03D014F8083003EB760608F1010887
:10780000B8F5007FEFD12B682246DDF804902846BA
:107810005B6A4946984748B12B6849462246284644
:107820005B6A0C31CDF80490984740BB2FB13B68A0
:107830000F22B84938465B6898470026304609B0A1
:10784000BDE8F08F1A2B4FF0080800F2A6814FF424
:107850008043CDF8088001934FF4004303934FF425
:10786000807307934FF4005306934AE7002FE4D048
:107870003B681522A84938465B689847D7E74246D7
:107880000021204609F1010A0AF04EF94AF6552373
:1078900009F1090204F2FF19A4F8FE31002393460E
:1078A000A04601E018F8013FC14503EB7606F9D187
:1078B0002B682246514628465B6A98470028B5D077
:1078C0002B6822460AF10C0128465B6A984700287B
:1078D000ACD00AF101039B4502D09A462378DFE73A
:1078E0004FF40072002120469B460AF01DF9002249
:1078F0000AF1030A1146234601E013F8011F9845D7
:1079000001EB7606F9D12B682246594628465B6A78
:10791000984700288AD02B6822460BF10C01284694
:107920005B6A9847002881D00BF101018A456AD132
:10793000231F04F5FE7243F8046F9A42FBD12B68B3
:10794000224628465B6A984700283FF46FAF2B68B1
:107950000BF10D01224628465B6A984700283FF448
:1079600065AF2FB13B680C226C4938465B6898477D
:10797000069A0021019B2046002613444FF4007212
:107980009946059B4FEA83080AF0CEF823464FF04C
:10799000FF3208F20728F821B7F1000B4FEA582A06
:1079A00003F8011B4FEA9838C4F8012018BF4FF0C4
:1079B000010BDA605A609A60C3F80F2002E00136CA
:1079C000B24523D0B6FBF8F308FB136343B9BBF110
:1079D000000F05D03B680122514938465B68984743
:1079E0002B6809EB0601224628465B6A9847002867
:1079F0003FF41CAF002EE2D131464FF40072204616
:107A00000AF092F8DBE78B46217874E7002F34D038
:107A10003B680222434938465B689847059E079AAF
:107A20000736F60806F2FF13B2EB532F4FEA53293D
:107A3000FFF4FDAE4FF40072002120460AF074F806
:107A400007232370B9F1000F00F08A804FF000087F
:107A500008E0B8F1000F01D184F8008008F10108B6
:107A6000C1457BD9039A28462B6802EB08012246C0
:107A70005B6A98470028ECD1D8E6059E079A07363E
:107A8000F60806F2FF13B2EB532F4FEA5329FFF427
:107A9000D4AE4FF40072394620460AF045F8072369
:107AA0002370B9F1000FD1D1039B079A049899185C
:107AB000FFF79AFD00283FF4C0AE029A4FF400731E
:107AC0009340049A92689A423FF6B7AE4FF002088C
:107AD000029B4FF40072002108FA03F9039B204631
:107AE00099440AF021F881220323049909F1FF390E
:107AF00084F820208222237084F84020C4E90D8677
:107B00004A684FF00108636562648B68A3650023CF
:107B1000E3650EE0001F00209C1E0020B41E002024
:107B2000C41E0020DC1E0020079B98453BD208F1B4
:107B300001082B6809EB0801224628465B6A984732
:107B4000064600283FF472AEB8F1010FECD14FF4B5
:107B500000720021204609F0E7FFE8E7002FA3D0DC
:107B60003B681622144938465B689847039B079A7E
:107B700004989918FFF738FD00283FF458AE029A90
:107B80004FF400739340049A92689A423FF64FAEC6
:107B90000A493846FFF7BAFC98E74FF48072CDF8EF
:107BA00008800792A1E5002F3FF448AE044938460B
:107BB000FFF7ACFC42E600BFC81E0020E01E00201C
:107BC000F01E00202DE9F0410C46154601F11E087B
:107BD000AB89284634F8027F1BB9D5E901239A42C4
:107BE0000ED005F0B7FA05F0C9FB0646384605F099
:107BF000C5FB864209D14445EAD10120BDE8F081A8
:107C0000B7FA87F04009BDE8F0810020BDE8F081B7
:107C10002DE9F04F90F8313083B08846002B4FD0DB
:107C200090F830300746012B53D9013A0B464FF0FC
:107C3000020A00248E18DFF8A0B000225146384610
:107C40000193FEF763FA00283AD00278C12A37D1AF
:107C5000054600F11E09019B35F8020F24B300F51B
:107C6000105292B2B2F5806F2AD20BEA8424C0F38C
:107C70000900204300F580301946324605F0E0FA4D
:107C80000346E8B100244D45E6D10AF1010A97F810
:107C900030205FFA8AFA5245CFD2A3EB080098460B
:107CA000002388F800300FE000F5205292B2B2F5C0
:107CB000006F02D30028DFD1EFE7B2F5806F06D363
:107CC0000023184688F8003003B0BDE8F08F044662
:107CD000D9E70020E4E700BF00FC0F0070B50C46B8
:107CE00000234FF6FF75226819461E46A3812361C3
:107CF000626017E005F02EFAA84222D005F03EFBA4
:107D00002369F203A189013342EA5602060A23617C
:107D100052FA80F083B2C0F34E0040EAC33016FA44
:107D200080F086B220460029E4D1D4E901239A42AA
:107D3000E0D12069A6820138FE288CBF00200120F6
:107D400070BD002070BD00BF2DE9F84F07468A4680
:107D50009146002942D0A1F10208D7F830344345BA
:107D600042D908F007030125C8F3C80B9D40EDB2C6
:107D700046464446D7F82C140022384601EB14310D
:107D800005F0C0F9E8B10BF1FF3B834400F2FF10AE
:107D90001BF8011F0AE04A452BD0A04510D0D7F8A8
:107DA0003054A54214D913F0FF050CD001342942F8
:107DB0004FEA4503A4EB0602EDD0A0452646EED1DE
:107DC0000120BDE8F88F58454FF00105E0D101E0F2
:107DD0000026344601254FF0000BCBE7D0F8208475
:107DE000D7F830344345BCD84FF000080125C346CE
:107DF000BEE7BAF1000F04D1B9F1010F08BFC7F80F
:107E00002064B01CBDE8F88F2DE9F8438046881E39
:107E100015461E468318D8F83024934237D8CEBB77
:107E2000D8F82034834288BFC8F8200400F0070344
:107E30000124D8F82C74C0F3C8099C4007EB10311A
:107E4000E4B2012240468F1805F05CF9F8B109F15F
:107E5000FF3E864400F2FF101EF801CF1CEA040F1B
:107E60008CEA040C4FEA440414BF01220022B242FF
:107E70000DD0013D8EF800C018D014F0FF04EDD1F4
:107E80007045A1464FF00104E6D13946D9E70020FC
:107E9000BDE8F883D8F820148B42C7D98142C5D3F6
:107EA000934228BF0023C8F82034BFE70120BDE873
:107EB000F88300BFF8B5D0F8303401338B4201D2DB
:107EC0000020F8BD07460C4600F50476002505E0C5
:107ED000D7F8303401350133A342F1D3D7F8241455
:107EE0000022304601EBD41105F00CF9A400002863
:107EF000E6D0C4F308040459631CE9D1681CF8BD3A
:107F000038B50C460B6890F845C400F50470D0F8FD
:107F10002812023B656803FA0CF3294003EB512356
:107F2000D0F81C12194405F0EDF818B16368C3F3DA
:107F30000803184438BD00BF2DE9F8430C46D0F8BB
:107F4000383449680B4011446160134490F845147B
:107F500001F10902D2B2D3402BB380465D1E00F579
:107F6000047905E02368013D03F1010323601AD37E
:107F7000267A002EF6D1D8F83034324627684846A3
:107F800001339F4212D8D8F8241401EBD71105F021
:107F9000B9F8BF0050B1C7F30807C3595A1C09D03C
:107FA000013D2360E4D20120BDE8F8834FF0FF30AB
:107FB000BDE8F8833046BDE8F88300BF38B5D0F897
:107FC000303401338B4202D24FF0FF3038BD0C46C3
:107FD000D0F82414154600F50470002201EBD411EA
:107FE00005F090F80028EFD0A400C4F3080403596A
:107FF0005A1C02D001202B6038BD002038BD00BFC4
:1080000001291BD938B5D0F830340C4601338B42E6
:1080100001D2002038BDD0F82414154600F50470B4
:10802000012201EBD41105F06DF803460028F0D0D1
:10803000A4000120C4F308041D5138BD002070477E
:10804000D0F830340133994201D9002070472DE92E
:10805000F04F054683B00C4600F504790F464FF00B
:108060000008D5F82414002248464FEAD41B01EB3F
:10807000D41105F047F890B1A300C3F30803C25828
:108080000193531C16BF16464FF0000A4FF0010A29
:10809000012C04D9D5F830240132944203D90020B0
:1080A00003B0BDE8F08FD5F82414012248465944A6
:1080B00005F028F80028F2D0019B40F80380BAF1BF
:1080C000000F12D00134B44208D00023E21B39461D
:1080D0002846FFF799FE0028E1D03746D5F830341E
:1080E0000133B342DBD33446BBE7621C5346394607
:1080F0002846D21B03B0BDE8F04FFFF785BE00BF96
:108100002DE9F84300250646D0F82C1400F5047834
:108110002C46002240464F1C04F0F4FFA8B100F1A9
:10812000FF3E04F58059D6F8300405E079B90834EB
:10813000844209D24C4516D01EF8011FFF29F5D103
:10814000083408358442F5D3401BBDE8F883082283
:10815000012319424FEA430C18BF0135013A5FFA77
:108160008CF3F6D1E3E73946D3E700BFF8B5002337
:108170004FF0FF3600F504771546C0F8401404466A
:1081800041601A46C0F81412194680F8443403704E
:10819000C66080F81032C0F81C62384604F0B2FFA6
:1081A000042D0DD8064658B1BDB16B1E00EB03136C
:1081B00093F8BE2112F07F0202D193F8C2310BB9BD
:1081C0000020F8BD00EB05163846D6F8B651294612
:1081D00004F098FF06460028F2D005221A49F01C48
:1081E00009F0F4FC0028EBD196F86C30092BE7D1AC
:1081F000336D01462B44C4F82434736DC4F828341D
:10820000B36D2B440125C4F82C34F36DC4F830341D
:10821000336EC4F8343496F86D20C4F82004204638
:1082200002F1090384F8452405FA03F35A1EC4F841
:108230003C34C4F838242A46FFF786FD40232846FC
:1082400084F84434F8BD00BF101F002010B5044668
:10825000D0F83414FFF72EFE94F845340933DBB21E
:10826000984010BD70B590F9023082B00446002BE2
:108270000DDBA56805F1280004F018FF00283BD1AC
:108280006378002043F00103637002B070BD806822
:108290000122A169283004F035FF0028F0D0A5881C
:1082A00005F00F056B0100EB4515C35CE52BE7D02E
:1082B00023781B0701D5E369EB61236A15491A0C82
:1082C0006B830E68AA8266B10DF103020DF10601FF
:1082D00001A8B047BDF80430BDF806202B836B829F
:1082E000EA82A378A56803F07F0305F12800A37054
:1082F00004F0DCFE0028C3D005F50E7004F0D6FEB5
:108300000028BDD0286803681B6A98470028B7D0AA
:10831000BBE700BF0C4B0420024638B552F8105F93
:1083200004468068294602F047F950B155B12369E7
:108330000135AB42A37818BF03F0BF0363F07F039E
:10834000A37038BDA37843F04003F7E7F8B504788D
:1083500014F0200404D11A4B054642699A4202D314
:1083600000273846F8BDFFF7D7FF07460028F7D0AB
:10837000A8682E698279023E416996400E440179CF
:10838000A9B1214606E009F0CFFBA868E1B2027965
:108390008A420BD9314405222830013404F0B2FE60
:1083A0004FF4007200210028EDD1D9E782794FF413
:1083B000007369693846934011FA83F36B61F8BD25
:1083C00000FE1F0010B5044680680A462830A169E7
:1083D00004F098FE20B1A38803F00F0300EB4310D4
:1083E00010BD00BF10B5037804462BB1FFF73AFF6C
:1083F00000232370A37010BD002301202370A370FD
:1084000010BD00BF38B5037805460C4613B1FFF721
:1084100029FFF0B1A8680022A969283004F072FE93
:10842000B8B1AA8802F00F0200EB421352015D6856
:1084300080589968DA6820606560A160E260186918
:108440005D699969DA69206101206561A161E26174
:1084500038BD002038BD00BF30B589B00D46144688
:108460006946FFF7CFFF28B1BDF81020BDF80E30E8
:108470002A80238009B030BD30B589B00D4614463E
:108480006946FFF7BFFF28B1BDF81820BDF81630C8
:108490002A80238009B030BD0B7813F0700F01D112
:1084A00000207047F0B540F6022389B00D4604461F
:1084B00001F016F938B1012210232046A270237072
:1084C000FFF744FF10B9002009B0F0BD22692378FE
:1084D00022626BB1636933B1A378002223F02003D9
:1084E000C4E90422A3702046FFF7BCFE0028EAD0AE
:1084F000A0680122A169283004F004FE0028E2D01F
:10850000B4F804C010220CF00F0C4FEA4C1300EB2F
:108510004C1C8CF80B20C058A768236A97F806E01B
:108520009E1EDCF80410DCF80820DCF80C3006FA9B
:108530000EF6EE46AEE80F00DCF81000DCF8141082
:10854000DCF81820DCF81C30AEE80F007B6907F17E
:1085500028000122F1184FF02033CDF80130CDF87A
:108560000530ADF8093004F0CDFD84460028AAD0CE
:108570002E27EE468DF800707646BEE80F00CCF848
:108580000000CCF80410CCF80820CCF80C308DF8A2
:108590000170BEE80F00CCF81000CCF81410CCF835
:1085A0001820CCF81C302B6A1A0CADF81A30ADF834
:1085B00014200FCECCF82000CCF82410CCF82820C2
:1085C000CCF82C300FCECCF83000CCF83410CCF8EE
:1085D0003820CCF83C30A46804F1280004F066FD93
:1085E00000283FF470AF04F50E7004F05FFD002822
:1085F0003FF469AF206803681B6A09B0BDE8F0402A
:10860000184700BF2DE9F041002694B09846037842
:108610000192ADF814600B96002B41D10B780D46FA
:1086200013F0700F3CD01378044616462F2B3BD026
:10863000002728E0019E3678002E50D001F050F837
:10864000034602AA294620462BB9B8F1000F27D0CD
:10865000FFF722FF20B3A6460DF12C0CBEE80F0059
:10866000ACE80F00BEE80F00ACE80F00DEF80050E9
:1086700020462378CCF800500BB1FFF7F3FD019EA4
:108680000BAD2770A770314601AB02AA204601F05E
:1086900073F9064602AA294600232046002EC9D1B6
:1086A000002014B0BDE8F0810136019633782F2BFD
:1086B000FAD0AD68242200210BA809F035FA0D95F7
:1086C000EB79102B03D0202B0FD00C2BE8D12023DB
:1086D0008DF82C3001230BAD8DF82E30A8E702AABF
:1086E000FFF7DAFE14B0BDE8F0814023F0E700BFE9
:1086F0002DE9F041002594B0984603780192029547
:10870000ADF83850002B37D10B780E4613F0700FB0
:1087100032D01378044615462F2B31D000271EE0A7
:10872000019D2D78002D40D000F0DAFFA6460DF116
:10873000080C08B366462578BEE80F00ACE80F00C9
:10874000BEE80F00ACE80F00DEF800302046CCF8A1
:1087500000300DB1FFF786FD019D2770A7702946F7
:1087600001AB0BAA204601F007F905460BAA3146DA
:1087700000232046002DD3D1002014B0BDE8F081A5
:108780000135019529782F29FAD0A9B9B568242295
:10879000204609F0C9F9A560EB79102B03D0202BF6
:1087A00022D00C2BE8D120221FE043460BAA00F078
:1087B00097FF14B0BDE8F081B6682422002102A81A
:1087C00009F0B2F90496F379102B03D0202B03D0D3
:1087D0000C2BD1D1202300E040238DF80830012359
:1087E00002AE8DF80A3099E7402201232270184624
:1087F000A370C2E719B101F58961FFF779BF084697
:10880000704700BFCB6870B50D46044693B9067833
:108810000EB1184670BD8D682422314609F084F9E6
:10882000A560EB79102B18D0202B10D00C2B14D076
:10883000304670BD2422002109F076F90120102372
:10884000A0702370D5E90223A260236270BD40228C
:10885000012322701846A37070BD2022F8E700BFE4
:1088600070B505780DB1002070BD0E460446242277
:10887000294609F059F9A660F379102B0BD0202B6B
:1088800003D00C2B07D0284670BD40220123227054
:108890001846A37070BD2022F8E700BF09B338B5B1
:1088A000837804469B071AD5036AC3B980680D46CE
:1088B000013904F1200283790933DBB2D940013157
:1088C00001F0C8FE58B1A378227863F01F03E56178
:1088D000A3702AB12046BDE83840FFF7C3BC002092
:1088E00038BD0020704700BF2DE9F04F2DED028B01
:1088F000837883B00546DF0740F18C808846017895
:1089000092460E0700F191808C0608D583685A893B
:108910004369C3EB42139BB29A4528BF9A46BAF10A
:10892000000F00F0AF806A6905F110038806564613
:108930004FF0000908EE103AAF68C2F3080B3DD5BE
:10894000396A01EB5221BBF1000F51D1B6F5007F1E
:108950004ED37A6B91424BD0B6F5806FC0F08280D7
:108960002878730A800605D43879A0EB0900834281
:1089700028BF034691424FEA43240CD8C8188242CC
:1089800009D207F12800CDE9001304F08FFBDDE9DF
:10899000001300283ED0F86A026857694246B8477B
:1089A000002837D06A69361BA04422446A6169D026
:1089B0002978C2F3080BAF688806C1D497F80590F0
:1089C00009EA5229BBF1000F36D1B9F1000F33D1BA
:1089D000002A33D14A064CBF3A6A2A6A2A61023A0F
:1089E000B8797969824049441144BBF1000FADD098
:1089F000CBF50074002207F12800B44228BF3446AA
:108A000004F080FB30B100EB0B012246404605F03C
:108A100071FFC7E76B784FF0FF3043F002036B70D4
:108A200003B0BDEC028BBDE8F08FC36942699B1AAD
:108A30009A4528BF9A4672E72A69D0E70B0705D501
:108A4000AA78540602D52A690132C7E718EE102A1F
:108A50003846296901F06EFE0028DBDB0CD0AF68D8
:108A60002A69BCE7F86A424603681B6998470028F0
:108A7000D0D04FF4007495E72B7813F0700FC9D065
:108A8000AAEB060A504603B0BDEC028BBDE8F08F9E
:108A900070B582B0012204460DF10701D0E90456F9
:108AA000FFF722FF01280CBF9DF807004FF0FF30B1
:108AB000C4E9045602B070BD436913F4F07F30B5C9
:108AC000044683B0C3F3431509D0012907D12033ED
:108AD0004361A068383000EB451003B030BD01227F
:108AE0000DF107012046FFF7FFFE40B2012803D138
:108AF00063691F336361ECE70020EEE72DE9F04185
:108B000003789AB0002613F0180F0896119606D035
:108B1000174683688A6804460D469A4203D00020AF
:108B20001AB0BDE8F081FFF79DFBA6460DF1440C9D
:108B3000BEE80F00ACE80F00BEE80F00ACE80F0085
:108B4000DEF800303246A169CCF80030A36803F1AA
:108B5000280004F0D7FA0028E1D0A288EC4694F867
:108B6000008002F00F0200EB421E5201DEF80410FA
:108B70008058DEF80C30DEF80820ACE80F00DEF894
:108B80001410DEF81820DEF81C30DEF81000ACE817
:108B90000F0018F008033A46294640F09B8008A8C9
:108BA000FFF730FD0028BAD0109EBDF82430002514
:108BB0000E990122A3809DF82330A068E3700B9BDF
:108BC0002830A161E3608DF820508DF8225004F028
:108BD00099FA0028A3D0A38803F00F0300EB4310F9
:108BE000DDF80D30C0F80D30DDF81130C0F811306F
:108BF000DDF81530C0F81530DDF81930C0F819303F
:108C0000BDF81D30A0F81D309DF81F30C3779DF8CA
:108C10000B30C372002E3BD0A068B31E2A46817968
:108C200028308B4050F8141C194404F06BFA0546A8
:108C300000283FF474AF006A6F46696AAA6AEB6A5B
:108C40000FC7286B696BAA6BEB6B0FC73146A06827
:108C500001F092FD00283FF462AFA068236A827998
:108C60002830023B50F8141C93400122194404F0B0
:108C700049FA064600283FF452AF6D460FCD3062E8
:108C80007162B262F3620FCD30637163B263F363FA
:108C900000210222082311A819918DF846208DF891
:108CA000443000F0D3FE00283FF439AFA46804F14B
:108CB000280004F0FBF900283FF431AF04F50E70F2
:108CC00004F0F4F900283FF42AAF206803681B6A17
:108CD000984725E740F601236046FFF709FD002885
:108CE0007FF463AF1BE700BF0378DA0601D40020EE
:108CF0007047436930B5044683B033B183780022AE
:108D000023F02003C0E90422837000230FE0636195
:108D1000A3686A0138339A5C03EB4513EAB1E52A8C
:108D200004D02E2A02D0DB7A1B0722D5636913F404
:108D3000F07FC3F3431503F12003E8D101220DF1C5
:108D400007012046FFF7D0FD40B2012803D1636937
:108D50001F336361DCE763785BB9A37808222046A0
:108D600043F002032270A37003B0BDE8304000F06E
:108D70006DBE002003B030BD2DE9F04103780446FC
:108D80000769002B39D00D464169A94242D0002D18
:108D900037D018072AD5E269AA422ED3D4F808C0E2
:108DA0006E1EA2789CF8060012F0400F00F1090038
:108DB000C0B226FA00F630D14A1EC24009B196422E
:108DC0002FD25B064CBFDCF82030236A236104F10C
:108DD000100806E02169013EA06801F0ABFC002804
:108DE0000BDD4246002EF5D1A2780CE09A06D5D5CF
:108DF000A3685B89B5EB431FF6D900202761BDE866
:108E0000F0818278056122F0200201206561A27064
:108E1000BDE8F0810120BDE8F081236A334423617D
:108E2000F1E7B61AD3E700BF2DE9F0410E4615462B
:108E300000212422044698469DF8187008F074FE1C
:108E4000B068336A00F13802A58005F00F0502EB27
:108E50004512C4E90203D17A0B0711D401F01701BE
:108E60002170D37A13F0180F02D141F0080121705C
:108E700008F00303E770012B38D0022B06D0F3B1C2
:108E8000002318462370A370BDE8F08103232178E6
:108E9000CD06F5D4CE07F3D408F0080118F4806F9E
:108EA00043EA0103A370416B958AA161518B41EAAA
:108EB000054112D019BB63F07F03A37010E018F4D2
:108EC000806FDDD108F0080343F00103A370416B0C
:108ED000938AA161518B41EA03412162D369E36125
:108EE00018F4804F04D10120BDE8F0810223CEE7C1
:108EF000E1692046FFF740FF0028F4D1C0E701F008
:108F00003BFC0028BCD0A378D5E700BF0378002B3A
:108F100045D12DE9F0470B7884B00C4613F0700F63
:108F200030D04B6913F01F052CD106469046A94658
:108F300001220DF10F012046C3F3431A5F09FFF729
:108F4000D3FC40B24FEA4A1201281BD16369A168E1
:108F50001F3301F1380C63611CF802200CEB4A1C32
:108F600082B12E2A12D0A2F1E500B0FA80F04009B9
:108F700060B99CF80B1011F0080E12D00F2907D021
:108F80000546D5E7002004B0BDE8F0870025CFE70F
:108F90005106CDD502F01F059CF80D90C8E70020C2
:108FA000704785B10CF10A0101E01CF8012F4FEA6E
:108FB000CE13614543EA5E0352FA83F35FFA83FE00
:108FC000F3D1CE45DED14346BAB2214630460095B4
:108FD000FFF72AFFD7E700BF03780BB1FFF742B9CD
:108FE000012070472DE9F0470E46017882B009074D
:108FF0009DF828709DF82C909DF830A09DF8348045
:1090000018D5A2F2BC7294B27F2C13D85A1E0193C9
:109010000B2A0FD87A1E1E2A0CD8BAF13B0F98BF24
:10902000B9F1170F06D8B8F13B0F03D80546FFF783
:1090300019F918B9002002B0BDE8F087A86801222C
:10904000A969283004F05EF80028F3D0019B4FEAAC
:109050005802A98847EA4313F70701F00F0142EAD3
:109060004A1243EA442300EB41109BB242EAC92270
:1090700048BF4382B40792B208D518F001080382B2
:10908000C28118BF4FF0640880F80D80710701D5C8
:109090000383C282AC6804F1280004F007F80028BA
:1090A000C8D004F50E7004F001F80028C2D0206882
:1090B00003681B6A02B0BDE8F047184783789B0736
:1090C00027D5036A10B5044682B0ABB1016911BB64
:1090D000019301621946A06801F04EFBB0B1A3787C
:1090E000616963F07F032278E161A37022B12046B9
:1090F000FFF7B8F802B010BD012002B010BD6FF04C
:1091000070422169A06801F027FB68B9002002B015
:1091100010BD00207047002301AA8068019301F070
:1091200009FB0028F2DBEAD1019B002BD7D0D1E765
:109130002DE9F047837805469C0777D588461907BF
:10914000914600F1B5806B6913EB09026ED2B9F15B
:10915000000F40D04F464FF0000AA868C3F308063E
:109160002969447914EA53243FD1002E3DD10029C6
:109170006ED0AA78520676D5EA699A4273D901313F
:10918000296102398279436991401944B7F5007F1A
:1091900053D3B7F5806F70D303797A0A1B1B9342C0
:1091A00028BF1346426B8A424FEA432407D35E1816
:1091B000B24204D24FF0FF3280F828A04263C06A66
:1091C00042460668B66AB04780B36B693F1BA0444D
:1091D00023446B61C1D1EA699A4276D2AA784846A3
:1091E000EB6162F07F03AB7025E08279023943695D
:1091F000914019442144002EC8D0C6F500740122C4
:10920000BC4228BF3C46283003F07CFF70B130449C
:1092100026442246414605F06DFBB6F5007FA8685E
:10922000D3D1283003F042FF0028CED16B78002044
:1092300043F001036B70BDE8F087C6F500746A69FE
:10924000EB69BC4228BF3C469A4205D30522DAE7C7
:10925000296A21B3296194E7AB7813F0200F14BF7A
:1092600005220122CFE705F1100201F063FA002880
:10927000DCDB24D0A868296983E7436B8B4204D1E7
:109280004FF0FF3380F828A04363C06A424603686A
:109290005B6A98470028C9D04FF4007495E72846C8
:1092A000FFF73AF80028C1D02969A868296268E761
:1092B000C169FFF761FD00287FF445AFB6E7284696
:1092C000FFF72AF80028D5D1B0E7054B1B682BB172
:1092D000AB78484663F07F03AB70ACE74846AAE73B
:1092E0000C4B04202DE9F04F84468DB014461568D0
:1092F00098460646894603AF01934FF0000EBCE83E
:109300000F000FC7BCE80F000FC7DCF80030656026
:109310003B604346A4F80CE0002B3FD04FF0010A1D
:10932000A9EB0A0103A889B24901FFF725FD50B353
:10933000002103A8FFF7C0FB074620B300250DE07E
:1093400003F008FF8046584604F018F8834640466C
:1093500004F014F8834516D10D2D18D0EAB2394621
:109360003046013500F0E4FEA38983462046002BF9
:10937000E6D1D4E901329342E2D1BBFA8BF0400945
:109380000DB0BDE8F08F00200DB0BDE8F08F0AF100
:10939000010A019B5FFA8AFA5345C1D20120EFE727
:1093A0002DE9F04F07468DB016469A460DF10C0C8C
:1093B00002F1150402F1200501914FF000090FCFD1
:1093C000ACE80F000FCFACE80F003B68CCF80030E2
:1093D0004FEAC91314F8012F43EA5903A54252FA80
:1093E00083F35FFA83F9F3D133684FF000087360B9
:1093F000A6F80C80BAF1000F4ED00127019B03A8FC
:10940000D91B89B24901FFF7B7FC002855D00021CC
:1094100003A8FFF751FB00284FD0059A574500F1EC
:10942000010B4FF0010492F828304FF0000543F093
:10943000010382F828304FF00F030CBF47F04002C1
:109440003A46C3724FF00003027003734FF00003FB
:1094500080F80D90438306E0ABF80000013401353D
:109460000BF1020BE4B2B08918B9D6E901239A4294
:1094700016D0304603F06EFE042DEBB2ECD90A2B69
:1094800002D8ABF80300E9E70D2CABF80500E5D1F5
:109490000137FFB2BA45B1D201200DB0BDE8F08F5F
:1094A000B8F1000F06D008F101084FF6FF705FFA1F
:1094B00088F8E1E74FF00108DEE700200DB0BDE8D5
:1094C000F08F00BF02464FF0203152F8163B2DE9D5
:1094D000F043C0F81610864684685160C2F8071041
:1094E0001A782E2A14BF0120002003D113F8012F6F
:1094F0002E2AFBD0611E99420BD90A4602E0934204
:10950000114606D01146013A91F800C0BCF12E0F69
:10951000F5D19C424FF0000540F2868007260827CF
:10952000A946A84606E001330A264FF0080910278D
:109530009C425BD91A782E2A08BF9942F3D0222A7E
:109540000DD07C2A0BD0A2F15B0CBCF1020F06D926
:10955000A2F12A0CBCF1050F21D82D2A1FD002F050
:10956000C002802A5DD04E452FD299422CBF0020E8
:1095700001200A2E08BF40F00100002847D09EF8C5
:109580001630202B40D09EF8143001207E2131224D
:1095900073448EF815009975DA75BDE8F083A2F171
:1095A0003A0CBCF1050FDAD9A2F1210CBCF15D0F28
:1095B000D5D84E45D9D3A2F1610CBCF1190F28D8EA
:1095C000203A3D43D2B2EDB201E000205F2209F122
:1095D000010CF144013389F816205FFA8CF2062A57
:1095E000914698BF8EF814209C42A3D89EF816305E
:1095F000202B09D00028C6D018EA050F18BF022575
:109600008EF81550BDE8F0830020BDE8F0830B46CE
:109610008EE7A2F1410CBCF1190F98BF47EA080888
:10962000D5E70133002083E7A846DFE72DE9F84FAF
:109630004FF0620900250F460446DFF8A0B04FF056
:109640007E0A91F8148001F11606B8F1030FDBF8D9
:10965000003028BF4FF003082B449DB208F10403EB
:10966000DBB205F00F02581E2D09092A02F137015D
:1096700098BF02F13001FA18C3B291759845F0D144
:1096800007EB08030021204683F816A0FFF774FBC0
:1096900001212046FFF710FA03460B2230469BB10A
:1096A00093F800C01946BCF1000F13D0DB7A1B07FA
:1096B000EED408F009FA0028EAD109F1FF3919F0CF
:1096C000FF09C2D1484603E06078B0FA80F0400953
:1096D000BDE8F88F0120BDE8F88F00BF6446062082
:1096E0002DE9F04F2DED028B8BB0CDE902038B6895
:1096F00007930B7813F0700F53D0029B1B78002B4D
:109700004FD1136990469A4A0E460C33A2FB0323AD
:10971000C3F3870298F815309807049200F0A780E9
:10972000571CFFB20023304619461C460693FFF72C
:1097300023FB08F11603A346A146A24608EE103A01
:109740000594756900213046FFF7B6F9C5F34F154A
:10975000034620B30278E52A29D042B3BC4238BF81
:1097600000242E2A2BD090F80BC0BCF10F0F54D040
:109770001CF0080C23D1B9F1000F40F0D5800B226A
:1097800018EE101A08F0A0F90028DAD198F8153070
:1097900013F0010300F0E48001230593D1E773780F
:1097A00083B100200BB0BDEC028BBDE8F08F002C24
:1097B00008BFAA46BC4201D20134E4B212B14FF054
:1097C0000009BEE7039B9A05EBD503F00303013BB9
:1097D000012BE6D8002C08BFAA46BC4203D348E0C0
:1097E000DCB2A74245D000213046FFF765F9631C83
:1097F0000028F5D17378002BD3D1A74239D9079D22
:1098000005E02B7904EB0314E4B2A74231D93046CA
:10981000FEF79CFD0028F4D1C3E7B9F1000F19D180
:1098200002F01F0B049959458BD112F0400988D0E2
:10983000437B89460693BBF1010F82D1691C4B46DD
:109840004246304689B2FFF74DFD002808BF4FF071
:10985000000976E70BF1FF3B5FFA8BFB5A45AED16F
:10986000437B069A9342E6D04FF0000969E701274F
:1098700058E7059B2BB141463046FFF7D7FE00283D
:109880008FD0013F42463046FBB20AEB03051F462C
:10989000ADB22946FFF784FD002882D06901304629
:1098A000FFF76AFA00283FF47CAF00213046FFF74B
:1098B00003F9044600283FF474AF2022002108F089
:1098C00033F9D8F81620D8F81A302260636098F877
:1098D0002030B8F81E20A372228198F8153003F0CA
:1098E00018032373234B1B68002B3BD00DF123027D
:1098F0000DF1260109A89847BDF824302382BDF850
:109900002630E3819DF823306373079A92F828305C
:1099100043F0010382F82830039B2A46314602981F
:109920000097FFF781FA3DE7BBF1010F7FF439AFF4
:109930000A3001E013F8012F4FEACC11984241EAB6
:109940005C0152FA81F25FFA82FCF3D1069B634517
:109950007FF427AF4F46039B19053FF522AFDBE7A6
:109960001F46F8E745F62143238223836382CCE731
:109970004FECC44E0C4B04202DE9F0411F460B78F0
:1099800082B00C46202B154603D114F8013F202B42
:10999000FBD02C60237863B32F2B2AD04FF0000824
:1099A000294E211D204601AA03F09CFC044670B1FB
:1099B000019BB3F5803F40D27F2B08F1010831D8DD
:1099C0003C2BD9B229D8212905D81F2909D8002034
:1099D00002B0BDE8F0812239C9B226FA01F1CA0706
:1099E000F5D42E2B01D0202B1CD123780BB12F2B9B
:1099F000D7D12B69013BFE2BE9D82378202B03D14B
:109A000014F8013F202BFBD02F2BF9D028463C60C7
:109A100002B0BDE8F041FFF755BD5C29D7D005D9AC
:109A20007C29D4D0C5F81080AC60DEE73E3901292E
:109A3000F8D8002002B0BDE8F08108F10208AC605F
:109A4000C5F81080D1E700BF01210005F0B5002363
:109A50008BB0019383789A0724D5016A054619B122
:109A6000806800F089FEE8B101212846FEF7AAFCD3
:109A7000C0B1421E00F10A0C0024E30112F8011FDC
:109A800043EA5403944551FA83F3DCB2F5D1E52659
:109A900000230670AF682B7007F12800AB7003F04D
:109AA00005FB10B900200BB0F0BD07F50E7003F0F8
:109AB000FDFA0028F6D0386803681B6A984700282A
:109AC000F0D0EB78002BEED0294601A8FEF79AFEE5
:109AD0000028E7D0EB78002BE4D0012721E001A893
:109AE000FEF7EAFF7B1CF9B20028DBD0C27A0F2A0E
:109AF000D8D102785FFA83FC9FB202F01F038B4239
:109B0000D0D1437BA342CDD10670A96891F828300B
:109B100043F0010381F8283053060DD4EB786345F8
:109B2000C0D3A98801A8C91B89B24901FFF724F94C
:109B300000210028D3D1B5E7AC6804F1280003F078
:109B4000B5FA0028AED004F50E7003F0AFFA002885
:109B5000A8D0206803681B6A9847A4E72DE9F8435A
:109B6000DDF82090A2B105460C469846571801E052
:109B7000BC420DD02B68204649465E6AC04721464C
:109B8000024628460134B0470028F1D1BDE8F883E9
:109B90000120BDE8F88300BF486810B50C4630B11D
:109BA0000B894A8901339BB29A420B8101D9206803
:109BB00010BD0368012203495B68984700232068B1
:109BC000238110BDC41E00202DE9F04F054687B04B
:109BD0008846924600214FF40072406A07F0A4FFC5
:109BE000286A28B103680C223A495B689847286ABA
:109BF0006B6A4FF00009EE690AF1FF32DFF8E0C04E
:109C0000E968ADF814904C1CCDE903304FEA5A13C3
:109C1000ADF816303368DF6A674526D16AB301EBC9
:109C20000A07DFF8C0A00AE02146039A3046013453
:109C3000D84700283FD0A7421ED033680498D3F8F5
:109C400024B00028F0D0BDF81430BDF81620013340
:109C50009BB29A42ADF81430E6D80368514601220F
:109C60005B689847ADF81490DEE703AB21463046B9
:109C70000093194BB847F0B1286A20B1036802225B
:109C800016495B689847B8F1100F4FF0F8016A6AFF
:109C90004FF001030CBF04200C201170FF216A6AF1
:109CA000D15401339842FAD1E8696A6A0368E968D5
:109CB0005B6A984718B9002007B0BDE8F08FD5E976
:109CC0000231E86919446A6A03685B6A984707B019
:109CD000BDE8F08FB41E0020D9790000DC1E002002
:109CE0009D790000C41E002038B5436A4FF400750A
:109CF000044600212A46184607F016FF4FF020318F
:109D0000EB22A0F80B50C0F803100346C0F8071070
:109D100090210270762099700222587094F82B10CE
:109D200059734AF65521208D1A74F822D8815A7534
:109D30002269DA61A269A3F8FE111A6238BD00BF78
:109D400070B504464FF400720021406A07F0ECFE43
:109D5000656A2269216805F2BF1003F021FAA36940
:109D6000226905F2C31021681A44013A03F018FA77
:109D700094F82A204AF6552385F8C2212269E06921
:109D8000C5F8C621626AA169A5F8FE310368C5F865
:109D9000CA1100215B6ABDE87040184770B546697A
:109DA0004FF4807390F82BE00446A6F58072456A64
:109DB0004360B2FBFEF202F2011C4FEA1C214FEAA3
:109DC000410C81600CF1A10098420ED98033F21A47
:109DD000B2FBFEF202F20111090A4FEA410C0CF14A
:109DE000A1008342F2D3C4E901311B1AA2F6F57136
:109DF00003F18000B1F5704F20614FD20CF1210CBE
:109E00008133204602FB0EC2E360B2F5803FA261BF
:109E100034BF0423062384F82A3001232385FFF767
:109E20008FFF08B9002070BD2046FFF75DFF292293
:109E3000A1684FF0203385F826204622C5F82F3040
:109E4000802085F836205422C5F82B30C5F83230F2
:109E5000312385F838203622E982412185F83930CE
:109E600085F837104FF4007185F8240085F83A2002
:109E70000F4BE069C5F827300368A5F81110626A36
:109E800021695B6A98470028CCD062682046E36865
:109E90001021D21ABDE87040FFF796BE206A002854
:109EA000C0D00368132203495B689847002070BD47
:109EB00087D61200881E0020F8B546694FF400537B
:109EC00090F82BC04FF48042A6F58041036142F226
:109ED000090E0446456A4260B1FBFCF101F18103C1
:109EE000DB0983600EEB4300904240F2B68002F53E
:109EF0000052B11AB1FBFCF101F18103DB090EEB59
:109F000043005F008242F2D3C4E901234FF6F473A9
:109F1000994240F2978001FB0C2CA2F5005220469A
:109F2000D21B92B202F5005322854D4AE360ACF594
:109F30000053944594BF4FF00B0C4FF00C0CA361F1
:109F400084F82AC0FFF7FCFE08B90020F8BD2046BF
:109F5000FFF7CAFEA16829224FF0203380206962F2
:109F600085F8422054214622C5F84B3085F8400040
:109F70004120C5F84730C5F84E30022385F85220FD
:109F8000332285F85410322185F8552085F8530086
:109F900085F85610EB62E069324B334A2B63036855
:109FA000C5F843205B6A626A216998470028CCD0D3
:109FB000E069216903680631626A5B6A9847002894
:109FC000C3D04FF400720021606A07F0ADFDE06974
:109FD000264A0368C5F8FC2121695B6A0231626A7E
:109FE00098470028B1D0E069216903680831626AA6
:109FF0005B6A98470028A8D04FF0FF33E0691C4AFD
:10A00000C5E97A331B4B2A60C5F8E431036821693E
:10A01000626A5B6A01319847002896D0E06921693D
:10A020000368626A07315B6A984700288DD0A2688E
:10A03000204694F82B30202103EB4202BDE8F84083
:10A04000FFF7C2BD206A00283FF47FAF03681322E8
:10A0500009495B6898470020F8BD5F0056E700BFDC
:10A060000004FB000100060087D61200000055AA7C
:10A070005252614172724161881E002038B5044617
:10A080000D68C16108466262EA692362904700F286
:10A09000FF736061DB0A062B236024D9102B13D8D1
:10A0A0000223B0F5800F84F82B3020462ED2FFF724
:10A0B00075FE0546206A05B320B103680D221949D3
:10A0C0005B689847284638BD202B23D9402B23D9DD
:10A0D000802B23D9B3F5806F22D9B3F5004F8CBF05
:10A0E00080234023DDE7206A20B1036814220E4953
:10A0F0005B6898470025284638BD0028FAD00368D9
:10A100000F220A495B689847284638BDFFF7D4FEFE
:10A110000546CFE70423C4E70823C2E71023C0E7BE
:10A120002023BEE7681E0020501E0020781E00205D
:10A13000042A04D801EB4202B2F8010070470A2A4F
:10A1400003D801EB4202908870470C2A03D801EB38
:10A150004201C88870470020704700BFF8B50478F6
:10A160000E467CB114F06004174607D0012A09D9C5
:10A170002F22002301200A704B70F8BD2146FEF704
:10A1800021F918B9002318463370F8BD0346A446D8
:10A19000082111E0027B114203D00EF1200E5FFA7C
:10A1A0008EFE651CBD42EDD20CF1010C06F804E0F8
:10A1B000ECB2BCF10C0F10D0BCF1080F11D013F8A9
:10A1C00001EBAEF14102192AE4D9BEF1200FE8D12A
:10A1D0000CF1010CBCF10C0FEED1002320463355DD
:10A1E000F8BD1A78202AF8D010214FF02E0ED8E7AB
:10A1F0002DE9F04F00248BB0037889460194002BA1
:10A2000055D0C3780646002B58D0014601A8904689
:10A21000FEF7F8FA00284AD0F078002843D008F179
:10A22000FF38CB464FF0010AC844B18801A8A1EB22
:10A230000A0189B24901FEF79FFDC0B3002101A8C0
:10A24000FEF73AFC98B3C37A0F2B30D103785FFA4C
:10A250008AF103F01F038B4229D1471C0025042DEE
:10A26000EBB23FD83B8874BB03F5205189B2B1F5FE
:10A27000006F3ED3A3B118465946424602F0E0FFB4
:10A280008346A0B10024013502370D2DE7D10AF134
:10A29000010AF1785FFA8AF31FFA8AFA9942C4D266
:10A2A000ABEB0900D946002389F8003003E0002316
:10A2B000184689F800300BB0BDE8F08FFFF74EFF6D
:10A2C0000BB0BDE8F08F03F5105189B2B1F5806F86
:10A2D000EDD20A4AC3F3090302EA8420184300F5C9
:10A2E0008030C9E70A2B94BFB7F80330B7F80530C0
:10A2F000B9E7B1F5806FDAD21C46C4E700FC0F0065
:10A30000FFF776BF2DE9F843DDE90887C3B1814641
:10A310000C4615465E1802E0C047B44210D0D9F88A
:10A32000003021462A4648461B69984703463A466C
:10A33000204629460134002BEED11846BDE8F883AB
:10A3400001231846BDE8F88310B41468B4F5807F83
:10A35000A44628BF4FF4807C01EB4C00814207D219
:10A3600031F8023B13B95368013353608842F7D880
:10A37000A4EB0C0414605DF8044B704710B414682F
:10A38000802CA44628BF4FF0800C01EB8C0081424A
:10A3900007D251F8043B13B9536801335360884224
:10A3A000F7D8A4EB0C0414605DF8044B704700BFB1
:10A3B0002DE9F843C37904460D461746202B59D0A2
:10A3C000102B30D00C2B51D1027AC1F34E0183698E
:10A3D00000F50E7911FA85F1A2F1020248468EB21B
:10A3E000B2FA82F2C1F34621520901EB030852008E
:10A3F000414602F087FE002838D0C6F30806731CD9
:10A40000865DB3F5007F23D018440378EA07E2693C
:10A4100046EA03234CBF1B09C3F30B039A4240D205
:10A420000020BDE8F883027AC1F30721836900F5B3
:10A430000E70A2F102021944B2FA82F252095200DD
:10A4400002F060FE90B16D0005F4FF75435B25E0FE
:10A45000227A08F101014846A2F10202B2FA82F220
:10A460005209520002F04EFE0028CED14FF0FF30CC
:10A47000BDE8F883027A816900F50E70A2F102024C
:10A4800001EBD511B2FA82F25209520002F03AFE03
:10A490000028EBD0AD0005F4FE754359E2699A42FD
:10A4A000BED301203B60BDE8F88300BF2DE9F8432F
:10A4B000C37905460C461646202B48D0102B2DD0CC
:10A4C0000C2B41D1C1F34E01836900F50E7911FACD
:10A4D00084F11FFA81F8C1F34621CF18037A484668
:10A4E000022B394614BF0122032202F00BFE58B39F
:10A4F00014F00104C8F308033FD0C25C02F00F025D
:10A5000042EA0612C2540133B3F5007F3AD0C6F3D3
:10A510000712034401201A70BDE8F883027AC1F3E0
:10A520000721836900F50E70022A194414BF012225
:10A53000032202F0E7FD034630B16400012004F479
:10A54000FF741E53BDE8F8830020BDE8F883037A4A
:10A55000816900F50E70022B01EBD41114BF0122AA
:10A56000032202F0CFFD03460028EDD0A400012015
:10A5700004F4FE741E51BDE8F883C6540133B3F5EC
:10A58000007F15D12B7A791C4846022B14BF01227B
:10A59000032202F0B7FD03460028D5D0C6F3071208
:10A5A000002CB7D1197821F00F0141EA1212B1E75E
:10A5B000C6F307120344F5E72DE9F041C46882B001
:10A5C00005460E468C42904640D301270134EB6984
:10A5D00001AA2846A34205D29FBBEC6801273C4450
:10A5E000A3422ED3A64218BF012C214629D9FFF73A
:10A5F000DFFE002825DBE9D0019B002BE6D107B167
:10A60000EC60EB69A3421CD36FF0704221462846F0
:10A61000FFF74CFF0746A0B13EB96B6A002B01DB88
:10A62000013B6B62C8F800400CE0012E09D0EB69D9
:10A630009E4206D8314622462846FFF737FF0028BB
:10A64000EBD10027384602B0BDE8F0810C46002768
:10A65000BCE700BF2DE9F047C4689246C26984B0E8
:10A660000134012C8CBF00230123944288BF43F0A6
:10A67000010353BB05460E46A0464FF001090AE010
:10A68000A04518BF4FF00009EB690134A342A04672
:10A690001BD3012C19D9214603AA2846FFF788FEAF
:10A6A0000028B0FA80F310DB039A5B09002A18BF78
:10A6B00043F00103002BE3D1621CA2EB0801B1427D
:10A6C00008D01446EB69A342E3D20023184604B035
:10A6D000BDE8F087B9F1000F00D0EC60EA69A24252
:10A6E000F4D36FF07042214628460193FFF7DEFE57
:10A6F000019B81460028E9D004F1FF3C44452246F5
:10A700002846614664460CD9BCF1010FDED9EF69D9
:10A71000BC45DBD80193FFF7C9FE019B0028EBD1B4
:10A72000D4E76B6A002B01DB9B1B6B624B46CAF8BC
:10A730000080CBE701290CD910B4C4698C4203D343
:10A740005DF8044BFFF734BE4FF0FF305DF8044B6B
:10A7500070474FF0FF30704701290BD910B4C4691E
:10A760008C4203D35DF8044BFFF7A0BE00205DF8D8
:10A77000044B70470020704770B5054682B00C4608
:10A780001DE0EB699C421FD8FFF712FE06462146EA
:10A790000022002E284617DBEB699C4214D8FFF7F5
:10A7A00085FE621E80B16B6A002B03F10103A8BF16
:10A7B0006B62EB68A342019C88BFEA602EB1012C5A
:10A7C000214601AA2846DCD8002002B070BD00BF97
:10A7D0002DE9F0470646406A84B000281BDAF2797A
:10A7E0000C2A1BD1F7697B1C022B40F2CD8002247E
:10A7F0000025214602AA3046FFF7DAFD002804F1C1
:10A80000010306DB57D1A7421C465CD0F269934294
:10A81000EFD94FF0FF3004B0BDE8F087F1690020B8
:10A8200096F8383201313469DB07CDE9021000F1C6
:10A83000858000214FF0FF33202A06F5127786F835
:10A840003812C6F8443242D0D6F800804F4BD8F8C0
:10A850000020D6F818A095699D4278D1002C00F010
:10A8600082800AEB0409136951463A4640469847EC
:10A870000028CED00299B1F5807F8E4628BF4FF4D4
:10A88000807E07EB4E0CBC450BD9039D3B46002256
:10A8900033F8024B0CB9013502469C45F8D802B199
:10A8A00003950AF1010AA1EB0E01D14502915AD09C
:10A8B000D8F80020D7E7029A002AA4D1A74205F1D0
:10A8C00001051C46A2D1284604B0BDE8F087D6F8A1
:10A8D00000A02E4BDAF80020D6F8189095699D421A
:10A8E00046D1002C3FD009EB0408136949463A468B
:10A8F0005046984700288CD0DDF808C0BCF1800F86
:10A90000E64628BF4FF0800E07EB8E02BA420BD905
:10A91000039D3B46002153F8044B0CB90135014619
:10A920009A42F8D801B1039509F10109ACEB0E0385
:10A93000C845029317D0DAF80020D6E706F50E7066
:10A9400002F0B4FB00283FF464AFF27971E72346CC
:10A9500002AC3A465146019440460D4C0094A8473B
:10A9600000283FF456AF0398706204B0BDE8F0874A
:10A97000234602AC3A46494601945046054C0094A1
:10A98000A8470028EFD144E7002044E745810000B4
:10A9900089810000BD81000070B500230446154682
:10A9A00001204FF0FF3204F128062160E371E060DE
:10A9B000E162C4F83C1284F8283084F838326263CB
:10A9C000C4F84422CDB1042D01D9002070BD1A462F
:10A9D0001946304602F096FB6FF0704300F5DF72C7
:10A9E0002B441D0102EB03130028EED01979002936
:10A9F000EBD0525D5206E8D19D68002229463046D0
:10AA000002F080FB0028E0D0B0F80B30B3F5007FF7
:10AA1000DBD1037C5A1E2372012AD6D8417B4B1E00
:10AA20000129217163714FF00003A37144D0012209
:10AA300052000133D2B2DBB2914204D0082BF7D1DD
:10AA40000020A37170BD1E46A371C18A216109B99E
:10AA5000416A2161C289B0F811302A4463815B01E7
:10AA6000A26190F810C003F2FF1301FB0C2202EB6D
:10AA700053232262B0F81320636102B9026AED1A0F
:10AA8000AB18F3405A1CE2614FF0FF32626240F6AD
:10AA9000F47293420CD94FF6F47293420AD9C26A07
:10AAA000202322620120E3712163C4F8401270BDAB
:10AAB0000C23F7E71023F5E71E46C6E7F8B5002696
:10AAC0008F6B0D460446C0E90E669FB101462420F7
:10AAD00000F036F9068086708446AD6BA0630FCD1A
:10AAE000ACE80F000FCDACE80F002B68CCF80030BD
:10AAF0002046F8BDCB6B002BFAD00146382000F081
:10AB00001FF980F8317047860246EB6BE06303F172
:10AB100030071E68103353F80C5C103253F8080CE1
:10AB200053F8041CBB4242F8106C42F80C5C42F82B
:10AB3000080C42F8041CECD11B6820461360F8BDD9
:10AB4000884270B5044621D0806B0D4618B1FDF7E0
:10AB500049FC002841D1E06B18B1FBF7F5FA002859
:10AB600041D1AE6BA6B12146242000F0E9F80023C4
:10AB7000844603808370A063AD6B0FCDACE80F00FB
:10AB80000FCDACE80F002B68CCF80030204670BD2C
:10AB9000EB6B002BFAD02146382000F0D1F880F87A
:10ABA00031604686E063EB6B03F1300C1E681033B6
:10ABB00053F80C5C103053F8081C53F8042C634510
:10ABC00040F8106C40F80C5C40F8081C40F8042C6D
:10ABD000ECD11B680360204670BD0023A363AE6BFD
:10ABE000002EC0D1D4E70023AE6BE363002EBAD1B0
:10ABF000CEE700BF10B50446806B10B1FDF7F2FB45
:10AC000030B9E06B10B1FBF79FFA20B9002010BDFE
:10AC10000023A36310BD0023E36310BD002952D0BD
:10AC20002DE9F0410446806B0D4617461E4610B1D3
:10AC3000FDF7D8FBA0BBE06B10B1FBF785FAB8BB02
:10AC4000D5F88084B8F1000F11D02146242000F0FF
:10AC500077F8334600263A4606808670A063D5F81A
:10AC60008014FDF7C7FD58BBA063BDE8F081D5F89F
:10AC7000843493B12146382000F062F8334680F8DE
:10AC800031803A46A0F83280E063D5F88414FBF7AF
:10AC90008FFEA8B9E063BDE8F0810020BDE8F08137
:10ACA0000023D5F88084A363B8F1000FCDD1DEE78F
:10ACB0000023D5F88084E363B8F1000FC5D1D6E74F
:10ACC0000120BDE8F0810020704700BFF8B50446C0
:10ACD000806B0D46174610B1FDF784FB38BBE06B67
:10ACE00010B1FBF731FA38BBAE6B76B121462420A8
:10ACF00000F026F800213A4601808170A063A96B1C
:10AD0000FEF704F988B9A063F8BDE86B0028FBD012
:10AD10002146382000F014F83A4680F83160468623
:10AD2000E063E96BFBF74CFE20B10120F8BD002386
:10AD3000A363D9E7E063F8BD0023E363D4E700BF72
:10AD4000084670472DE9F041002604469846C0F8B1
:10AD50008814C0F8806401464FF490601746FFF7EE
:10AD6000EFFF424680F84464054680F87964A0F815
:10AD70007A64C4F88404D4F88814FDF7F7F9A0BB0A
:10AD80000026214640F26C40C4F88464FFF7D8FFE7
:10AD90000223C6714246A0F84864054680F84A641A
:10ADA0000372C4F88004D4F88814FFF7F5FD38B9AD
:10ADB00000231A4A18461360C4F88034BDE8F081B5
:10ADC00005F589663046FDF70DFB29463046FDF74F
:10ADD00047FD0028ECD0124B1A68AAB91D600F4B32
:10ADE000AFB101201C60BDE8F08105F589663046F1
:10ADF000FBF7AAF929463046FBF7D4F90028BFD063
:10AE0000084B1A68002AE9D0044B002FE9D11A68D0
:10AE1000002AE6D00120BDE8F08100BF1C4C0420D0
:10AE2000204C0420104B042070B500254FF47A7696
:10AE30000446456005738660C0E91255034D40F82D
:10AE4000105BFFF7EBFE204670BD00BFB82000206E
:10AE50004FF0FF30704700BF407C7047007D704767
:10AE6000407D704701207047007F70472DE9F04713
:10AE70001E46C37C05460C46022B9146089F28D0EF
:10AE80002B68214628461B6E984798B1AC61B9F1F2
:10AE9000000F12D004EB090801E0A0450DD039469F
:10AEA0002046B0472B6801462846DB6D01349847A1
:10AEB0000028F2D10020BDE8F087AB69287F4B4421
:10AEC000AB610028F7D12B6828465B6EBDE8F047E0
:10AED000184783698B42D3D1D9E700BF704700BFC1
:10AEE000043002F0B5B800BF10B50446202103F0CD
:10AEF0009DFD204610BD00BF2DE9F0411F46C37CDB
:10AF000005460E46022B144624D02B6831462846AF
:10AF10001B6E984778B1AE6187B1002601E0B74259
:10AF20000CD02A68214628460136D26D04F50074FB
:10AF300090470028F3D10020BDE8F081AB69287F5D
:10AF40003B44AB610028F7D12B6828465B6EBDE817
:10AF5000F041184783698B42D7D1DDE72DE9F041F5
:10AF6000204E074600F10408356805F51675ADB2A8
:10AF700003E03368EB1A1B0410D4404602F06CF86F
:10AF8000FF280446F5D1FD21404602F07FF8BB7C46
:10AF9000CBB900230120FB74BDE8F0811E23B87CEF
:10AFA0007B740028F8D0387C012102F009F8FF21D9
:10AFB000404602F06BF8404602F022F800231846A3
:10AFC000BB74BDE8F0810121387C01F0F9FF214616
:10AFD000404602F05BF8404602F012F80023BB74D2
:10AFE000D7E700BF644606202DE9F041C37C012B62
:10AFF00035D0867C04464EB1043002F02DF8B0F115
:10B00000FF0518BF01252846BDE8F081071D4FF058
:10B010000108384601F0D6FF3146207C01F0D0FF10
:10B02000FF21384602F032F8384684F8128002F0E8
:10B0300013F8A37CB0F1FF0518BF0125002BE2D067
:10B040004146207C01F0BCFFFF21384602F01EF88B
:10B05000384601F0D5FF2846A674BDE8F0810025EA
:10B060002846BDE8F08100BF2DE9F843204F044693
:10B07000884691463D68061D05F59675ADB203E01C
:10B080003B68EB1A1B040DD4304601F0E5FFFF28A6
:10B090002075F5D0FE281AD01823A07C637430B92F
:10B0A000BDE8F8831D23A07C63740028F8D0207CC1
:10B0B000012101F085FFFF21304601F0E7FF304616
:10B0C00001F09EFF00231846A374BDE8F8834A46AA
:10B0D0004146304601F0CCFF207538B9304601F0CA
:10B0E000BBFF304601F0B8FF0120D9E72523D4E7A4
:10B0F00064460620F0B5002783B00C2104463A468A
:10B10000C77400F05BF8B0B9A67C1EB901263046C2
:10B1100003B0F0BD05460121207C01F051FF201D48
:10B12000FF21019001F0B2FF019801F069FF304664
:10B13000A57403B0F0BD0923A67C6374002EE6D08D
:10B14000251D207C01213E4601F03AFFFF212846C3
:10B1500001F09CFF284601F053FF3046A77403B06E
:10B16000F0BD00BFC27C022A03D0012A04D0012016
:10B17000704703685B6E1847FFF7BCBF38B50368BC
:10B180000D460D4904461A6A8A420CD1C27C022A35
:10B1900004D0012A0BD00120257738BD5B6E98477B
:10B1A0000028F8D138BD90470028FBD0F3E7FFF71F
:10B1B000A1FF0028F6D0EEE7A58F00002DE9F041B1
:10B1C000036882B00F463549019206461A6A8A42E0
:10B1D0005ED1C27C022A41D0012A5BD0B47C002C13
:10B1E00047D0351D0C2F11D0DFF8B480D8F80040BF
:10B1F00004F59674A4B204E0D8F80030E31A1A04F7
:10B2000034D4284601F028FFFF28F5D10DF10408B9
:10B2100002AC47F04001284601F038FF14F8011D48
:10B22000284601F033FFA045F8D1002F28464FF003
:10B230000A040CBF9521872101F028FF284601F060
:10B240000BFF2846013C01F007FF0306A4B230754E
:10B2500001D5002CF5D102B0BDE8F0815B6E9847B6
:10B260000028BBD1FF2002B0BDE8F081002FCDD077
:10B27000F8E7351D284601F0A5FE2146307C01F097
:10B280009FFEFF21284601F001FF0123B374A9E7C7
:10B290009047E5E7FFF72EFFE2E700BFA58F00002C
:10B2A000644606202DE9F04788B005464FF00008B7
:10B2B000174601AC2E1D85F8128085F8118085F89F
:10B2C000158084E80E009DF80400287401F074FED7
:10B2D0000121287C01F074FE6C490723C5E90213A3
:10B2E00094E8070005AB83E8070030460ECB01F079
:10B2F00073FEAC7C85F81380002C67D00A240121F2
:10B30000287C01F05DFEFF21304601F0BFFE611E8A
:10B3100011F0FF04F7D121460A24287C01F050FEE9
:10B32000002228461146FFF749FF012804F1FF33A8
:10B3300004460AD013F0FF04F2D10123A87C6B74F9
:10B34000002851D108B0BDE8F0874FF4D57208212C
:10B350002846FFF733FF420757D56C752B68DFF897
:10B3600030A19B6D534561D1687DA0F10204DFF8E7
:10B370002491B4FA84F4D9F80030640903F5FA682A
:10B38000A4071FFA88F805E0D9F80030A8EB0303FA
:10B390001B0449D4372100222846FFF70FFF22461D
:10B3A00029212846FFF70AFF0028EDD12B689B6D65
:10B3B000534565D1687D022849D0AB7CCBBB0723C0
:10B3C0000120C5E9027308B0BDE8F087304601F0FE
:10B3D000F9FD2146287C01F0F3FDFF21304601F004
:10B3E00055FE0123AB7489E7287C012101F0E8FDBB
:10B3F000FF21304601F04AFE304601F001FE0023F5
:10B400001846AB7408B0BDE8F087022304246B75BE
:10B41000304601F021FE631E287513F0FF04F7D1BA
:10B42000AA289BD0062389E7172387E72846984751
:10B430009BE70121287C01F0C3FDFF21304601F08C
:10B4400025FE304601F0DCFD0023AB74B7E7002297
:10B450003A212846FFF7B2FEA8B9304601F0FCFDBC
:10B4600000F0C000C02801D103236B75304601F005
:10B47000F3FD304601F0F0FD304601F0EDFD9CE7B4
:10B480002846984797E7122358E700BF801A06001E
:10B49000A18C000064460620F8B500220D463A2132
:10B4A0000646FFF78BFEE0B9371D2C1D384601F02C
:10B4B000D3FD04F8010DA542F8D1B47C14B90124E0
:10B4C0002046F8BD307C012101F07AFDFF2138468D
:10B4D00001F0DCFD384601F093FD00232046B374F3
:10B4E000F8BD1223B47C7374002CE9D0341D307C79
:10B4F000012101F065FDFF21204601F0C7FD204636
:10B5000001F07EFD00231C46B3742046F8BD00BF49
:10B5100070B5164682B000220446FFF74FFEB0B168
:10B520001B236374A07C08B902B070BD251D207C6C
:10B53000012101F045FDFF21284601F0A7FD284625
:10B5400001F05EFD00231846A37402B070BD0546ED
:10B55000102231462046FFF787FD0028E2D0A67C66
:10B56000002EE1D0207C012101F02AFD201DFF21C9
:10B57000019001F08BFD019801F042FD3046A57469
:10B5800002B070BD0368254ADB6C934200B585B0FC
:10B590000FD16A460921FFF7BBFF38B19DF8003093
:10B5A00013F0C00308D0402B27D0002005B05DF871
:10B5B00004FB69469847F0E79DF809309DF80A209A
:10B5C00003F003039DF806109DF807005B0001F0EF
:10B5D000030180009DF808C043EAD2139DF80520BE
:10B5E00040EA812002F00F0240EA9C10134401302F
:10B5F000073B984005B05DF804FB9DF809009DF8F5
:10B60000073001309DF8082003F03F0300EB0340B2
:10B6100000EB0220800205B05DF804FB819700007A
:10B6200003680A4630B59B6D83B0164D0446AB42A5
:10B6300024D1407D03284FF01201204618BF52024A
:10B64000FFF7BCFD20B901231846E37403B030BDF9
:10B650000C23A07C63740028F8D0251D207C0121D8
:10B6600001F0AEFCFF21284601F010FD284601F054
:10B67000C7FC00231846A37403B030BD019198475E
:10B68000019AD7E7A18C0000F8B51446C27C0646A3
:10B690000D46012A1F4602D183698B4205D02946F7
:10B6A0003046FFF7BDFF80B1B56187B1002501E0ED
:10B6B000AF420CD021464FF400723046013504F5FC
:10B6C0000074FFF7D1FC0028F2D10020F8BDB36967
:10B6D000307F3B44B3610028F8D13046BDE8F840E4
:10B6E000FFF708BD2DE9F84F9B46C37C06460C4684
:10B6F000012B1546DDF82890DDF82C8002D18369F6
:10B700008B4205D021463046FFF78AFFB0B1B461C5
:10B71000BBF1000F15D004EB0B0A02E0C847A245AD
:10B720000FD04FF4007229463046FFF79DFC0746C4
:10B730004246204629460134002FEFD10020BDE8C3
:10B74000F88FB369307F5B44B3610028F7D130468E
:10B75000BDE8F84FFFF7CEBC03682DE9F0415F6903
:10B76000164B9F421FD1C37C04460D461646012B43
:10B7700002D18369994205D029462046FFF750FF40
:10B7800070B1A5614FF4007231462046FFF76CFCA2
:10B7900030B1A369207F0133A36148B1BDE8F081D6
:10B7A0000020BDE8F081BC460123BDE8F0416047C0
:10B7B0002046BDE8F041FFF79DBC00BFC9940000E2
:10B7C00003680A4630B59B6D83B0164D0446AB4204
:10B7D00024D1407D03284FF01901204618BF5202A2
:10B7E000FFF7ECFC20B902230120E37403B030BD65
:10B7F0000E23A07C63740028F8D0251D207C012135
:10B8000001F0DEFBFF21284601F040FC284601F054
:10B81000F7FB00231846A37403B030BD019198478D
:10B82000019AD7E7A18C000003682DE9F043DB6C97
:10B830001746414A85B004460E46934245D16A46B2
:10B840000921FFF765FE0546B5B19DF80A305A0695
:10B8500018D5637D032B01D076027F02324620216A
:10B860002046FFF7ABFC28B93A4621212046FFF7D6
:10B87000A5FC70B326236374A57C9DB9284605B04A
:10B88000BDE8F08303F03F039DF80B205B0043EA23
:10B89000D2137A1C32431342DBD02723A57C637476
:10B8A000002DEBD0251D207C012101F089FBFF211B
:10B8B000284601F0EBFB284601F0A2FB00231D46C1
:10B8C000A374284605B0BDE8F0836946984705464D
:10B8D000BAE7024626212046FFF770FC0028C9D1AE
:10B8E000DFF8588042F2107704F10409D8F80030EC
:10B8F0001F44BFB204E0D8F80030FB1A1B0417D471
:10B90000484601F0A9FBFF280646F4D1A37C002B92
:10B91000B4D00121207C1D4601F052FB314648463F
:10B9200001F0B4FB484601F06BFB0023A374A5E7CC
:10B9300028236374A0E700BF8197000064460620B7
:10B9400070B5002282B00E4609210446FFF736FC8E
:10B95000B0B11B236374A07C08B902B070BD251D73
:10B96000207C012101F02CFBFF21284601F08EFBF9
:10B97000284601F045FB00231846A37402B070BDB1
:10B980000546102231462046FFF76EFB0028E2D024
:10B99000A67C002EE1D0207C012101F011FB201DAE
:10B9A000FF21019001F072FB019801F029FB304664
:10B9B000A57402B070BD00BF70B5002282B00E4603
:10B9C0000A210446FFF7FAFBB0B11B236374A07C85
:10B9D00008B902B070BD251D207C012101F0F0FAEC
:10B9E000FF21284601F052FB284601F009FB002305
:10B9F0001846A37402B070BD054610223146204699
:10BA0000FFF732FB0028E2D0A67C002EE1D0207C9C
:10BA1000012101F0D5FA201DFF21019001F036FB34
:10BA2000019801F0EDFA3046A57402B070BD00BF78
:10BA300070B5051D16460446284601F027FB4FF455
:10BA400000723146284601F02BFBFF21284601F009
:10BA50001DFBFF21284601F019FB284601F0FCFAE6
:10BA600000F01F032075052B04D02023A07C6374F5
:10BA700010B970BD012070BD207C012101F0A0FA39
:10BA8000FF21284601F002FB284601F0B9FA002305
:10BA90001846A37470BD00BF2DE9F041174D06464E
:10BAA0000F4600F104082C6804F51674A4B203E0F4
:10BAB0002B68E31A1B040CD4404601F0CDFAFF2892
:10BAC000F6D13A46FC213046FFF7B2FF18B1BDE887
:10BAD000F08124237374B07C0028F8D0307C0121DD
:10BAE00001F06EFAFF21404601F0D0FA404601F025
:10BAF00087FA00231846B374BDE8F0816446062037
:10BB0000036870B59B6D1646224A82B004460D4606
:10BB100093423CD1407D03284FF01801204618BFC6
:10BB20006D022A46FFF74AFB0546B0B10D23637448
:10BB3000A07C08B902B070BD251D207C012101F058
:10BB40003FFAFF21284601F0A1FA284601F058FAF1
:10BB500000231846A37402B070BD3246FE21204671
:10BB6000FFF766FF0028E3D0A67C002EE2D0207C01
:10BB7000012101F025FA201DFF21019001F086FA34
:10BB8000019801F03DFA3046A57402B070BD9847A7
:10BB9000C1E700BFA18C000010B4047F34B1046879
:10BBA0000123A46AA4465DF8044B60475DF8044B8A
:10BBB000FFF7A6BF10B584B004460DF1040C8CE865
:10BBC0000E009CE80E00FFF76DFB20B19DF80530DC
:10BBD00003F00103237704B010BD00BF00207047BD
:10BBE0000020704700207047704700BF084B0021BD
:10BBF000084A094810B499631C6B146012685DF818
:10BC0000044B1A639A6C22F081029A6401707047A7
:10BC100000002C40084B042041480620034B586A82
:10BC200080F08070C0F30060704700BF00002C40BF
:10BC3000014B1878704700BF414806202B4A2C4B17
:10BC4000526AD3F800312B49C2F3C22203F03F03FA
:10BC5000013270B5284C4FF47A75A4FB034305FB01
:10BC600000F09B08B1FBF3FEBEFBF2FEB0EB1E1F23
:10BC700035D201231E465B001A01BEFBF2F282425E
:10BC800001D9FF2BF6D9BEFBF3F2360290422AD23D
:10BC90004FEA430C012200E0A446154603EB0C04D6
:10BCA0000132BEFBFCF1814217D9102AF4D1F025F4
:10BCB0004FF47A731149124A03FB0CFCBEFBFCF3F0
:10BCC0000B60104BD16A0B402B43334343F460238A
:10BCD000D362536A1B07FCD570BD2D01E8E772469D
:10BCE00000260123D2E79C460025E1E700C00F4073
:10BCF00000800D4000EC695EABAAAAAA484A042065
:10BD000000002C400F00F0FF014B1878704700BF77
:10BD100030320020014B1868704700BF084B0420E8
:10BD200010B4074C8C460FCCCCF800000120CCF8A6
:10BD30000410CCF80820CCF80C305DF8044B7047A8
:10BD4000DC4A042010B4074C8C460FCCCCF8000021
:10BD50000120CCF80410CCF80820CCF80C305DF8A9
:10BD6000044B7047EC4A0420024B01201B680B6017
:10BD7000704700BFFC4A0420704700BF10B504465E
:10BD80000C2102F053FE204610BD00BF044B1B786F
:10BD900023B1044B18780230C0B2704701207047BD
:10BDA0003E4806203F480620184B1A7812F0C00281
:10BDB0000FD0402A01D000207047587ADA79197ADA
:10BDC000013002F03F0300EB034000EB0120800252
:10BDD00070475A7A9979D87902F0030293F808C02B
:10BDE00001F003018000520040EA812000B593F881
:10BDF0000AE040EA9C105B7942EADE12013003F06F
:10BE00000F031344073B98405DF804FBEC4A042001
:10BE1000404A0520404938B5D2F800413F4B44F034
:10BE200080043F4DC2F80041D2F8004124F03F04A5
:10BE3000C2F80041D2F8004144F01804C2F80041B1
:10BE4000D2F8004124F08004C2F80041D3F88020E9
:10BE500042F00C02C3F880205A6A22F460525A62FF
:10BE6000DA6942F48032DA615A6A42F400625A6254
:10BE7000C1F8CC01C1F8D001C1F8BC01C1F8C001C2
:10BE8000C1F8C401C1F8C801AA6C264B42F00042B7
:10BE9000AA64EA6A1343EB62EC6A14F08074FBD183
:10BEA0004FF4C870FFF7CAFE1B4B47F2B80241F2CD
:10BEB000B801C3F8CC411C48C3F8D041C3F8BC4119
:10BEC000C3F8C041C3F8C441C3F8C841C3F8BC2398
:10BED000C3F8C023C3F8AC23C3F8B013C3F8B4232A
:10BEE0001249C3F8B823124B6863C1F8F8314FF018
:10BEF000E0234FF480420F49602081F86E00C3F8C0
:10BF00000C21EB6A064A43F00063EB62D36A1B0123
:10BF1000FCD438BD00800D4000801F4000C00F40A1
:10BF200000002C40008000010B007F110034002035
:10BF30002D9A000000E400E02DE9F04102F034FC0D
:10BF4000174E184D0746DFF8748004E002F02CFC11
:10BF5000C01B40451BD8346B2C40F7D0124A00213F
:10BF6000124B1170326B1A601968114A31631B68E9
:10BF7000134209D00F491F240F4B40F27A220020B0
:10BF80000C701A60BDE8F0810120BDE8F081064A1E
:10BF9000064B1470326B1A601B683363EAE700BF0C
:10BFA00000002C4002007F1140480620084B04206E
:10BFB00000007F1130320020CC4A042040420F00A4
:10BFC0002DE9F843264C0F462378002B38D1254B1A
:10BFD0005A6AD2052BD5234DDFF89480AB6A43F41F
:10BFE0008033AB6202F0E0FB064604E002F0DCFBCB
:10BFF000801B40452AD86B6A13F48069F6D007F19C
:10C000003C0C184807F50F77436A5B05FCD5ACF18B
:10C01000400353F8042F9C450262FAD10CF1400C06
:10C02000BC45F1D1012318462370BDE8F8839A6A14
:10C0300022F480329A629A6A42F400329A62CAE723
:10C04000FFF77AFF0028C2D1BDE8F8830649212412
:10C05000064B4FF47E7248460C701A60BDE8F883B8
:10C060004048062000002C4030320020CC4A0420FA
:10C0700040420F002DE9F041074688461F4C02F070
:10C0800093FB1F4E054604E002F08EFB431BB342B8
:10C0900024D8636AD907F7D4BB02C4F8088020D437
:10C0A00027F0FF03154C174EE36002F07DFB144FA1
:10C0B000054604E002F078FB401BB8420ED8236B23
:10C0C0003342F7D0226B104B1A601A6822631A6849
:10C0D000D20703D51B6813F4702F0BD00020BDE8E6
:10C0E000F081A26CFBB222F0FF02A264A26C1343A7
:10C0F000A364D5E70120BDE8F08100BF00002C401B
:10C1000040420F0001000F00084B0420154B30B5D2
:10C110000D4685B01968FFF7ADFF08B3124B05F166
:10C120000F041A6900925969019199690291DB69BA
:10C130000393002301E05EF8102C03F0030C01339D
:10C140004FEACC0C23F0030E0F2B22FA0CF20EF167
:10C15000100104F8012D0DEB010EECD10023EB735F
:10C1600005B030BD004B042000002C4010B5037A10
:10C17000DB0705D5154B1B68B3B1BDE81040184768
:10C18000134B1B783BB9134B5C6A84F08074C4F387
:10C190000064204610BD0F4B0F4C1B6B1C40B4FAC3
:10C1A00084F46409204610BD0C4B1C78002CF0D0A0
:10C1B0000B4B0C481968FFF75DFF0028E9D0054BD1
:10C1C0001C6984F48074C4F30024E2E7044B042067
:10C1D0004048062000002C4002007F113D48062008
:10C1E000004B042000001A0D08B5044B04481968E0
:10C1F000FFF740FF08B1034B186908BD004B04204E
:10C2000000001A0D00002C4008B5074B07481968BC
:10C21000FFF730FF30B1064B186980F48070C0F32F
:10C22000002008BD012008BD004B042000001A0DAD
:10C2300000002C402DE9F047294B8946DFF8C0A0CB
:10C24000284ECAF8003002F0AFFA274D0446DFF856
:10C25000B480264F06E002F0A7FA001BB84229D8A6
:10C2600003F050FE31682846FFF704FF0028F2D0A3
:10C27000D8F81030DB05EED500234FF40072CAF871
:10C280000030D8F8283023F48033C8F82830184B11
:10C29000C8F804201B78CBB149461648FFF7EAFEE0
:10C2A00030B915490E24154B40F257420C701A60F4
:10C2B000BDE8F087104A0A210020104B117040F2AF
:10C2C0004B42CAF800001A60BDE8F0874FEA4929DE
:10C2D00008484946FFF7CEFE0028E9D1E1E700BF54
:10C2E00049A00000004B042000001A0D40420F003E
:10C2F0003F48062020003A1930320020CC4A042062
:10C30000044B042000002C402DE9F041254C002175
:10C310002548A36A23F48033A362FFF7ABFE0546EA
:10C3200048B922490920224B40F23D2208701A6088
:10C330002846BDE8F0811F4BDFF88080C8F8003048
:10C3400002F032FA636A0646D80118D41A4F04E0A4
:10C3500003F0D8FD636AD90111D402F025FA831BDA
:10C36000BB42F5D9114A0A210025114B11704FF437
:10C3700010722846C8F800501A60BDE8F08100220B
:10C38000084BC8F800205A6A9207D1D5586B9A6AB0
:10C39000D96A22F4803241F08061D96258639A628E
:10C3A000C6E700BF00002C400000DB0C303200204C
:10C3B000CC4A04205D9A000040420F00044B042048
:10C3C0002DE9F04782468946364E02F0EDF9364DAA
:10C3D0000446DFF80081354F04E002F0E5F9031B65
:10C3E000BB4227D831682846FFF744FE0028F4D026
:10C3F000D8F81030DA05F0D501232D4D2D4F5146D8
:10C400002B7000232C483B602C4BC8F80090C8F8D8
:10C4100004302B4BC8F83830FFF72CFE0446A0B987
:10C4200028490420284B40F29F12087020461A60C9
:10C43000BDE8F08723490A20234B4FF4CC72002437
:10C4400008701A602046BDE8F087204BDFF888901E
:10C45000C9F8003002F0A8F92B780646BBB1DFF826
:10C460004C8003E003F04EFD2B7883B102F09CF981
:10C47000831B4345F6D90023C9F800301149252014
:10C48000114B4FF4D172002408701A60DAE73B6850
:10C4900000229B07C9F80020F0D53A680C4B1A42DD
:10C4A000D0D0EBE7004B042000001A0D40420F00F3
:10C4B00041480620084B042011003A0640000100C4
:10C4C00002007F1130320020CC4A0420719A000013
:10C4D00000007F1100002C40044B04202DE9F041A6
:10C4E000324D1446AB7A13F0400012D103F03F03F3
:10C4F000EA7A5B0043EAD213621C0A43134208D073
:10C500002B4927242B4B40F202320C701A60BDE8F5
:10C51000F081294B1B780BB9490264022748FFF7C9
:10C52000A9FD40B922490F24224B40F20A320C7077
:10C530001A60BDE8F08121462148FFF79BFD40B914
:10C540001B4910241B4B40F20D320C701A60BDE8E1
:10C55000F08100211B48FFF78DFD38B914491124E3
:10C56000144B4FF444720C701A60E2E702F01CF9AD
:10C57000154E164D0446DFF85C80154F316828468D
:10C58000FFF778FD18B1D8F81030DB05D1D402F0F0
:10C590000BF9001BB842F1D905492824054B40F29C
:10C5A000133200200C701A60C3E700BFEC4A04206D
:10C5B00030320020CC4A04203F48062000001A20D8
:10C5C00000001A2100001B26004B042000001A0D59
:10C5D00040420F0000002C402DE9F04F12F0030400
:10C5E00083B018BF012401900093002B08BF44F0D2
:10C5F00001045CB140492520404B40F2F512002473
:10C6000008701A60204603B0BDE8F08F3C4B154619
:10C610003C4A0E46DFF80C91136002F0C5F8DFF8D3
:10C6200008810746DFF804B1DFF8F0A006E002F069
:10C63000BBF8C01B504544D803F064FCD9F8001087
:10C640004046FFF717FD0028F1D0DBF81030DA057F
:10C65000EDD5009A2C4B2B4903EA024300222B4FC5
:10C660000A6043F400730121DFF8C4803970C8F810
:10C670000020CBF80050CBF80430254BCBF83830F5
:10C68000244B1B7843B331460198FFF7F3FC8146F6
:10C690000028B7D0204B1B4A136002F085F83B7886
:10C6A0000546DBB11D4E03E003F02CFC3B78ABB13B
:10C6B00002F07AF8401BB042F6D90023114A136009
:10C6C000A0E70D4B0A2200210E481A704FF4FC72AD
:10C6D0000A4B01601A6095E77602D4E70023094A05
:10C6E0001360D8F800309B078CD5D8F800200C4B8D
:10C6F0001A4208BF4C4685E730320020CC4A04205D
:10C7000049A00000044B04200000FF1F4148062000
:10C7100002007F113F480620719A000040420F003E
:10C7200000007F11004B042000001A0D00002C4077
:10C73000084B0420F8B50646007A0C461546C0079B
:10C740001F4613D483B10F4401E0BC420CD03368C0
:10C750002A46214630461B69013405F50075984785
:10C760000028F2D10020F8BD0120F8BD900712D0BA
:10C77000002BF9D00F4401E0BC42F5D033682A46C3
:10C78000214630461B69013405F50075984700289D
:10C79000F2D10020E7E70648FFF71EFF0028E3D1AB
:10C7A00004490C24044B40F2A1320C701A60F8BD0D
:10C7B00037003A1230320020CC4A0420F8B5064641
:10C7C000007A0C461546C0071F4613D483B10F44A8
:10C7D00001E0BC420CD033682A46214630465B6AF1
:10C7E000013405F5007598470028F2D10020F8BD06
:10C7F0000120F8BD900712D0002BF9D00F4401E0C2
:10C80000BC42F5D033682A46214630465B6A013483
:10C8100005F5007598470028F2D10020E7E70648A3
:10C82000FFF7DAFE0028E3D104490E24044B40F25E
:10C830003D420C701A60F8BD27003A1930320020D2
:10C84000CC4A04202DE9F04F0025DFF8C0929B4C24
:10C8500091B0DFF8BC829A4E0172457289F800509F
:10C86000257088F800503570FFF7D2FA294628461F
:10C87000FFF700FC50B90121924B40F28E22054691
:10C8800021701A60284611B0BDE8F08F03258E4F45
:10C890004FF4D5713846FFF7EDFB00284ED1013D2E
:10C8A000F6D13378002B3DD0DFF868B201F07CFF81
:10C8B000864E0546DFF860A2854F00213046FFF71F
:10C8C000D9FB50B9002517217E4B4FF42A72284618
:10C8D00021701A6011B0BDE8F08F59465046FFF73D
:10C8E000C9FB0028EED001F05FFF401B794BB84236
:10C8F000E8D81A69002AE0DA1969774A11601B69D9
:10C900005A0002D5012388F8003000217348FFF750
:10C91000B1FB054610BB02216A4B40F2B1222170E7
:10C920001A60AFE7FFF774FA29462846FFF7A2FB23
:10C930003378002BB8D14FF4401BB7E7654B1B6928
:10C94000B3F5D57F07D006215E4B4FF42572002545
:10C9500021701A6096E701233370A5E70021604833
:10C96000FFF788FB054630B90321564B4FF42D7273
:10C9700021701A6086E7574E5A4B32695A4F13405E
:10C980005A495B483B60FFF7C1FB054630B90721B8
:10C990004C4B40F2B92221701A6073E75549564852
:10C9A000FFF7B4FB054630B90821464B4FF42F7210
:10C9B00021701A6066E739685048FFF75BFB05464F
:10C9C00030B905213F4B40F2BF2221701A6059E770
:10C9D00039683E48FFF74EFB38B91421394B40F215
:10C9E000C322002521701A604CE702214448FFF75A
:10C9F00041FB05460028F0D0B36A69466FF07F40DE
:10CA000023F00603B362B36A43F00203B3624FF04C
:10CA100010137364FFF7D4FC9DF80D309B0743D5CA
:10CA2000002841D0274E6946364894F80080376880
:10CA3000FFF7C6FC9DF8103003F00F03012B36D131
:10CA4000A8B34CF25030304C0523C4F8CC31C4F8B4
:10CA5000D031C4F8BC31C4F8C031C4F8C431C4F812
:10CA6000C831FFF7EBF8002347F2B802C4F8CC3125
:10CA7000C4F8D031C4F8BC31C4F8C031C4F8C431F2
:10CA8000C4F8C83141F2B803C4F8BC23C4F8C023C9
:10CA9000C4F8AC23C4F8B0330123C4F8B423C4F8F9
:10CAA000B82389F80030EDE646F2A810CBE746F24D
:10CAB000A81084F800803760C5E700BF303200203E
:10CAC0003E480620CC4A042000001A0800001A370D
:10CAD00040420F0000002C40FC4A042000000902E4
:10CAE00000001A030000FFFF004B0420EC4A042062
:10CAF00000000909DC4A04200000090A00001B07A5
:10CB000000001A06F1FFFF8000801F403D4806200C
:10CB10003F4806200000304000000229374B5A6A87
:10CB200092052DE9F0410F460DD49A6A22F4803225
:10CB30009A6272B69A6A42F400329A629A6A42F42F
:10CB400080329A6262B601F02FFE2C4EDFF8C4806C
:10CB5000054604E001F028FE431B434537D8746ABC
:10CB600014F40064F6D007F13C0C244807F50F7765
:10CB7000436A1B05FCD5ACF14003026A43F8042F5D
:10CB80009C45FAD10CF1400C6745F1D101F00CFE47
:10CB90001A4F1B4D0646DFF87C8004E001F004FECE
:10CBA000831B43451DD83C6B2C40F7D03B6B154A8B
:10CBB000136013683B63136813F002031BD0126801
:10CBC000114B1A420CBF01200020BDE8F0810F4933
:10CBD0001A250F4B40F2563220460D701A60BDE800
:10CBE000F0810A491D250A4B40F2613220460D7042
:10CBF0001A60BDE8F0811846BDE8F08100002C40C5
:10CC000002007F11084B042000007F113032002009
:10CC1000CC4A042040420F002DE9F047294B8946B9
:10CC2000DFF8C0A0284ECAF8003001F0BDFD274D46
:10CC30000446DFF8B480264F06E001F0B5FD001B86
:10CC4000B84229D803F05EF931682846FFF712FA96
:10CC50000028F2D0D8F81030DB05EED500234FF4D1
:10CC60000072CAF80030D8F8283043F48033C8F88E
:10CC70002830184BC8F804201B78CBB14946164819
:10CC8000FFF7F8F930B915490C24154B40F2BD32C5
:10CC90000C701A60BDE8F087104A0A210020104B82
:10CCA000117040F2B132CAF800001A60BDE8F08796
:10CCB0004FEA492908484946FFF7DCF90028E9D13D
:10CCC000E1E700BF49A00000004B042000001A0D5E
:10CCD00040420F003F48062030003A123032002018
:10CCE000CC4A0420044B042000002C402DE9F041E4
:10CCF00000221D4C0D4642721146A36A1B4823F4C4
:10CD00008033A362FFF7B6F940B919490924194BDA
:10CD100040F2D3320C701A60BDE8F081002DFBD0D8
:10CD2000154B164E336001F03FFD636A0746DA018A
:10CD300016D4DFF84C8004E003F0E4F8636ADB010A
:10CD40000ED401F031FDC01B4045F5D9084A0A2137
:10CD50000020084B117040F2D73230601A60DBE7D8
:10CD6000002328463360D7E700002C400000DB0C8E
:10CD700030320020CC4A04205D9A0000044B04208D
:10CD800040420F000A4B1B7810B504461BB9637A6A
:10CD900043B9012010BDFFF7CFF80028FAD0637A1D
:10CDA000002BF6D020460121BDE81040FFF79EBFC2
:10CDB000404806202DE9F0410446007AADF5007D9B
:10CDC000164610F0010513D093073CD001233848D4
:10CDD0006A46FFF701FC00283AD04FF4007269461A
:10CDE000304601F087FD28460DF5007DBDE8F08155
:10CDF000DFF8CC800F4698F80030002B35D1637AED
:10CE0000012B39D022682B49126A8A424AD198F8FC
:10CE10000020002A34D1002B39D139462046FFF7B3
:10CE2000FBFEE8B101236760637231462046FFF7DD
:10CE300075FEA8B1636805460133284663600DF5A9
:10CE4000007DBDE8F08101231948FFF7C5FB38B923
:10CE500019490B20194B4FF45D72002508701A60B8
:10CE600028460DF5007DBDE8F081FFF765F8002844
:10CE7000F6D0637A012BC5D16268BA42C2D1D4E739
:10CE8000FFF75AF80028EBD0637A002BC5D00121B8
:10CE90002046FFF72BFF0028BFD128460DF5007D67
:10CEA000BDE8F081204690470028F6D0B5E700BFE6
:10CEB00011003A11C5AB000030320020CC4A0420EA
:10CEC000404806202DE9F041047AADF5007D0F467B
:10CED000904614F001041DD012F0030F06D06846EE
:10CEE00011464FF40072804601F004FD01234246D2
:10CEF00039462C48FFF770FB044630B92A490D200B
:10CF00002A4B40F2114208701A6020460DF5007D50
:10CF1000BDE8F081264D06462B782BBB737A022B99
:10CF200029D032682349126A8A4236D12A7832BB24
:10CF3000002B2BD13368394630461B6E98470028AA
:10CF4000E3D0022377607372336841463046DB6D6D
:10CF500098470028D9D0736804460133204673608F
:10CF60000DF5007DBDE8F081FEF7E6FF0028CCD08E
:10CF7000737A022BD5D17268BA42D2D1E4E7FEF7B8
:10CF8000DBFF0028C1D0737A002BD3D001213046BB
:10CF9000FFF7ACFE0028B8D0CCE730469047002819
:10CFA000B3D0C7E701003A1830320020CC4A042041
:10CFB00040480620C5AB0000012101F05BBC00BF6A
:10CFC00001F01CBC08B5034653F8040B93E80600B7
:10CFD000F7F78EFD08BD00BF84B00DF1100C0CE911
:10CFE0000E00024623B11846136004B0F8F72ABCBD
:10CFF000024B1846136004B0F8F724BC1029002037
:10D000000268D37C13B3D80704D5906A4FF0E021AF
:10D01000C1F80001990704D5D06A4FF0E021C1F8AA
:10D020000401580704D5106B4FF0E021C1F8080146
:10D03000190704D5506B4FF0E021C1F80C01DB0655
:10D0400004D5926B4FF0E023C3F81021704700BF66
:10D050000068F8F715BD00BF0268FF231268536629
:10D06000D36D13F4F81FFBD0506FC0B2704700BFF0
:10D070004FF0FF0C006808B5134680F83CC00A4624
:10D080000021F8F7F9FC002008BD00BF03681A680A
:10D090005166D36D13F4F81FFBD0536F704700BF78
:10D0A000134600680022F8F7E7BC00BF30B50378EC
:10D0B00083B0DC071DD50446406804F11002036804
:10D0C000E16801925B6A9847019A0546A8B1237806
:10D0D000990708D56068D4E90231194403685B6A8E
:10D0E000984750B1237823F001032846237003B0FA
:10D0F00030BD0125284603B030BD0025284603B0C9
:10D1000030BD00BFF8B543680BB3C36804460F4693
:10D1100015468B4206D110F8103B05F003052B4352
:10D120002370F8BDFFF7C2FF88B16B0705D504F186
:10D13000100630460023E760EFE7606804F1100650
:10D140003946036832461B6998470028F1D1002010
:10D15000F8BD00BF10B50446808982B018B1002325
:10D16000A38102B010BDD4E901318B42F9D201AAEA
:10D17000184600F0B7F880B1019B6060B3F5803FBE
:10D1800001D298B2EDE7980AC3F30903A0F5215044
:10D19000A3F5105380B2A381E3E74FF6FF70E0E7F9
:10D1A000B1F5807F21D810292ED840234FF0200CD4
:10D1B000B2FBF3F1B1F5806F20D203FB112300B570
:10D1C000B2FBFCFEB3FBFCF30CFB1E224FEA910CFE
:10D1D000DBB201322CF03F0CC9B2037042EA0C0200
:10D1E0008170D2B242705DF804FB3F239C468029D7
:10D1F00010D9B1F5FC7F0FD81B01D9E7FF21FE2321
:10D200004170037081707047202916D880234FF039
:10D21000200CCDE7DB00CBE7B1F57C7F04D9B1F57D
:10D22000FC6F03D89B01C3E75B01C1E7B1F57C6FDD
:10D2300094BFDB01C3EB0323BAE720239C46D6E768
:10D240007F28A2EB010205D812B10A4602F8010BB1
:10D2500010467047B0F5006F0FD2012A40D94FEA4F
:10D26000901C00F03F030A466CF03F0063F07F0320
:10D2700002F8020B10464B707047B0F5803F16D293
:10D28000022A2DD9C0F3851C00F03F03CA1C63F0AD
:10D290007F0300B54FEA103E6CF07F008B706EF09C
:10D2A0001F0E4870104681F800E05DF804FB032A69
:10D2B00016D94FEA904CC0F30532C0F3851300F045
:10D2C0003F0062F07F026CF00F0C63F07F0360F0B0
:10D2D0007F004A700A1DC87081F800C08B70B7E7E4
:10D2E0000022B5E788423DD2034610B490F9000011
:10D2F0001C7800282DDA04F0E000C02834D004F0B7
:10D30000F000E02834D004F0F800F02826D104F032
:10D31000070404201844884220D8013313F8011B65
:10D3200001F0C00C01F03F01BCF1800F41EA841410
:10D3300014D18342F2D1A4F180010F4B99420DD850
:10D34000A4F55843B3F5006F08D314605DF8044B9F
:10D350007047581C14605DF8044B704700205DF85E
:10D36000044B70470020704704F01F040220D1E7EF
:10D3700004F00F040320CDE77FFF10007E283ED984
:10D380004FF0350C002330B4284C04E034F8212051
:10D39000824220D80B46ACEB0302012A03EB520178
:10D3A000F4D89BB234F82320904216D24B240023A9
:10D3B0001F4D04E035F8212082421ED80B46E21AA8
:10D3C000012A03EB5201F5D89BB235F823208242A3
:10D3D0001FD030BC70478C46DDE704EB8304821A13
:10D3E000E3789A42E2DA94F90230012B16D0D3B1F5
:10D3F0009BB2034430BC98B270470C46DFE7A0F103
:10D400006103192B8CBF00230123A0EB431398B2B7
:10D41000704705EB8305688830BC704702F0010255
:10D42000831A98B2D5E74EF2A033E2E77C1D0020C4
:10D43000E81B002090F8A32090F8A200101A704773
:10D4400090F8A23090F8A3209A4205D95A1C0344C0
:10D4500080F8A220987E70474FF0FF30704700BFE1
:10D4600090F8A23090F8A3209A4202D91844807E06
:10D4700070474FF0FF307047704700BF0346B0F869
:10D48000300178B193F82F21882A03D90122002096
:10D490005A60704702F1010C01201A4483F82FC131
:10D4A00082F8A510704700BF38B5B0F830410CB90C
:10D4B000204638BD90F82F310546C3F18904A242B9
:10D4C0000DD8144605F1A5002246184401F012FAC1
:10D4D00095F82F312046234485F82F3138BD01229D
:10D4E0004260EFE72DE9F04FD0F814A01524017E3B
:10D4F0008146437E83B00AEB0111384A0AEB0313DD
:10D50000374F097A93F8283002EB01150901E868D2
:10D5100052F8018002EB0311D5F804B01B01CE686C
:10D52000D558CBF80040C8F88400D8F804304A68D1
:10D5300003432C490192C8F804301460C5F8846094
:10D540006B6833436B60284B4C683A68A3FB02322C
:10D55000920C02EB820252004B681B1B9A42FBD8D2
:10D560004FF0090C1F4ADFF880E0D8F8083003427A
:10D5700002D0AB6833422FD1C5F88860546839684F
:10D58000AEFB0131890C01EB810153681B1B9942F1
:10D59000FBD8C5F8846054683968AEFB0131890C4A
:10D5A00001EB810153681B1B9942FBD8BCF1010CB4
:10D5B000DBD1604699F81830019A0AEB0313DB6857
:10D5C000CBF8003099F819300AEB031ADAF82C304E
:10D5D000136003B0BDE8F08F0120EBE74422002088
:10D5E0000C290020001000E083DE1B430E4A10B51A
:10D5F0001168046905E0DB0107D413685B1A102B7E
:10D6000008D8636913F0007FF5D14FF4FE43012081
:10D61000636110BDFFF766FF0028FAD04FF4FE43A8
:10D6200001206361F5E700BF644606202DE9F0475D
:10D6300090F82FA10569BAF1000F4FD081468846B6
:10D64000FFF7D4FF002849D0374E0024376818E090
:10D650006B69190551D4DA0455D4580559D4990485
:10D6600041D43268D21B322A3DD8544507D9EA6DDD
:10D67000520704D19B0555D4B8F1000F52D002F0E7
:10D6800041FC5445E4D8EA6D500702F00703DFD4AB
:10D6900013E099F8A5200133022442F48062042BA0
:10D6A0002A661ED08A4503F1010309EB01020ED957
:10D6B00092F8A520042B2A66CAD00121002CE8D0BC
:10D6C0002146013301348A4509EB0102F0D8B8F153
:10D6D000000FBDD04FF400732B66B9E70420BDE8FE
:10D6E000F0870124B4E72B694FF40072042043F45F
:10D6F00040732B612A66BDE8F0872B69042043F450
:10D7000040732B61EBE72B69052043F440732B61D9
:10D71000E5E72B694FF40072022043F440732B615C
:10D720002A66DCE70020DAE764460620F8B50669D9
:10D730000446D6F8145115F4706301D0C6F81431BC
:10D74000A8070BD5D6F8702111043ED5002301217E
:10D7500084F8A230234484F8A3109A76EB0710D5FE
:10D7600094F83071FFB194F82E7194F82F31BB42C8
:10D7700027D97B1C274484F82E3197F8A530C6F8AA
:10D78000603115F4407F0DD094F8A30018B1D4F89F
:10D790003C3103B198470023A4F8A230A4F82E31FD
:10D7A00084F83031F8BDD4F8383103B198470023FC
:10D7B00084F82E31012384F8303194F82F31BB42A4
:10D7C000D7D80023C6F86031DBE794F8A330872B65
:10D7D000C4D8591CC9B2BDE70148FFF7A7BF00BFB5
:10D7E000D02900200148FFF7A1BF00BF102B002067
:10D7F0000148FFF79BBF00BF502C002070B472B6E9
:10D8000021B9036813B102790F2A45D9294C21881F
:10D81000002341FA03F212F0010208D00133102B69
:10D82000F7D162B600220371026070BC70474FF0FE
:10D83000010C0CFA03FC41EA0C01218062B61E4D7A
:10D840005FFA83FC1D4940F2824680F804C0EC6F09
:10D85000194483F0030344F0C0044901EC67A5F5C3
:10D860009F35174CA5F58075266084F81AC084F89A
:10D870001EC084F818C084F81FC00160C1E90022EE
:10D88000C1E90222C1E90422C1E906225A5D42F03F
:10D89000C0025A5570BC7047064C218841FA02F507
:10D8A000ED07B5D5054D1544B3EB451FB0D162B6B4
:10D8B000BBE700BF2848062000C00F40807400026C
:10D8C00000800E4003790F2B11D8094A937672B667
:10D8D0000849012290F804C00B8802FA0CF223EAEE
:10D8E00002030B8062B610220023027103607047AE
:10D8F00000800E4028480620EFF3108272B6437F66
:10D900005BB9017F012930B40BD0032913D0012367
:10D91000437702B962B630BC70470AB962B6704745
:10D920007047124C2168B1B1114943610B6808601E
:10D9300083615861EBE70F4D0F492C688CB143614F
:10D940000B68836158614FF0E0234FF0805408600A
:10D95000C3F8044DDBE7064B20601860C0E90511F1
:10D96000D5E7C0E905442860EDE700BF6C4B042013
:10D97000784B0420744B0420704B042070B5EFF3F7
:10D98000108272B60C4C206880B10C4E00254369A1
:10D99000236073B19D6102B962B683684577984789
:10D9A000EFF3108272B620680028F0D102B962B697
:10D9B00070BD3360EFE700BF744B0420704B042050
:10D9C000FFF7DCBF0449054A4968054B1960136835
:10D9D00001331360704700BF001000E0644606206A
:10D9E0006046062001207047B0F84630B0F8482065
:10D9F0009BB292B2934202D2013AD01A7047416B65
:10DA000001390A44D01A7047016972B6B0F84A2049
:10DA1000B0F84C3092B29BB29A423CBF806B121865
:10DA2000C86AD31A62B6C0F302601844704700BFD8
:10DA3000B0F84A100246B0F84C3089B29BB2994215
:10DA400010B4046914D00133906B116B984298BFE5
:10DA50000023994206D85B1A526AD05CC0B25DF8C6
:10DA6000044B7047126A5DF8044BD05CC0B270473B
:10DA700072B6B0F84A0080B2814201D062B6E2E7E5
:10DA8000E36A13F0E06F03D14FF0FF3062B6E6E7D0
:10DA9000E36901200024116AA2F84A00C3F30900D7
:10DAA000DBB2A2F84C404B70F0E700BFB0F84A1070
:10DAB0000246B0F84C3089B29BB2994230B4046946
:10DAC00025D00133946B9C4216D9106B1FFA83FC4E
:10DAD000984217D9106AC05CC0B2956DA2F84CC0CC
:10DAE00045B199421CD3CB1AD16B994202D3D36D65
:10DAF000C5F8883030BC70474FF0000C106B63469F
:10DB00009842E7D8181A556A285CC0B2E5E708467B
:10DB100072B6B2F84A1089B2884204D062B6D0E731
:10DB20000C44E31AE0E7E36A13F0E06F03D14FF02F
:10DB3000FF3062B6DEE7E069C0F30900F9E700BF35
:10DB400090F8443043B110B5044602F0DBF994F884
:10DB50004430002BF9D110BD704700BF38B5D0E973
:10DB60000453D3E903120968114228D090F84420E5
:10DB7000044632B102F0C6F994F84430002BF9D1D2
:10DB8000636900210E4AA961207E03EB0010007D2D
:10DB900002EB0010456805202860657E03EB051345
:10DBA00093F8343002EB0312A36D52681060A4F8AE
:10DBB0004A10A4F84C1013B1E26DC3F8842038BDAC
:10DBC0004422002007EE901A9FED9A7A0421B6EEC7
:10DBD000005AF8EE677A9FED986A41F6FF7CC7EE2F
:10DBE000275A2DE9F0478E460569012407EE901A61
:10DBF000F8EEE77A85EEA77A77EE057AFDEEE77A1A
:10DC000017EE903A6345A8BF6346012BB8BF0123C6
:10DC100007EE903AF8EEE76A76EEC76AC6EE877AC4
:10DC2000F5EEC07AF1EE10FA48BFF1EE677AF4EE45
:10DC3000C67AF1EE10FA03D8B0EE676A8E461C463B
:10DC400001312129D2D10021436902F40076A0F8E4
:10DC50004A10B3F85AC08E42A0F84C10B3F858607E
:10DC6000A0F84610A0F8481080F84410816BDF68D7
:10DC7000A1EB0606A1EB0C01C0E90F6139681E6932
:10DC800041EA0601396014BF01210021817640F08C
:10DC9000AC80017E694E03EB0118DFF8C09198F863
:10DCA0001470D8F81CA006EB0717B968C1F80090EB
:10DCB0007968D8F818700F60BAF1000F03D0D8F85F
:10DCC0002010CAF80010477ED92103EB071898F8F6
:10DCD00034C006EB0C1CDCF808703960DCF804106A
:10DCE000D8F838700F60417E03EB0111CF6B0FB194
:10DCF000096C39600EF1FF31BEF1080F4FEA016186
:10DD0000CCBF4FF0000E4FF0010E01F0F85144EA85
:10DD10004E4421435C682961597801F110030021C8
:10DD2000E960474941F8234041694FF0010E454CF5
:10DD300002F0030C4F7891F85610434B39554FF0D1
:10DD400002174469617803EB511301F01F019B0036
:10DD50000EFA01F11960EF62AB6A43F08803AB621F
:10DD600053073ED44CF4701302F00F01042908BF8E
:10DD700043F0804397062ED5817E43F080530029DF
:10DD80003AD11607AB6103D52B6943F000532B61E1
:10DD90006B69D10623F0805348BF43F080536B6119
:10DDA000D30503D52B6943F400532B61A36883B1DA
:10DDB000264E3478002C3AD0611E254DC9B22B1F57
:10DDC00005EB810101E0994225D053F8042F9042E0
:10DDD000F9D1BDE8F087817E0029D2D043F0A003BD
:10DDE000CFE71C4B4CEA0303BEE7477E4FF2D90155
:10DDF000124E03EB07186AE7417E43F0A00304EBE1
:10DE0000011191F8341006EB0116B668316821F45F
:10DE100040413160B5E7631CDBB20F4A33701378C1
:10DE200045F8240043F002031370BDE8F087012396
:10DE3000074DF2E7001BB74BEC78AD6044220020A1
:10DE40000034002000E400E0403800384348062059
:10DE5000F44B042010003C007748062038F0010005
:10DE6000EFF31380B8B9EFF310834BB9EFF30582EA
:10DE70003AB94FF48073EFF3118050B1984208D251
:10DE800070470F2AF7D9054B9B5CEFF311800028F0
:10DE9000F4D1184670474FF0FF30F1E7F0E300E0AF
:10DEA000036D2DE9F04104460F46066913B1426D3A
:10DEB000C3F88420A37E2BB172B6B36943F000533C
:10DEC000B36162B6B4F84650636BADB20135AB4294
:10DED0004CD84FF000084546B4F848309BB29D42FC
:10DEE00019D028E073691B0210D5B4F84830626B72
:10DEF0009BB201339A4236D99AB2E16A99422DD93E
:10DF0000E169CB5CDBB2F361A4F84820B4F8483097
:10DF10009BB2AB420FD1FFF7A3FF6369B3F8563052
:10DF20008342DFDAFF28F1DD01F0ECFFB4F848307E
:10DF30009BB2AB42EFD0E36AAB421AD9FFB2E369BE
:10DF40005F5572B6012084F84400A4F84680B36996
:10DF500043F40003B36162B6BDE8F0815B1AA16AC5
:10DF6000CB5CDBB2CFE700221346C6E71FFA85F889
:10DF7000B2E7ED1AFFB2A36A5F55E2E7FFF790BF81
:10DF80000269536913F4401F70B543D0D36A13F08C
:10DF9000E06FC3F3026E3AD0B0F84A50B0F84C606C
:10DFA000ADB2B6B207E0016A01F803C00EF1FF336B
:10DFB00013F0FF0E1DD0D1696B1C846BB0F84CC000
:10DFC000C1F309019C4298BF00231FFA8CFC9C45B9
:10DFD000ECD0046B5FFA81FC1D469C42A3EB040469
:10DFE000E1D8436A03F804C00EF1FF3313F0FF0ECB
:10DFF000E1D1ABB2A0F84A30836D43B1B54254D3FE
:10E00000AD1B016CA94202D8C16DC3F884105369DD
:10E01000D90245D49669330228D553691D0225D506
:10E02000B0F84650B0F84830ADB29BB206E0C169D6
:10E03000C95CC9B2D161D16A4C0512D4AB4238D0A7
:10E04000446B0133C16A9C4298BF00239942A3EB01
:10E050000104ECD8816A095DC9B2D161D16A4C056D
:10E06000ECD599B2AB42A0F8481025D0710216D574
:10E0700053695B0213D50021036D80F8441013B17E
:10E08000416DC3F88810837E2BB172B6936923F07B
:10E090000053936162B6936923F48003936170BD6A
:10E0A000536943F480135361B4E7816B891B0D44BA
:10E0B000A7E79BB2A0F84830936923F4000393616B
:10E0C000936943F480039361D0E700BF0148FFF7F1
:10E0D00057BF00BF70290020704700BF704700BFC6
:10E0E000704700BF704700BF70B51A4C1A4D2368C7
:10E0F000AB4202D0194AD16829BBA369AB4202D016
:10E10000164AD169C9B9236BAB4202D0134AD16A0E
:10E1100069B9A36CAB4209D0104AD16B31B101216E
:10E120001B680F48D163BDE87040184770BD0121DE
:10E130001B680C48D1629847EBE701211B680A482D
:10E14000D1619847DFE701211B6804F10800D16025
:10E150009847D2E7C0360020181F00200041084031
:10E1600010370020F8360020E036002038B5064C85
:10E17000A4F1600554F8083C2046183CDB68984739
:10E18000AC42F7D138BD00BF1037002003682DE93D
:10E19000F041044688B01746002B4BD000229A600D
:10E1A0000122DA60304D04A8DFF8E0801D4451F808
:10E1B000083B2D1102935B6805EB45069847F60076
:10E1C00006F1080058F806304044DB680190984793
:10E1D000264A04A9DDE90103029248F806309B684B
:10E1E0009847029B04A8DB689847236803222048CD
:10E1F0001F609A601F4A23791F4C5355137851783A
:10E20000C0F828428B4228BF0B469178D2788B42C7
:10E2100028BF0B46934228BF1346184C4FF0E0220C
:10E220004FF08061012084F87A30C2F80C1108B0F8
:10E23000BDE8F081124AD36E43F44053D366012205
:10E24000104B1A60104A134602604032986800284A
:10E25000A8D0103393422360F8D1002318462360DE
:10E2600008B0BDE8F08100BF00BFF7BF181F002055
:10E2700000340020902D002029BF000000E400E0C1
:10E2800000C00F400040084000410840C036002058
:10E29000F8B5036843B3154C0746154E1C442411CA
:10E2A00004EB4405ED00735905F10800DB683044C8
:10E2B0009847104B0021012273513B689960DA6046
:10E2C000FF230D4A1355137850789478834228BF62
:10E2D0000346D078094AA34228BF2346834228BF79
:10E2E000034682F87A303960F8BD00BF00BFF7BF3F
:10E2F000C0360020181F0020902D002000E400E010
:10E3000010B4064B0020064C064A1C609C611C633E
:10E310009C6405495DF8044B03F0DEB8C03600206C
:10E32000181F00209C2D0020ADBF00002DE9F041FA
:10E330000C46D1B1EAB180468E1800250E4F04E09C
:10E3400001F04CFDB44205440CD0D8F8003014F86C
:10E35000010B1B68BB42F3D0014640469847B442CC
:10E360000544F2D12846BDE8F0810D462846BDE8B7
:10E37000F0811546F6E700BF6D00000000B50368A8
:10E3800083B040F60D2C022201A95B68ADF804C0F1
:10E39000984703B05DF804FB01F0AABC2DE9F047F3
:10E3A000884651B3914662B382460027164C174EF9
:10E3B00025680BE001F002FD002810DA01F0A2FD53
:10E3C0002368DAF808205B1B934210D2DAF8003099
:10E3D0005B69B342EED0504698470028EEDB013728
:10E3E00008F8010BB945E3D13846BDE8F0870123B1
:10E3F00038468AF80C30BDE8F0870F463846BDE84D
:10E40000F0871746F0E700BF64460620750000005D
:10E41000A249A34B88422DE9F047A24C5E699A6954
:10E42000D4F80C801BD9A04B984240F20281C31A49
:10E430009E491B0AA1FB031340F22761DB0903EB92
:10E44000830303EB830303F2E2438B4228BF0B46B3
:10E45000A3F54877964BA3FB0737FF0804E0954FD9
:10E46000B8428CBF0E2706278D4908F01F09D1F846
:10E470008030B94543F0C003C1F880300CD228F099
:10E480001F08A1F5F82148EA0708C1F80C800B68BD
:10E49000002BFCDA08F01F0916F0007324D186491E
:10E4A0000C698649A14300F0EA8082F48051344629
:10E4B0004FF4805514F0605F04D026F060561E4380
:10E4C000774B5E6111F4405F07D022F440527449EB
:10E4D0002A438A618B6C1A07FCD446F00076704A96
:10E4E0005661936C9B06FCD4754CA04200F2CE8022
:10E4F0004FF0010C0146634603FB011203F1010ECC
:10E500000CF10105A24218D8BEF1080F4FF001032B
:10E5100040F08D80BCF1040F00F291800A18A242F5
:10E5200000F2A48005FB00F1AC4603F1010E03FBF1
:10E5300001120CF10105A242E6D90CF1FF318C0267
:10E5400086EA81215F4810445F4A90427FD9DFF814
:10E55000A4A16C225D48584DB0FBFEF0D5F800E058
:10E56000B0FBFCF0DFF890C10EEA0C0CD44509D0EA
:10E5700042F400524FF4805CC5F800C02A602A685B
:10E58000002AFCDA464A156905F007059D4203D0CA
:10E590001361936CDD03FCD411F4E05F09D026F421
:10E5A000E05604F4E0543E4A26435661936C9907C2
:10E5B000FCD44749474A014491423CD8464BC909DB
:10E5C000A3FB0131090B4B1E1B0286EA030212F466
:10E5D000407F06D026F4407603F44073304A33433C
:10E5E00053612F4A536923F000735361936C9B0668
:10E5F000FCD43A4B4F45A3FB00234FF0FF324FEAC8
:10E600009343B0FBF1F1B2FBF3F3354A1060354AA6
:10E610001160354A136008D228F01F08214A48EAE1
:10E620000707D7601368002BFCDABDE8F087734654
:10E6300062E7122718E74FF440730421C5E70CF195
:10E64000FF31204807238C02104486EA8121274AA3
:10E65000DFF8A8A0A2FB0020020D2548362A38BF0B
:10E66000362202FB00F042EA0A0A74E74FEA8C24E1
:10E67000002386EA8C214FF0010EAC4662E71D466E
:10E6800086F0C05411464FF0C05313E700244FF0FA
:10E69000010C024631462346E64653E700A4781FA4
:10E6A00000C00F40000008400046C32323B24C00C6
:10E6B0001F85EB5100366E0100800D404030008018
:10E6C000FFB19F26808D5B00FF7EF64D00643F4DBD
:10E6D0007FD1F0087F17B42C9F10E50083DE1B4329
:10E6E0000C2900200829002054460620819F5E1630
:10E6F000001BB7006C2000807F300180002000806C
:10E7000000B970472DE9F84F01218146214C224D77
:10E71000224E54E8003F2A68306844E80013002B7A
:10E72000F7D11F494B684FF47A7BDFF878A01B1AAA
:10E7300001270BFB02F8DAF80020A3FB02325A454E
:10E7400094BF9044D84454E8003F2A68306844E8B5
:10E750000073002BF7D14B68DAF800C01B1A0BFBD3
:10E7600002F2A3FB0C3CBCF57A7F94BF624402F535
:10E770007A72A2EB0802B2F57A7F06D3B9F10109E9
:10E7800008F57A78DFD1BDE8F88F01F0BBFB0449CA
:10E79000D9E700BF6846062064460620604606208A
:10E7A000001000E05446062030B40F4B4FF0010C2F
:10E7B0000E4D0F4C53E8002F2868216843E800C233
:10E7C000002AF7D10B4B5B680B4A5B1A4FF47A7146
:10E7D000126801FB00F0A3FB023230BC8A4294BFF6
:10E7E00080184018704700BF68460620644606201F
:10E7F00060460620001000E054460620362816D851
:10E800000201104B03EB00109B5810B4C2685C6807
:10E81000144205D061B95DF8044BC3F888207047F5
:10E82000836851B1084A5DF8044B1A60704770471D
:10E830005DF8044BC3F884207047044A5DF8044B2C
:10E840001A6070474422002038F00100383001007F
:10E8500036280BD8064B020103EB00109A58C36808
:10E8600092681A4214BF01200020704700207047B0
:10E8700044220020362829D8164B0201012903EB37
:10E8800000109A5810B45368C4680ED004290CD0F4
:10E8900023EA040353608368A9B1022917D003292E
:10E8A0000CBF0D4A0D4A1A6007E02343012953604B
:10E8B000836808D040F638021A60436815225DF874
:10E8C000044B1A60704738221A60F6E77047044A12
:10E8D0001A60F2E7442200203830010038000100BD
:10E8E00038F0010008B5F4F735FFF5F7CDF901F080
:10E8F00009FBFAE7844641EA000313F003036DD1F4
:10E90000403A41D351F8043B40F8043B51F8043BF2
:10E9100040F8043B51F8043B40F8043B51F8043BF9
:10E9200040F8043B51F8043B40F8043B51F8043BE9
:10E9300040F8043B51F8043B40F8043B51F8043BD9
:10E9400040F8043B51F8043B40F8043B51F8043BC9
:10E9500040F8043B51F8043B40F8043B51F8043BB9
:10E9600040F8043B51F8043B40F8043B51F8043BA9
:10E9700040F8043B51F8043B40F8043B51F8043B99
:10E9800040F8043B403ABDD2303211D351F8043B39
:10E9900040F8043B51F8043B40F8043B51F8043B79
:10E9A00040F8043B51F8043B40F8043B103AEDD2E8
:10E9B0000C3205D351F8043B40F8043B043AF9D239
:10E9C000043208D0D2071CBF11F8013B00F8013B0C
:10E9D00001D30B8803806046704700BF082A13D319
:10E9E0008B078DD010F003038AD0C3F10403D21A31
:10E9F000DB071CBF11F8013B00F8013B80D331F865
:10EA0000023B20F8023B7BE7043AD9D3013A11F8E4
:10EA1000013B00F8013BF9D20B7803704B7843704F
:10EA20008B7883706046704702F05CBD02F062BD77
:10EA300001F1FF3C70B56646002400E00134B0FBF4
:10EA4000F2F502FB1503092B03F1370E03F1300336
:10EA50005FFA8EFE98BF5FFA83FE9042284606F862
:10EA600001EFEBD2631C0022C818CA547CB1624685
:10EA70001CF8015F10F8016DA1EB0C0302328CF859
:10EA80000060013B521A057023449A42EFDB0846AE
:10EA900070BD00BF00230F2248F2B82C194610B5F4
:10EAA0004FF470444FF4806EA0F88C414FF46044F2
:10EAB000A0F88E210A46A0F89031B0F888319BB2B8
:10EAC00043F0F003A0F8883101EB4103013100EB82
:10EAD000431304299C80A3F806E05A841A865A80BE
:10EAE0005A81A3F80EC05A82DA825A83DA83EBD1B4
:10EAF000B0F888319BB243F00F03A0F88831B0F82A
:10EB000088319BB243F47063A0F8883110BD00BF18
:10EB1000374B384A996F384841F47F0170B599678F
:10EB200041F20106D3F8801045F6C05543F22604A1
:10EB30000A43C3F88020FFF7ADFF00F58040FFF7E0
:10EB4000A9FF00F58040FFF7A5FF00F58040FFF723
:10EB5000A1FF0022A0F503104FF00F0E114600EBAD
:10EB600042134FEA421C01329981042A5981A3F8C9
:10EB70000EE09E82DD8020F80C1019829C81EED17F
:10EB800000221E484FF00F0E41F20106114645F6D5
:10EB9000C05543F2260400EB42134FEA421C0132F7
:10EBA0009981042A5981A3F80EE09E82DD8020F825
:10EBB0000C1019829C81EED1002211480F2641F2DF
:10EBC0000105114645F6C05443F2260E00EB4213F0
:10EBD0004FEA421C01329981042A5981DE819D82CB
:10EBE000DC8020F80C101982A3F80CE0EED170BD87
:10EBF00000C00F40000003FC00C03D4000001E406C
:10EC000000401E40074A506A936A19468446506A7B
:10EC1000936A9942F9D18445F7D1DB0B43EA40402E
:10EC2000704700BF00400D4072B6EFF30583524CB1
:10EC3000C4F884301EF0040F0CBFEFF30882EFF32A
:10EC400009824FF0E0234D4E4D4DD3F8280DD3F8F7
:10EC50002C1DC4E92201D3F8341DD3F8383DC4E992
:10EC600024139369C4F89830D369C4F89C3000F039
:10EC7000BFF884ED280AFFF7C5FF0B214FF0FF32E4
:10EC8000C4F8A4000B46C4F880103E49301D5A4019
:10EC9000202402F00103013C01FB03F383EA52024A
:10ECA000F7D1A84202D073680646EFE7324BC3F8AB
:10ECB000A820BFF34F8F4FF0E0233049324AC3F80A
:10ECC000701FC3F8702FBFF34F8FBFF36F8F2F4AA2
:10ECD00002252F48D36E2F4943F44053D366056075
:10ECE000D3692D4823F07F0343F04003D3610B68C1
:10ECF00083423DD8264D00214FF0E0234FF0FF32F4
:10ED000029600126C5F808112449C5F80011C5F885
:10ED10000861C3F88021C3F88421C3F88821C3F8AF
:10ED20008C21C3F8902101E000F054F9D5F80C31A2
:10ED3000002BF9D00134C5F80C614F2CF4D9184BD5
:10ED4000022018494FF00042C1F840015A63D5F83B
:10ED50000C313BB9144815490D4A0163D2F80C3106
:10ED6000002BFAD04FF0E023114AC3F80C2DFEE738
:10ED7000FFF74EFBBEE700BF00FF272080FF2720E4
:10ED8000A8FF27202083B8EDA0FF272000C00F4058
:10ED9000004008400C290020803DCD0B009F24003E
:10EDA00000900D4000002E4000800F40F100AD0BA0
:10EDB0000400FA050A490A6838B108B51318094869
:10EDC000834204D810460B6008BD1046704702F01D
:10EDD00055FF0C234FF0FF320360104608BD00BF03
:10EDE000982D00200000282030BFFDE7FFF71CBF52
:10EDF000124AD2F880305B07FBD5D2F88030104839
:10EE0000C3F30B230F4990ED007A07EE903A91ED92
:10EE1000006AB8EE477A0C4AF8EEE77A0B4BD2ED6F
:10EE2000006A77EEC77A93ED007AB8EE477A67EE1C
:10EE3000867A87EEA60A37EE400A704700810D40B9
:10EE4000444606204C4606205046062048460620EA
:10EE5000836BF0B41BB1536843F40043536072B644
:10EE6000446B3CB31A4B2260D3F8B0410C421DD125
:10EE7000184E776804E07468E41BB4F5166F0BD283
:10EE8000D3F8404144F48044C3F84041D3F8B8512A
:10EE9000D3F840416404EED50D4007D10C4CC0E9D5
:10EEA0000225D4F8B0310B43C4F8B031426362B6E6
:10EEB000F0BC7047064DC0E90224D5F8B0310B43D1
:10EEC000C5F8B0310263426362B6F0BC704700BF60
:10EED00000002E40001000E070B5056B9DB10646A5
:10EEE0002A46002403E012680134012A0CD053683A
:10EEF00013F08003F7D032632CB12846B36B2D6832
:10EF00009847013CF9D170BDC6E90C33F4E700BF66
:10EF100030B4D9B91F4C204B0021204A01254FF0B5
:10EF2000011099601D60C4E9023180245C60C2F860
:10EF3000BC01D2F8B0311A482B43C2F8B03101609D
:10EF4000D2F8B031002BFBD130BC70470904154B0F
:10EF5000104C012541F080019860104A596000F57D
:10EF600080511D60D96000F50051A364196100F55E
:10EF7000405100F58040596100219861E164D2F868
:10EF8000B03143F48033C2F8B031D2F8B031002B45
:10EF9000FBD1C0E7000000202037002000002E40F9
:10EFA000404F042040370020084901220B7802FA24
:10EFB00000F023EA0000087030B9054AD2F8483161
:10EFC00023F08003C2F84831704700BF664806202E
:10EFD00000002E402DE9F04F974C83B0D4F84471D7
:10EFE000FB07C4F8447153D5D4F8AC21002A4AD0A9
:10EFF000924EDFF860A2DFF87492DFF874B2DFF8A7
:10F000007482C4F8AC21D6E90A20D4F8403143F424
:10F010000053C4F84031D4F840319D04F5D5D4F8FC
:10F02000403123F40053C4F840314FF00113C4F8C9
:10F03000B431D4F8B45115F00115FAD193B2844625
:10F04000CAF80050B3F5086F00F0CF8100F2DB8002
:10F0500040F202318B4200F0E78100F29A80822B6D
:10F0600000F0CB81B3F5817F40F08A8010F0780FFB
:10F0700083B200F003824FF00113C4F8C031D4F81A
:10F08000AC21002ABDD16C4AD2F8BC31002B42D150
:10F090007E0616D5684BD3F8AC21C3F8AC21D3F863
:10F0A000BC21C3F8BC21D3F8B041002CFBD14FF0F8
:10F0B000FF32C3F8B421D3F8843100F027FD604B50
:10F0C0001C60FC0103D55F4B1B6803B19847B80176
:10F0D00003D55D4B1B6803B19847790708D5564B9C
:10F0E000D3F8843113F4007347D0584B01221A70BF
:10F0F000514BD3F848311A060AD53B0608D5544A75
:10F1000013782BB1013BDBB21370002B00F072823D
:10F1100003B0BDE8F08F4F49C2F8BC310868034224
:10F1200040F0D181464A14681C40B1D05FEA1448CF
:10F1300010D0424E4FF0010998FAA8F5B5FA85F5BE
:10F1400006EBC51009FA05F54030FFF7C5FE38EAB1
:10F150000508F1D1A4B2002C9AD0384E4FF0010826
:10F1600094FAA4F5B5FA85F506EBC51008FA05F58D
:10F17000FFF7B2FEAC43F3D18AE7344A1370B7E726
:10F18000802B7FF478AF344802210580FFF7C0FE62
:10F1900075E7B3F5A06F00F00B81A3F5D063012BE9
:10F1A0003FF669AF2D4B5D68002D3FF464AF1FFA49
:10F1B0008CFC4FEA124E04E01D690C33002D3FF425
:10F1C0005AAF1A887245F7D15A886245F4D14FEA8E
:10F1D0001E22032A00F0A5811A89000C824228BF52
:10F1E0000246BEF5007F40F0A181184B1C491878FB
:10F1F0001C4B0192002818BF19461B48FFF77AFBE9
:10F20000194D019AE1E142F221218B427CD033D9A0
:10F2100042F221318B4200F081804FF6C0018B42D7
:10F220007FF429AF10F47F4F83B27FF424AF43F40F
:10F230006E4363F30F0CB5E700002E400000002082
:10F24000444F04207C460620804606207148062054
:10F2500072480620404F04200C4606205C27002000
:10F26000EC2000605021006000532720384F04201C
:10F270005DCFC6B8C0012E40B3F5106F66D042F224
:10F2800021018B427FF4F7AE030C072B7FF4F3AE22
:10F29000B24BB349F560D960B249B360C3F8089086
:10F2A000C1E9002001221A60AF4A5A60AF4A1A61D0
:10F2B000D4F8B01141F00101C4F8B01102F5805149
:10F2C00002F5005259619A61D4F8B031002BFBD19C
:10F2D000A74AF36493600123B264136048F2800389
:10F2E00053604FF00113C4F8BC31D4F8B03143F48B
:10F2F0008033C4F8B0314FF48033CAF80030D4F80A
:10F30000B031002BFBD1BAE680B238B9994BC2F3C9
:10F3100007421968984B1960984B1A70944B002259
:10F320009A60F2640122B3641A6080225A604FF03E
:10F330000113C4F8BC31D4F8B03143F48033C4F8BD
:10F34000B031D4F8B031002BFBD198E6C2F30742BC
:10F350008B4B1A708B4BC4F8C8318B4BC4F8CC3133
:10F360008A4BC4F8D03100F0D3FB8022294688486C
:10F3700002F0DAFB874B8022C6F8A0B0C6F8E03076
:10F380007B4BF5645A600122B3649D601A604FF0B4
:10F390000113C4F8BC31D4F8B03143F48033C4F85D
:10F3A000B031CAF80050D4F8B031002BFBD166E67A
:10F3B0006F4B0121F564196080219D60B364596031
:10F3C0004FF00113C4F8BC31D4F8B03143F48033AA
:10F3D000C4F8B031D4F8B031002BFBD1130C5B066C
:10F3E00043F08073C4F8543149E6654B01216A4803
:10F3F0001B780370FFF78CFD41E683B210F07800B4
:10F400007FF439AE03F07F0258F82210624A108070
:10F41000180600F19E80CB0701D50123137002214D
:10F420005D48FFF775FD2AE610F0780F83B27FF490
:10F4300022AE03F07F0213F0800F58F8223014BF81
:10F4400043F4803343F0010348F822300022484B54
:10F45000F2649A600122B3641A6080225A604FF00D
:10F460000113C4F8BC31D4F8B03143F48033C4F88C
:10F47000B031D4F8B031002BFBD100E603F07F02AD
:10F4800013F0800F58F8223014BF23F4803323F098
:10F49000010348F822300022354BF2649A600122C1
:10F4A000B3641A6080225A604FF00113C4F8BC3173
:10F4B000D4F8B03143F48033C4F8B031D4F8B0316B
:10F4C000002BFBD1DBE50020086026490C8848684A
:10F4D00042F221018C427FF425AE80B200287FF4F5
:10F4E00021AE2E492E4C03C9A18086284FEA114136
:10F4F0002060A1717FF416AE72B62A48017841F0FF
:10F5000008010170D2F848110D0605D4802001438E
:10F51000C2F84401C2F8481162B6234A5021117062
:10F5200000E6000C2A78824228BF0246BEF5E06F52
:10F5300044D11E4B1E4D18781E491F4B01920028C6
:10F5400018BF19462846FFF7D5F907236B70019AB3
:10F550003BE0C9033FF561AF61E700BF40370020E2
:10F56000385F0420E038002080000700386F042056
:10F570002037002064460620784606206F48062083
:10F58000704806200200CC00C80002000200C8003B
:10F59000800000201993D5740C460620384F0420B3
:10F5A00070460620664806207248062071480620EC
:10F5B0000053272050210060EC2000602946104DA8
:10F5C00001922846FFF796F9019A25F01F0315448A
:10F5D000BFF34F8F4FF0E021C1F8703F20339D42C1
:10F5E000FAD8BFF34F8FBFF36F8F05481146FFF76F
:10F5F0008FFC44E50320FFF7D7FC02F089FD00BF34
:10F60000005327202DE9F0471F46831E022B01D906
:10F61000BDE8F087DFF84C9015460C463C2209EB1C
:10F62000C01806464FEAC01A002108F1040024045D
:10F6300002F07AFAB5FA85F20123520944EA4274DB
:10F6400049F80A40C8F83870C8F80830002FDFD0F1
:10F65000034AB34011680B431360BDE8F08700BF55
:10F66000444F0420000000202DE9F0470D46811E84
:10F67000022901D9BDE8F087C701DFF84C90924616
:10F68000044640373C2200211E4609EB07082D04A2
:10F6900008F1040002F048FABAFA8AF2520945EA7F
:10F6A000427249F807200122C8F83860C8F80820DB
:10F6B000002EDFD0034B10341968A2400A431A60B1
:10F6C000BDE8F087444F0420000000201204816050
:10F6D000C36101F5405342F0800210B4012442603E
:10F6E00001F50052046001F5805401F58041C460C9
:10F6F00081615DF8044BC0E904237047831E0A460C
:10F70000022B00D97047064B00F110014FF0010C9D
:10F7100003EBC0100CFA01F14030FFF799BB00BFBA
:10F7200000000020831E0A46022B00D970470121E9
:10F73000024B814003EBC010FFF78ABB00000020A2
:10F7400040687047124A134BD2F8200220F07F40E5
:10F75000984210B584B002D200EB800040000E4CFD
:10F7600001A90A22FFF764F901A90023204611F834
:10F77000012B01333AB10A2B20F8022FF7D11623BF
:10F78000237004B010BD5B00DBB2237004B010BD69
:10F7900000441F40809698001832002000F0D6BA2E
:10F7A00000F066BB00F03CBB0846114600F02CBBE5
:10F7B000F8B5144C4FF0E025134E4FF4003204EB33
:10F7C0004024124F06EB40160346C5F88C21214613
:10F7D0003A883046FFF77AFF3B882344BFF34F8FC8
:10F7E000C5F85C4F2034A342FAD8BFF34F8FBFF364
:10F7F0006F8F03203146FFF795FF4FF40033C5F8B4
:10F800000C31F8BD80532720603700202C4806209B
:10F81000244B2DE9F0411C884368C569C3F30E43AE
:10F82000E41A002C24DD204920480A780078D3B25D
:10F830001F4E82421F4807D010F8038036F8187018
:10F84000C7F50072944218D90133002226F81540FA
:10F85000082B194E88BF134626F8152098BFDAB238
:10F86000C554164B0A701A6814441C60BDE8F08138
:10F870002846BDE8F041FFF79BBF07EB4820104941
:10F8800022462744084401EB4521FFF733F80B4A91
:10F89000284626F8187013682344BDE8F041136029
:10F8A000FFF786BF2C4806206048062061480620E6
:10F8B000184606203846062028460620144606200C
:10F8C000805327201D4B1A78002A36D102F0FF03FF
:10F8D0001B4A12788AB32DE9F0411A4D2A8852B397
:10F8E000194EC2F50068194F3278194C07EB4217D0
:10F8F00004EBC224424638462146FFF7E7FE04EBFC
:10F900000802BFF34F8F4FF0E023C3F8704F20344D
:10F91000A242FAD8BFF34F8FBFF36F8F042039464E
:10F92000FFF7ECFE33780133DBB2032B88BF0023F3
:10F93000337000232B80BDE8F08170476E480620AD
:10F9400070480620384806206D48062060380020A0
:10F95000806327202DE9F04F85B0CDE90110002903
:10F9600000F0BF800023604CDFF89881DFF898A199
:10F970005E4F009301235E4A23705E4B1978B8F8FE
:10F98000003002EB4119002B40F0A7801E461D46B7
:10F990009B464846FFF7D4FE10F0800000F08C80B4
:10F9A000BFF34F8F9AF8003084F800B005B93E6875
:10F9B000002B7DD13B689B1B782B00F287804E4B40
:10F9C0001B78002B74D000F09DFA0122B8F80030AB
:10F9D00015462270002BDCD0464AC3F50060117832
:10F9E0001A4600EBC120454DC9022844019D9542AD
:10F9F00017D20393DDE901512A46FEF77BFF039BF3
:10FA00004FF040425B1BA8F800303D4BC3F8842008
:10FA1000BFF34F8F009800232844237005B0BDE842
:10FA2000F08F364BCD180299FEF764FF00234FF498
:10FA3000006229464846FFF749FEBFF34F8F05F1A4
:10FA4000200205F50063934234BF012340234FF0A9
:10FA5000E02205EB4313C2F8705F2035AB42FAD1C8
:10FA6000BFF34F8FBFF36F8F04204946FFF746FE69
:10FA7000204A13780133DBB2032B84BF00231D4AD5
:10FA80001370B8F80030019AD11A009A1A44019103
:10FA90000092029A1A4400230292194AA8F80030F0
:10FAA000C2F88430BFF34F8F237000297FF462AF18
:10FAB000009805B0BDE8F08F4FF400620D4B8AF856
:10FAC000000019781346A8F800208AE7012300985F
:10FAD0008AF8003005B0BDE8F08F1A46C3F5006023
:10FAE0007FE70198E5E700BF6E48062064460620E0
:10FAF000603800206D48062070480620806327206B
:10FB000000002E40384806206C480620704700BF91
:10FB10002D4B002180222D4870B51B7800242C4DE0
:10FB20008B422C4E0CBF40234FF400732B8033804C
:10FB300001F0FAFF284A2146284B14704FF48072D6
:10FB400027481C8001F0F0FF264A1021264B022096
:10FB5000C2E90044C2E90244244AC3E900441470E3
:10FB6000234AC3E90244234B1C70234614602246F7
:10FB7000FFF77AFD2246318803201F4BFFF742FD35
:10FB80002346012229880420FFF76EFD2046013418
:10FB9000FFF70EFE082CF9D1184B00214A22184815
:10FBA000184C0460C3F88410C3F88020D3F84821AF
:10FBB000154942F08072C3F8482121B1134A1378E5
:10FBC00043F00103137070BD7148062060380020B7
:10FBD0003A4806202C4806206D4806203848062062
:10FBE0006037002018460620284606206048062078
:10FBF000144606206148062051D6000000002E4021
:10FC00007C46062005D7000000000000774806204B
:10FC10002DE9F04F4FF0E0234FF40032DFF8C8A099
:10FC200083B0C3F88C218B469AF8004000294FD04E
:10FC30008046E4B20027DFF8B490264BABEB070216
:10FC400025491B78A34204F101043FD0092C234B22
:10FC5000404628BF00241E5D39F816C00CEB462331
:10FC600019441F4B33F81650A5EB0C05AA421CD2C1
:10FC70000CEB462C18491B4C61440192FEF73AFEEE
:10FC8000216839F816505846019AA1EB0B012A4415
:10FC9000394429F8162021604FF0E0234FF4003258
:10FCA000C3F80C2103B0BDE8F08F2A462F44FEF7BD
:10FCB00021FE0C49E3B230460A68A844521B0A6090
:10FCC0008AF80030FFF774FDBB45B6D83846E3E745
:10FCD0000846E1E760480620805327203846062082
:10FCE00018460620144606206148062028460620AD
:10FCF0000B4B0C4A12781978D3B28A420DD00133DB
:10FD000009480A4A092B0A4928BF0023C35C31F875
:10FD1000131002EB4323585C70474FF0FF307047DD
:10FD20006048062061480620384606208053272078
:10FD300028460620044B10B51C680CB1204610BDA7
:10FD400000F0E0F8204610BD144606202DE9F84FDB
:10FD5000144E154D33782A78934221D0DCB2DFF867
:10FD60005090DFF850B0DFF85080104F0134082C6D
:10FD70005FFA84FA01D90024A24619F80400DBF8DE
:10FD8000003038F8102037F81010521A9B1ACBF8B0
:10FD90000030FFF70DFD86F800A02B78A342E5D1D7
:10FDA000BDE8F88F614806206048062028460620F6
:10FDB00038460620144606201846062000B583B0B3
:10FDC00001210DF10700FFF723FF20B19DF8070087
:10FDD00003B05DF804FB4FF0FF30F9E7094B00B5C5
:10FDE00083B01B788DF807003BB101210DF10700AE
:10FDF000FFF7B0FD03B05DF804FB03F0FF0003B0B4
:10FE00005DF804FB70480620044B1B7803F0FF02EA
:10FE10000BB1FFF79FBD1046704700BF704806202A
:10FE20002DE9F0410024DFF8448001230D4D2746E1
:10FE30000D4E88F80030337828462035A34204F16F
:10FE4000010405D0FFF77CFC030658BF07F50067E7
:10FE5000042CF0D1BFF34F8F0023384688F80030D0
:10FE6000BDE8F081603800206D4806206E4806200D
:10FE70002DE9F8431D4B1B7813B11D4D2A880AB993
:10FE8000BDE8F8831B4EC2F500691B4933784A462A
:10FE90001A4C01EB43181A4F04EBC32401234046CC
:10FEA0003B7021460023FFF711FC04EB0902BFF36E
:10FEB0004F8F4FF0E023C3F8704F2034A242FAD89E
:10FEC000BFF34F8FBFF36F8F04204146FFF716FC3F
:10FED00033780133DBB2032B88BF00233370002358
:10FEE0002B80BFF34F8F3B70BDE8F883704806202E
:10FEF000384806206D48062060380020806327209F
:10FF00006E4806202DE9F8432D4B1E7866B12D4F23
:10FF10003B784BB90123F1073B7043D4B20726D499
:10FF200000233B70730701D4BDE8F883264B1A68A1
:10FF3000002AF9D0EFF30582002AF5D1EFF31085FE
:10FF400072B61868002834D0204C2178002930D1AE
:10FF50000122227042691A60002A2ED0916105B9EF
:10FF600062B600258368457798472570DCE7DFF89F
:10FF7000648098F80030002BD2D00025DFF858902C
:10FF80002B4659F823400135236820461B699847C2
:10FF900010B163699B68984798F80020EBB29A42C9
:10FFA000EFD8BDE7FFF7C6FE0028B7D0AFF300805B
:10FFB000B4E7002DB8D162B6B6E7054B1A60CEE7BC
:10FFC00077480620444806206C4B0420424806200F
:10FFD000784B042043480620F44B042008B5D0E9B0
:10FFE00000325BB1BAB10F4BA3FB0213DB0803EB8A
:10FFF0004303B2EB83030AD1012008BD094BA3FBE5
:02000004600199
:100000000213DB0803EB4303B2EB830301D0D21AE4
:100010004260F02AF0D801F031FE1C220346002095
:100020001A6008BDABAAAAAA70B5044638B319B1C4
:10003000B2FA82F67609A2B9206800B36268F2B11A
:10004000184B194902FB03F3B1EBB30F17D3A368A5
:10005000E3B90022012322606260A260E2601846D8
:1000600070BD1D46049BC0E90012C360FFF7B6FFD8
:1000700003460028F3D06DB90123184670BD01F086
:10008000FDFD162200230260184670BD002101F01C
:100090004BFDDEE7626831462068A56001F044FD53
:1000A0000123DCE7ABAAAAAA5555551500000000AC
:1000B000B0EE407B17EE903A1B4A23F00043934288
:1000C0001CDD1A4A934202DD30EE400B704700B54A
:1000D00085B0684600F0DCFB00F0030001289DEDD0
:1000E000021B9DED000B0ED0022813D070B100F062
:1000F000DFFAB1EE400B05B05DF804FB9FED081B85
:10010000002000F06DBB00F0D3FAF4E7012000F00E
:1001100067FBF0E7012000F063FBB1EE400BEAE77C
:100120000000000000000000FB21E93FFFFFEF7F1F
:100130002DE9F04F5BEC10AB2DED0A8B4FEA1B5C09
:1001400011EE90EA0CF1FF3640F2FD70864210EE9F
:10015000101A11EE103A89B05A4665464FEA1E54FD
:1001600000F2C680C4F30A06A6F2BE367F2E98BF00
:10017000002000F2BD80BFEE000BE14CE14B1444C7
:10018000C4F3463503EB451693ED006B93ED027B0C
:1001900096ED128B96ED189B96ED162B260D2415D9
:1001A00005EE904A360593ED0C4BB8EEE55B951BDA
:1001B000A5EE062BA5EE079B93ED04AB93ED105B2C
:1001C00093ED08BB93ED067B93ED0A6B93ED0E3B2D
:1001D0000C1E45EC1C4BACEE080BA0EE053BA0EE54
:1001E000046B20EE0A5B30EE024B20EE058BA0EE96
:1001F0000B7BA8EE036B32EE442BA8EE067B32EEAF
:10020000002BB0EE483B39EE022B95EE003B34EE6E
:10021000085B20EE080B34EE454B32EE036B34EEF8
:10022000084B36EE046BA0EE076B35EE064B21EE65
:10023000048B18EE902AB0EE487BC2F30A556FF497
:100240007273EB183E2B91EE047B35EE445B35EE7A
:10025000065BA1EE057B00F29380AB4B93ED024B66
:1002600093ED005BB0EE441B93ED042BA8EE051B51
:1002700093ED066B11EE101A31EE441B01F07F0274
:1002800093ED0E4BA1EE028BA1EE068B93ED0C6B62
:1002900037EE087B27EE072B921802F10F0403EBD1
:1002A000C202A7EE046B92ED1C4B03EBC40293ED6C
:1002B0000A3B93ED085B53F834605768A7EE035B85
:1002C0004018002422EE023B37EE047BA219A2EE76
:1002D000057B07EB4033A3EE067B002D5FD043EC9C
:1002E000102BA7EE000B09B0BDEC0A8BBDE8F08F18
:1002F000D8184EEB0E09461E37466FF0010849F13B
:10030000FF36B8456FF4001777EB0606C0F0208182
:10031000481842EB0209461E374669F10006B84507
:100320006FF4001777EB0606C0F03981002A6ADB0C
:100330000020C4F30A06A6F2BE337F2B40F2FF77FB
:100340004FD9724B00209A4208BF814200F0FD80D5
:1003500040F2BD35AE4240F29180012972EB0303B9
:1003600034BF01230023BC428CBF00240124A342DC
:100370000ED109B0BDEC0A8BBDE8F04F00F0FCBB1C
:10038000002BC0F2CE80B5F5816F75D9002AF0DB65
:1003900009B0BDEC0A8BBDE8F04F00F0F5BBA142FF
:1003A00080F21381B7EE003B03F17F5101F500119C
:1003B000104641EC150B27EE057B35EE076BB0EED2
:1003C000C64BB4EEC34BF1EE10FA61D49FED480B6F
:1003D00026EE000B09B0BDEC0A8BBDE8F04F00F033
:1003E00003BC002D7FF4C7AE9FED437B4BEC16ABF7
:1003F00026EE077B53EC172B23F0004217EE101A62
:10040000A2F15072B7E6C4F30A0640F2FE3086420B
:100410007EDD40F23340864200F3FA80801BA0F17B
:1004200020054FF0FF374FF0FF39874009FA05F9F3
:10043000C0F12008019547EA09054FF0FF3727FA78
:1004400008F945EA0905874023EA07072EEA05056A
:100450003D435DD1019DC3400EFA08F843EA08030D
:100460002EFA05FE43EA0E0303F00103980422F07E
:100470000042CCF30A055EE70025EEE68842934190
:10048000B7EE000B34BF31EE000B30EE410B2AE724
:10049000B5EEC06BF1EE10FA35EE465BBFEE004BE9
:1004A00035EE075B58BFB0EE434B36EE043B34EEFF
:1004B000437B37EE067B37EE057B37EE037B37EE6B
:1004C000446BB5EE406BF1EE10FA04D12A4601F010
:1004D000004343EC162B9FED065B8DED045B9DED19
:1004E000047B27EE057B8DED067B6FE7AFF3008085
:1004F0000000000000001000000000000000304379
:10050000AB6A19C0300B0020C00200200000F03F91
:100510004BEC10AB09B0BDEC0A8BBDE8F04F00F01E
:1005200053BBB7EE000B38EE000B00283FF4DBAEF8
:10053000B1EE400BD7E64918594B82F400224FF038
:1005400000005241884293415DD3B7EE000BCAE6EA
:1005500050EA0904EFD0534C0025A24208BFA9423B
:1005600047D04918504B52418D4273EB02044AD395
:10057000994508BFA84246D103F100439A4208BFFB
:10058000A942E2D09A426FEA0E0E34BF0022012245
:100590004FEADE7E724577D09FED3D0BA3E64BEC34
:1005A00017AB002A27EE070B34DB002250EA0909BB
:1005B0005DD1BEF1000FBFF696AE104609B0BDEC9E
:1005C0000A8BBDE8F04F00F0E7BA03F140419FED20
:1005D000326B01F57001104641EC100BA7EE000BD9
:1005E00020EE060B09B0BDEC0A8BBDE8F04F00F021
:1005F00007BBDB182A4A8EF4002E4EEB0E0E9D42EE
:1006000072EB0E02A1D24BEC17AB37EE010B6AE690
:1006100000202CE7C4F30A02A2F2FF313429C4D827
:10062000C2F586624FF0FF31A2F11D05033201FAD7
:1006300005F701FA02F4C2F120063C4321FA06F75D
:100640003C43914023EA01012EEA04042143ACD14A
:1006500023FA02F20EFA06F632432EFA05F52A4381
:1006600012F00102A2D0B1EE400B01229EE7BEF1D2
:10067000000FBFF638AEB7EE006B86EE007B8DED57
:10068000027B9DED020B2EE621EE010B2BE600BF57
:100690000000000000000000000000000000007FDB
:1006A0000000F0FF0000F03F0000E0FF000000004D
:1006B00010EE903A23F00043B3F1795F2DED028BF9
:1006C0002EDAFDEEC07B17EE903A002B65D020EEBF
:1006D000004B9FED358B9FED362B9FED373BA4EE06
:1006E000082B9FED375BA4EE023B9FED376BA4EE2A
:1006F000035B9FED377BA4EE056BA4EE067B24EE37
:10070000077B21EE401BB6EE006BA4EE071BB7EE95
:10071000000B94EE061BBDEC028B30EE410B7047D4
:100720009FED218B20EE004B9FED212B9FED223B77
:10073000A4EE082B9FED225BA2EE043B9FED226B03
:10074000A3EE045B9FED227BA5EE046B224AA6EE8E
:10075000047B934227EE047BD3DD204A934217DCCF
:10076000B7EE006B0020A3F5001141EC150B36EE3F
:10077000456B21EE401BB6EE003BA4EE071B94EE4A
:10078000035BBDEC028B35EE410B36EE400B704740
:10079000B6EE076BB5EE025BEBE7B7EE000BBDEC18
:1007A000028B7047AFF30080D43888BEE9FAA8BD49
:1007B000C4B1B4BD9EEE213EAD529C804F7E92BE30
:1007C0009015CB19A001FA3E7751C1166CC156BFE6
:1007D0004C5555555555A53F3233D33F0000E93FA1
:1007E00010EE903A23F00043B3F1795F04DAFDEEA6
:1007F000C07B17EE903A5BB320EE007B9FED162B8B
:100800009FED173B9FED184BA7EE023B9FED185B4A
:10081000A3EE074B9FED186BA4EE075BA5EE076BED
:1008200020EE075B30B99FED164BA7EE064BA4EE0A
:10083000050B70479FED144B26EE456BB6EE003B63
:10084000A1EE036B96EE071BA5EE041B30EE410BE9
:10085000704700BFAFF300807CD5CF5A3AD9E53D51
:10086000EB9C2B8AE6E55ABE7DFEB157E31DC73EE1
:10087000D561C119A0012ABFA6F810111111813F3D
:10088000495555555555C5BF495555555555C53FFC
:1008900070B553EC102B9C4923F000458D4288B075
:1008A00004466ADD99498D421E461BDC002B9FEDF4
:1008B000867B40F3EB8030EE477BA1F51B21A1F551
:1008C000F0618D426AD09FED826B012037EE465B6E
:1008D00037EE457B84ED005B37EE467B84ED027B93
:1008E00008B070BD8A498D4260DD8A498D424DDC79
:1008F0002A1510EE100AA2F21642A5EB025141ECA5
:10090000170B9FED755BBDEEC76BB8EEC66B37EE90
:10091000467B27EE057BFDEEC74B8DED026BB8EEF7
:10092000E46B37EE467B27EE057BB5EE407BF1EEC0
:1009300010FA8DED046B8DED067B40F0968014EE81
:10094000903A002B0CBF012302237349019102212D
:10095000009102A8214600F067F9002EC0DA94ED5C
:10096000006B94ED027BB1EE466BB1EE477B84EDFC
:10097000006B84ED027B4042B2E700200021C4E915
:100980000201002084ED000B08B070BD30EE407B0A
:10099000002084ED027B84ED007BA1E79FED505B9E
:1009A0009FED516B37EE457B01208FE700F0BAF8E1
:1009B000B6EE007B9FED4E5BA0EE057BFDEEC77BA8
:1009C0009FED413B17EE900A9FED416B1F28B8EE5B
:1009D000E75BB1EE454BA5EE430B25EE067B1CDC39
:1009E0004E4B421E53F82230AB4216D030EE476BCE
:1009F00084ED006B30EE460B30EE470B002E84ED9D
:100A0000020BBFF66DAFB1EE466BB1EE400B84ED5D
:100A1000006B84ED020B404262E730EE476B16EE4E
:100A2000903AC3F30A53C3EB1553102B4FEA2552E8
:100A3000DEDDB0EE403B9FED2A6B9FED2B2BA4EE4D
:100A4000063B30EE437BA4EE067B95EE027B33EE55
:100A5000476B16EE903AC3F30A53D21A312A06DCDA
:100A6000B0EE430B84ED006BC4E703236DE79FED0D
:100A7000226BB0EE430B9FED222BA4EE060B33EE60
:100A8000407BA4EE067B95EE027BAFE7244930EE77
:100A9000077B8D420ED09FED0E6B4FF0FF3037EE8F
:100AA000065B37EE457B84ED005B37EE067B84ED1D
:100AB000027B15E79FED0A5B9FED0B6B37EE057B25
:100AC0004FF0FF30EBE700BF00004054FB21F93F3F
:100AD0003163621A61B4D03D000000000000704133
:100AE0000000601A61B4D03D7370032E8A19A33BD5
:100AF00083C8C96D305FE43F0000002E8A19A33B14
:100B0000C14920259A837B39FB21E93F7BD90240EB
:100B1000FB213941FFFFEF7F54260020C425002030
:100B2000FB21F93F51EC100B10EE102A21F000438D
:100B300043EC102B704700BF10B582B08DED000B59
:100B4000044601F09BF89DED000B046002B010BD5F
:100B500082B058B1B1EE407B8DED007B9DED007B06
:100B6000222020EE070B02B0FFF7E6BFB0EE407B7D
:100B7000F2E700BF000000009FED010BFFF7E8BFA8
:100B800000000000000000109FED010BFFF7E0BF28
:100B9000000000000000007082B00028B7EE006B7B
:100BA000BFEE007B06FE077B8DED007B9DED000B0D
:100BB0009FED037B222080EE070B02B0FFF7BCBF46
:100BC0000000000000000000B4EE400BF1EE10FA4F
:100BD00030EE407B87EE076BB0EE460B02D621204D
:100BE000FFF7AABF704700BFB5EE400BF1EE10FA59
:100BF00000D070472220FFF79FBF00BF0000000019
:100C00009FED076BB0EEC07BB4EE467BF1EE10FAC1
:100C100000DC70472220FFF78FBF00BFAFF30080DA
:100C2000FFFFFFFFFFFFEF7F2DE9F04F2DED088B5A
:100C3000ADF5157D1C4604930791AB4BA69912F1B7
:100C4000140F53F82150824604F1FF38C0F2998204
:100C5000A649D31E81FB0301DB17C3EBA10303935A
:100C60000133A3EB8303DB00D3180693039B15EB3F
:100C70000801A3EB08031AD401319FED956BA798E7
:100C800019441CAA0AE050F8234007EE904A0133A9
:100C9000B8EEE77B8B42A2EC027B08D0002BF2DAA5
:100CA000B0EE467B01338B42A2EC027BF6D1002DE5
:100CB000C0F2C982049B1CAA02EBC3046CAE4FEACB
:100CC000C30C4046EF180AEBC301B8F1000F9FEDCB
:100CD000807B09DB22465346B3EC025B32ED026BAC
:100CE0008B42A5EE067BF7D10130B842A6EC027B21
:100CF00004F10804E9D108AF07EB85039FED769B6B
:100D00009FED778B043BDDF818B005930AEB0C04DC
:100D100007EB85096CAE2946019594AB03EBC10343
:100D2000002913ED280B16DD06EBC1033A4620EE31
:100D3000097B33ED025BB0EE406BBDEEC77BB34287
:100D4000B8EEC77BA7EE486BBDEEC66B37EE050B62
:100D5000A2EC016AEBD15846029100F0ADFAB0EE78
:100D600040ABB4EE000B2AEE000B00F02DFBB2EE10
:100D7000007BA0EE47ABBDEECABBBBF1000FB8EEE7
:100D8000CB7B02993AEE47AB74DD01F1FF3ECBF12C
:100D9000180357F82E2042FA03FC0CFA03F3D21A78
:100DA000CBF117001BEE103A42FA00F56344002D18
:100DB00047F82E200BEE103A64DCB5EE40ABF1EEB6
:100DC00010FA40F0C480019B01F1FF3E73450DDC39
:100DD0004FEA810C07EB8103002053F8042D4B45AB
:100DE00040EA0200F9D1002840F0F280019B013B6B
:100DF00057F82330002B40F0E680059B012553F87F
:100E0000042D0135002AFAD001F1010E0D4470467F
:100E1000049B1944039B03EB0E0C0CF1804CA79B25
:100E20000CF1FF3C03EB8C0C1CAB06EBCE0E03EB82
:100E3000C1019CED017AB8EEC77BB8F1000F81EDDE
:100E4000007B0CF1040C0A469FED216B01F10801B7
:100E500009DB534601E032ED027BB3EC025BA342B7
:100E6000A5EE076BF7D10130A842AEEC026BE0DDD6
:100E7000294652E740F09D804B1E57F82350ED1550
:100E8000002D9ADD1BEE103A002903F101030BEE51
:100E9000103A40F38C813A68002A40F082800129A0
:100EA0002DD03B46012053F8042F002A7CD0431C50
:100EB000C2F18072994247F820201FDD57F82320A5
:100EC00007EB810C07EB83036FF07F4011E000BF5D
:100ED0000000000000000000000000000000703E64
:100EE0000000000000007041B4250020ABAAAA2A2F
:100EF0001A68821A43F8042B6345F9D10122BBF129
:100F0000000F0DDDBBF1010F00F03381BBF1020FCB
:100F100006D1481E57F82030C3F3150347F8203098
:100F2000022D7FF44AAFB7EE000B30EE4AAB002A39
:100F30003FF443AF5846029100F0BEF93AEE40ABA1
:100F4000B5EE40ABF1EE10FA02993FF43CAF069CCF
:100F5000B0EE4A0B6042A8468B46019D00F0ACF90A
:100F60009FEDC16BB4EEC60BF1EE10FAC0F24781F3
:100F70009FEDBF7B20EE077BBDEEC77B0BF101022F
:100F8000B8EEC75BA5EE460BBDEEC00B183410EEF5
:100F9000103A47F82B3017EE103A069447F82230F3
:100FA0002AE00123002083E7013088427FF47BAFF1
:100FB000A5E7B6EE007BB4EEC7ABF1EE10FA80F217
:100FC000E5800025F9E601F1010E704675461FE740
:100FD000069BA3F1180157F82E300691A8467246D9
:100FE000019D4BB9ACF104033B4453F8040D013AA5
:100FF00018390028F9D006910698B7EE000B019237
:1010000000F05AF9019A002AC0F221819FED986BF5
:1010100002F1010C6CA907EB8C034FEACC0E01EB3B
:10102000CC0133ED017ABB42B8EEC77B27EE007BE3
:1010300020EE060B21ED027BF3D19FED8F4BAEF13D
:1010400008036CA9CE18002444AF002D9FED8C7BC3
:1010500010DBB0EE446B8C483146002303E09C4229
:1010600008DBB0EC026BB1EC025B01339D42A5EEF4
:10107000067BF4DA07EBC403944283ED007B4FEA6E
:10108000C40104F10103A6F1080601D01C46DCE707
:10109000A69B022B1DDC002B00F38B800FD19FED54
:1010A000787BBE443EED026B774537EE067BF9D187
:1010B00043460BB1B1EE477B079B83ED007B1BEEF4
:1010C000103A03F007000DF5157DBDEC088BBDE867
:1010D000F08FA69B032BF2D1002A00F0E38002F1EF
:1010E000005307EBC20030ED026BB0EE475B874266
:1010F00037EE067B36EE476B80ED007B36EE056BF8
:1011000080ED026BEFD1012A40F3CC80394491EDA0
:10111000006BDA0046A907EBC30333ED027BB0EEA8
:10112000465B994236EE076B37EE467B83ED006BEC
:1011300037EE057B83ED027BEFD19FED517B02F112
:1011400008033B4407F1100233ED026B9A4237EE7D
:10115000067BF9D14346002B59D1D7E90001D7E9E5
:101160000223079C84ED047BC4E90001C4E9022347
:10117000A5E7481E57F82030C3F3160347F8203080
:10118000CEE600216FF0170303916DE51BEE103AD8
:10119000002903F101030BEE103AC8BF02253FF707
:1011A0007AAEB7EE007B37EE4AAB022505E60022A9
:1011B000A5E69FED337B07EBCC0C3CED026B67455E
:1011C00037EE067BF9D1434697ED006B8BBB079B4F
:1011D000002A83ED007B36EE477B0CDD46A9012318
:1011E000B1EC026B01339A4237EE067BF8DA4346E4
:1011F0000BB1B1EE477B079B83ED027B5FE7BDEE52
:10120000C00B5A4610EE103A47F82B30F4E697ED33
:10121000005BB1EE477B97ED026BB1EE455B079B40
:10122000B1EE466B83ED005B83ED026B83ED047BD7
:1012300045E7079BB1EE475B002A83ED005B36EE86
:10124000477BCBDCD5E7049B4FEAC30C53E5A69B59
:10125000022B1BDC002B21DC7FF431AF9FED087BE0
:1012600026E700BFAFF300800000000000007041DF
:10127000000000000000703E00000040FB21F93F2C
:10128000000000000000000088020020A69B032B45
:101290007FF415AF9FED067B44AF5BE79FED047BCA
:1012A00044AF90E79FED027B54E700BFAFF30080AF
:1012B000000000000000000053EC102B10B4C3F33A
:1012C0000A54194674BB23F00041114327D09FED07
:1012D000307B3B4920EE077B884253EC172B43DBE6
:1012E000C3F30A541946363C4CF2503C604522DCAC
:1012F000204440F2FE74A0421DDC002829DC10F1DD
:10130000350F38DB21F0FF41363021F4E0019FED4D
:10131000227B41EA005343EC102B20EE070B5DF8D3
:10132000044B704740F2FF7C6445DDD130EE000B8A
:101330005DF8044B70479FED1A7B9FED1B5BB0EE91
:10134000470B002B5DF8044B27FE057B27EE000BB7
:10135000704721F0FF4121F4E00141EA005343ECE2
:10136000102B5DF8044B70479FED110B5DF8044B9B
:1013700027EE000B70479FED0E7B9FED0F5BB0EEED
:10138000470B002B27FE057B27EE000BC7E700BFAE
:101390000000000000005043000000000000903CEE
:1013A0009C7500883CE4377E9C7500883CE437FEE1
:1013B00059F3F8C21F6EA50159F3F8C21F6EA5813B
:1013C000B03CFFFF0000000010B582B08DED000BB7
:1013D00001990098C1F30A52A2F2FF33132B8446FD
:1013E00031DC002B21DB3A4A1A4101EA02040443B2
:1013F0008E462DD09FED347B9DED006B36EE077B46
:10140000B5EEC07BF1EE10FA09DD002904DA4FF4E5
:10141000801141FA03F39E442EEA020100200B469C
:10142000024643EC102B02B010BD9FED277B30EE3F
:10143000077BB5EEC07BF1EE10FAF0DD002928DB6A
:1014400000200146EBE7332B06DDB3F5806F1BD0A0
:101450009DED000B02B010BDA2F213424FF0FF3E13
:101460002EFA02F21042F3D09FED177B9DED006B38
:1014700036EE077BB5EEC07BF1EE10FACFDD00292A
:1014800013DB2CEA0200CAE79DED007B37EE070B69
:10149000E0E721F0004101430E4B00294FF000002E
:1014A0000CBF4FF000411946B9E7142B09D00124B5
:1014B000C3F1340304FA03F39C44604588BF09195F
:1014C000DFE70131DDE700BF9C7500883CE4377E33
:1014D000FFFF0F000000F0BF03460846194600F06A
:1014E000EDBA00BF024B0146186800F00BB800BF10
:1014F000B0310020024B0146186800F003BD00BF68
:10150000B03100202DE9F04F01F10B06162E83B00B
:10151000044624D8102900F2BA8000F0A3FA10265D
:1015200018220220B54F3A44A2F1080153688B42B9
:1015300000F0BA805A68D96822F003021A449D6804
:10154000E9608D60516841F001012046516003F16E
:10155000080500F08DFA284603B0BDE8F08F36F09C
:10156000070600F19480B14200F2918000F07AFA0F
:10157000B6F5FC7FC0F09A81730A00F08F80042BCF
:1015800000F26F81B30903F1390003F1380CC30095
:101590009A4F3B44A3F108055B689D4206D10CE0DD
:1015A000002980F22781DB689D4206D05A6822F02C
:1015B0000302911B0F29F3DD60463D69DFF850C23D
:1015C00065457CD06A6822F00302931B0F2B00F361
:1015D0007B81002BC7E904CC80F26C81B2F5007FDF
:1015E00080F01A81D308796801334FEA521E012234
:1015F00002FA0EF20A4357F833E0C5F808E007EBA9
:10160000C3010839E9607A6047F83350CEF80C50CE
:10161000831001219940914257D8114206D120F000
:1016200003004900114200F10400FAD007EBC009A1
:101630004D468646D5F80C80454508D11DE1002B66
:1016400080F22481D8F80C80454500F01681D8F846
:10165000042022F00302931B0F2BF0DD2046D8E973
:10166000025408EB060146F00106C8F80460EC607D
:10167000A56043F00104C7E90411C1E902CC4C6044
:1016800048F8023000F0F4F908F1080502E00C23F4
:1016900023600025284603B0BDE8F08F4FF40073A7
:1016A00040204FF03F0C73E7D3689A4208BF0230E6
:1016B0007FF440AF3D69DFF858C1654582D17A6853
:1016C0008310012199409142A7D9BD686B6823F02E
:1016D00003094E4503D8A9EB06030F2B7ADCDFF88C
:1016E00034B1474BDBF800201B680132334405EB73
:1016F000090A00F0338103F580530F3323F47F6828
:1017000028F00F084146204600F0A6FA411C024688
:1017100000F0F380824500F2EE803A4B19684144B4
:101720001960084600F04E81DBF80010019301318A
:101730001BBFA2EB0A010918CBF80020196012F0B8
:10174000070B00F01781CBF108010A44CBF580515B
:1017500090440831A1EB0801C1F30B0A5146204621
:10176000009200F079FA421CDDE9002300F04F817D
:10177000801A00EB0A081968BA6048F00100514469
:10178000BD425060196000F02981B9F10F0F40F29D
:1017900027816868A9F10C0C2CF0070C00F00100FF
:1017A00040EA0C0068604FF0050E05EB0C00BCF140
:1017B0000F0FC0E901EE00F2328150681546124B5E
:1017C0001A688A4238BF1960104B1A688A4238BFBB
:1017D000196094E0AA1943F0010346F001066E6017
:1017E0002046BA60536000F043F90835284603B03C
:1017F000BDE8F08FD9681A44A1E600BFA02D0020F3
:10180000F04D0420C04D0420E84D0420EC4D042090
:10181000A82D0020A8310020B2F5206F4FEA5223F6
:1018200063D3142B00F2B78003F15C01C9005B3372
:1018300007EB010E7958AEF1080E8E4500F091804D
:101840004B6823F00303934202D989688E45F7D190
:10185000D1F80CE07A68C5E9021ECEF80850CD60D8
:10186000D6E6142B59D9542B00F29D80330B03F18B
:101870006F0003F16E0CC3008AE60EF1010E1EF03C
:10188000030F05F108057FF4D5AE51E0424445460B
:101890005368D8F80C1043F00103536055F8083F23
:1018A0002046D9608B6000F0E3F8F3E6F00806F11B
:1018B000080237E62A442046536843F00103536088
:1018C000083500F0D5F8E5E6A919204646F00106EE
:1018D00043F001046E60C7E90411C1E902CC4C6019
:1018E000AB5000F0C5F80835D4E6930903F139018F
:1018F000C90038339CE7BD425FD0BD68686820F0FE
:1019000003084645A8EB060302D80F2B3FF762AF4A
:10191000204600F0ADF80025BCE603F15C0003F1C1
:101920005B0CC30034E659F808394B4540F096800B
:1019300010F0030F00F1FF30F5D17B6823EA0103BB
:101940007B60490099423FF6C0AE19B9BDE6490037
:101950000EF1040E1942FAD0704667E603F1100842
:10196000D0E69A104FF001087B6808FA02F21A4399
:101970007A6070E702EB08014942C1F30B0A514655
:101980002046009200F068F9431CDDE900237FF453
:10199000EFAEDA46EFE6542B25D8130B03F16F01B7
:1019A000C9006E3344E7B3F5AA7F25D8F30B03F1E2
:1019B000780003F1770CC300EAE5294B186840442E
:1019C0001860B1E6CAF30B0CBCF1000F7FF4ACAEAB
:1019D000BD68C84448F001006860F0E61546EEE6D0
:1019E0000123536094E7B3F5AA7F23D8D30B03F107
:1019F0007801C90077331BE740F25452934223D851
:101A0000B30C03F17D0003F17C0CC300C0E5ABF126
:101A1000080BD844A8EB02084FF0000AABE605F12A
:101A200008012046009300F06DFABD68009B6868CD
:101A30001968C4E640F254518B420BD8930C03F161
:101A40007D01C9007C33F3E64FF47E737F204FF0B5
:101A50007E0C9DE54FF47E717E23E9E67B6870E79E
:101A6000C04D0420014800F033B900BFBC4D042034
:101A7000014800F02FB900BFBC4D04200C4B0D48AD
:101A800019680D4AD1F8983010B4D1F89C4003FB86
:101A900000F002FB0400A3FB0232013340EB020022
:101AA000C1E926305DF8044B20F00040704700BFCC
:101AB000B03100202DF451582D7F954C13460A4625
:101AC0000146022000F08AB9032A70B514D940EA11
:101AD00001039B0722D104460B46194620460E6897
:101AE0000568B54204F1040403F1040316D1043A75
:101AF000032A20461946F0D8541E9AB1421E0139D5
:101B000001E0C3180CD012F801EF11F801CFE6453F
:101B1000A4EB0203F5D0AEEB0C0070BD541EEDE754
:101B2000184670BD104670BD830730B548D0541EAE
:101B3000002A3FD0CAB2034601E0013C3AD303F881
:101B4000012B9D07F9D1032C2DD9CDB245EA0525EE
:101B50000F2C45EA054536D9A4F1100222F00F0CEE
:101B600003F1200EE6444FEA121C03F1100242E991
:101B7000045542E9025510327245F8D10CF10102C8
:101B800014F00C0F03EB021204F00F0C13D0ACF1A5
:101B9000040323F003030433134442F8045B934229
:101BA000FBD10CF003042CB1C9B21C4403F8011B97
:101BB0009C42FBD130BD64461346002CF4D1F9E7BA
:101BC00003461446BFE71A46A446E0E7002A3ED083
:101BD00040EA01039B0730B584462FD1032A2DD953
:101BE0000B4608E0043A8446194625D01EF0803F93
:101BF00022D1032A22D90468194653F8045BA4F1C0
:101C0000013EAC4284462EEA040E00F10400E9D005
:101C10009CF800000C78A0421BD1E64668B11EF883
:101C2000010F11F8014FA2EB0E03A04203F1FF33A5
:101C30000FD11CEB0303F1D1002030BD9CF8000054
:101C40000C78844205D1012AF6D0E646E6E7104634
:101C50007047001B30BD00BF38B5074D0022044659
:101C600008462A60FDF7A6F8431C00D038BD2B6853
:101C7000002BFBD0236038BD484F0420014B18686F
:101C8000704700BFB031002070B50D4E0D4D761B72
:101C9000B61006D0002455F8043B01349847A642FC
:101CA000F9D1094E094D761B00F03AFAB61006D06C
:101CB000002455F8043B01349847A642F9D170BD81
:101CC000501F0060501F0060C81F0060501F006060
:101CD000704700BF704700BF000000000000000018
:101CE00000000000000000000000000000000000F4
:101CF00000000000000000000000000000000000E4
:101D000090F800F06DE9024520F007016FF0000C3B
:101D100010F0070491F820F040F049804FF00004E3
:101D20006FF00700D1E9002391F840F000F10800BE
:101D300082FA4CF2A4FA8CF283FA4CF3A2FA8CF3F6
:101D40004BBBD1E9022382FA4CF200F10800A4FA5D
:101D50008CF283FA4CF3A2FA8CF3E3B9D1E90423B1
:101D600082FA4CF200F10800A4FA8CF283FA4CF3E8
:101D7000A2FA8CF37BB9D1E9062301F1200182FAA2
:101D80004CF200F10800A4FA8CF283FA4CF3A2FAA8
:101D90008CF3002BC6D0002A04BF04301A4612BAB6
:101DA000B2FA82F2FDE8024500EBD2007047D1E9B9
:101DB000002304F00305C4F100004FEAC50514F048
:101DC000040F91F840F00CFA05F562EA05021CBF19
:101DD00063EA050362464FF00004A9E72DE9F047E6
:101DE000DFF87CA00646DAF8000098460F469146D8
:101DF000FFF76EFF184B1C6824B365681F2D24DCA9
:101E00005EB96B1C0235DAF80000636044F8257097
:101E1000FFF760FF0020BDE8F08704EB8501012398
:101E2000C1F88890D4F88821AB401A43022EC4F838
:101E30008821C1F80881E4D1D4F88C211A43C4F870
:101E40008C21DEE7054C1C60D7E7DAF80000FFF7CD
:101E500041FF4FF0FF30DEE7244C0420284C0420E3
:101E6000942D0020F8B5244F0C460646FFF7FAFDE6
:101E7000BB685D68C4F57E610F3125F003054B1921
:101E800023F47F6323F00F03A3F58054B4F5805F40
:101E900007DB00213046FFF7DFFEBB682B4498428A
:101EA00004D03046FFF7E4FD0020F8BD6142304623
:101EB000FFF7D2FE01300DD0104ABB682D1B45F054
:101EC00001055D60136830461B1B1360FFF7D0FDF2
:101ED0000120F8BD00213046FFF7BEFEBA68831A24
:101EE0000F2BDEDD43F001035360054B03491B68F4
:101EF000C01A0860D5E700BFA02D0020C04D042007
:101F0000A8310020002961D0F8B50C460646FFF73D
:101F1000A9FD54F8042C7B4FA4F1080522F001011F
:101F200005EB010CB868DCF80430604523F00303CE
:101F300000F08B80D207CCF8043032D454F8082C4F
:101F4000AD1A1144AA6807F1080082426AD00CEB6E
:101F50000304D4F804E0EC68D4601EF0010FA26022
:101F600000F0978041F001036B60CCF80010B1F5F0
:101F7000007F35D27868CB080122490901338A40B5
:101F8000024357F833107A6007EBC302083AC5E9F9
:101F9000021247F83350CD603046BDE8F840FFF7F5
:101FA00067BD0CEB03025268D00710D4194407F147
:101FB0000800DCF80830834273D0DCF80C20DA60CB
:101FC000936041F001036B606950D0E7704741F0C6
:101FD0000103B1F5007F44F8043CCCF80010C9D3EC
:101FE000B1F5206F4FEA512348D28B0903F1390034
:101FF00003F13802C300F818FB580838984259D04A
:102000005A6822F003028A4202D99B689842F7D1AB
:10201000D868C5E902308560DD603046BDE8F8402B
:10202000FFF726BD0CEB03025268D20763D40B44C2
:10203000DCE90212CA60916043F001026A60304636
:10204000EB50BDE8F840FFF713BD0B44D10707D4B0
:1020500054F8082CAD1A1344D5E90212CA609160F5
:1020600043F001026A60284ABD6012689A4293D820
:10207000264B30461968FFF7F5FE8DE7142B0AD979
:10208000542B1FD80B0B03F16F0003F16E02C3003A
:10209000B1E719448DE703F15C0003F15B02C30073
:1020A000A9E741F00103C7E90455C5E902006B60E7
:1020B000695071E779689210012404FA02F20A4328
:1020C0007A60A6E7B3F5AA7F06D8CB0B03F17800B8
:1020D00003F17702C3008EE740F25452934206D8D0
:1020E0008B0C03F17D0003F17C02C30083E74FF406
:1020F0007E737E227FE741F001036B60CCF8001015
:102100004AE700BFA02D0020AC310020F04D042094
:102110005FF800F0591E00605FF800F02D170060B6
:102120005FF800F0011F00600000000000000000E8
:04213000F8B500BF3F
:08213400A4F3FF7F010000008D
:10213C000000000000000000000000000000000093
:10214C000000000000000000000000000000000083
:10215C000000000000000000000000000000000073
:10216C000000000000000000000000000000000063
:10217C000000000000000000000000000000000053
:10218C000000000000000000000000000000000043
:10219C000000000000000000000000000000000033
:1021AC000000000000000000000000000000000023
:1021BC000000000000000000000000000000000013
:1021CC000000000000000000000000000000000003
:1021DC0000000000000000000000000000000000F3
:1021EC0000000000000000000000000000000000E3
:1021FC0000000000000000000000000000000000D3
:10220C0000000000000000000000000000000000C2
:10221C0000000000000000000000000000000000B2
:10222C0000000000000000000000000000000000A2
:10223C000000000000000000000000000000000092
:10224C000000000000000000000000000000000082
:10225C000000000000000000000000000000000072
:10226C000000000000000000000000000000000062
:10227C000000000000000000000000000000000052
:10228C000000000000000000000000000000000042
:10229C000000000000000000000000000000000032
:1022AC000000000000000000000000000000000022
:1022BC000000000000000000000000000000000012
:1022CC000000000000000000000000000000000002
:1022DC0000000000000000000000000000000000F2
:1022EC0000000000000000000000000000000000E2
:1022FC0000000000000000000000000000000000D2
:10230C0000000000000000000000000000000000C1
:10231C0000000000000000000000000000000000B1
:10232C0000000000000000000000000000000000A1
:10233C000000000000000000000000000000000091
:10234C000000000000000000000000000000000081
:10235C000000000000000000000000000000000071
:10236C000000000000000000000000000000000061
:10237C000000000000000000000000000000000051
:10238C000000000000000000000000000000000041
:10239C000000000000000000000000000000000031
:1023AC000000000000000000000000000000000021
:1023BC0000000040FB21F93F000000002D44743E5A
:1023CC00000000809846F83C0000006051CC783B3F
:1023DC0000000080831BF0390000004020257A3873
:1023EC00000000802282E336000000001DF36935F6
:1023FC00FE822B6547156740000000000000384343
:10240C000000FAFE422E76BF3A3B9EBC9AF70CBDFA
:10241C00BDFDFFFFFFFFDF3F3C5455555555C53FF4
:10242C00912B17CF5555A53F17D0A4671111813F9C
:10243C00000000000000C842EF39FAFE422EE63FD1
:10244C0024C482FFBDBFCE3FB5F40CD7086BAC3FA4
:10245C00CC5046D2ABB2833F843A4E9BE0D7553F2B
:10246C000000000000000000000000000000F03F31
:10247C006EBF881A4F3B9B3C3533FBA93DF6EF3FB3
:10248C005DDCD89C136071BC6180773E9AECEF3FA9
:10249C00D16687107A5E90BC857F6EE815E3EF3FBE
:1024AC0013F6673552D28C3C748515D3B0D9EF3FF7
:1024BC00FA8EF92380CE8BBCDEF6DD296BD0EF3F94
:1024CC0061C8E6614EF7603CC89B751845C7EF3F85
:1024DC0099D3335BE4A3903C83F3C6CA3EBEEF3F73
:1024EC006D7B835DA69A973C0F89F96C58B5EF3FCD
:1024FC00FCEFFD921AB58E3CF747722B92ACEF3F76
:10250C00D19C2F703DBE3E3CA2D1D332ECA3EF3F09
:10251C000B6E908934036ABC1BD3FEAF669BEF3FF6
:10252C000EBD2F2A525695BC515B12D00193EF3F32
:10253C0055EA4E8CEF8050BCCC316CC0BD8AEF3F5D
:10254C0016F4D5B923C991BCE02DA9AE9A82EF3F00
:10255C00AF555CE9E3D3803C518EA5C8987AEF3F28
:10256C004893A5EA151B80BC7B517D3CB872EF3FAC
:10257C003D32DE55F01F8FBCEA8D8C38F96AEF3F87
:10258C00BF53133F8C898B3C75CB6FEB5B63EF3F79
:10259C0026EB11769CD996BCD45C0484E05BEF3FAF
:1025AC00602F3A3EF7EC9A3CAAB968318754EF3F5A
:1025BC009D3886CB82E78FBC1DD9FC22504DEF3F56
:1025CC008DC3A644416F8A3CD68C62883B46EF3F54
:1025DC007D04E4B0057A803C96DC7D91493FEF3F69
:1025EC0094A8A8E3FD8E963C3862756E7A38EF3F5E
:1025FC007D4874F2185E873C3FA6B24FCE31EF3F58
:10260C00F2E71F982B47803CDD7CE265452BEF3FC2
:10261C005E08713F7BB896BC8163F5E1DF24EF3F28
:10262C0031AB096DE1F7823CE1DE1FF59D1EEF3FFA
:10263C00FABF6F1A9B213DBC90D9DAD07F18EF3FBF
:10264C00B40A0C7282378B3C0B03E4A68512EF3F65
:10265C008FCBCE8992146E3C562F3EA9AF0CEF3F18
:10266C00B6ABB04D754D833C15B7310AFE06EF3F46
:10267C004C74ACE20142863C31D84CFC7001EF3F0B
:10268C004AF8D35D39DD8F3CFF1664B208FCEE3F8F
:10269C00045B8E3B80A386BCF19F925FC5F6EE3F38
:1026AC0068504BCCED4A92BCCBA93A37A7F1EE3F20
:1026BC008E2D511BF80799BC66D8056DAEECEE3F1C
:1026CC00D236943EE8D171BCF79FE534DBE7EE3FA0
:1026DC00151BCEB3191999BCE5A813C32DE3EE3F16
:1026EC006D4C2AA7489F853C2234124CA6DEEE3F47
:1026FC008A69287A601293BC1C80AC0445DAEE3FE0
:10270C005B8917488FA758BC2A2EF7210AD6EE3FB3
:10271C001B9A49679B2C7CBC97A850D9F5D1EE3FEE
:10272C0011ACC260ED63433C2D89616008CEEE3F75
:10273C00EF64063B0966963C57001DED41CAEE3F1F
:10274C007903A1DAE1CC6E3CD03CC1B5A2C6EE3F18
:10275C0030120F3F8EFF933CDED3D7F02AC3EE3FEF
:10276C00B0AF7ABBCE90763C272A36D5DABFEE3F97
:10277C0077E054EBBD1D933C0DDDFD99B2BCEE3FF3
:10278C008EA3710034948FBCA72C9D76B2B9EE3F0A
:10279C0049A393DCCCDE87BC4266CFA2DAB6EE3F0F
:1027AC005F380FBDC6DE78BC824F9D562BB4EE3F12
:1027BC00F65C7BEC461286BC0F925DCAA4B1EE3F70
:1027CC008ED7FD180535933CDA27B53647AFEE3F6B
:1027DC00059B8A2FB7987B3CFDC797D412ADEE3F73
:1027EC0009541CE2E163903C295448DD07ABEE3FF1
:1027FC00EAC6195085C7343CB746598A26A9EE3F1C
:10280C0035C0642BE632943C4821AD156FA7EE3FE2
:10281C009F7699614AE48CBC09DC76B9E1A5EE3F60
:10282C00A84DEF3BC5338CBC85553AB07EA4EE3F2A
:10283C00AEE92B89785384BC20C3CC3446A3EE3F3D
:10284C0058585678DDCE93BC2522558238A2EE3FDF
:10285C0064197E80AA10573C73A94CD455A1EE3F45
:10286C0028225EBFEFB393BCCD3B7F669EA0EE3FAC
:10287C0082B93487AD126ABCBFDA0B7512A0EE3F79
:10288C00EEA96DB8EF6763BC2F1A653CB29FEE3FA3
:10289C005188E0543DDC80BC849451F97D9FEE3F1F
:1028AC00CF3E5A7E641F78BC745FECE8759FEE3F98
:1028BC00B07D8BC04AEE86BC7481A5489A9FEE3FD2
:1028CC008AE6551E321986BCC9674256EB9FEE3F0D
:1028DC00D3D4095ECB9C903C3F5DDE4F69A0EE3FAC
:1028EC001DA54DB9DC327BBC8701EB7314A1EE3F07
:1028FC006BC06754FDEC943C32C13001EDA1EE3F4E
:10290C00556CD6ABE1EB653C624ECF36F3A2EE3F95
:10291C0042CFB32FC5A188BC121A3E5427A4EE3F58
:10292C0034373BF1B66993BC13CE4C9989A5EE3F75
:10293C001EFF193A845E80BCADC723461AA7EE3F32
:10294C006E5772D850D494BCED92449BD9A8EE3FEC
:10295C00008A0E5B67AD903C99668AD9C7AAEE3F98
:10296C00B4EAF0C12FB78D3CDBA02A42E5ACEE3FB8
:10297C00FFE7C59C60B665BC8C44B51632AFEE3F24
:10298C00445FF35983F67B3C36771599AEB1EE3F35
:10299C00833D1EA71F0993BCC6FF910B5BB4EE3F92
:1029AC00291E6C8BB8A95DBCE5C5CDB037B7EE3F21
:1029BC0059B9907CF9236CBC0F52C8CB44BAEE3F8A
:1029CC00AAF9F422434392BC504EDE9F82BDEE3FE7
:1029DC004B8E66D76CCA85BCBA07CA70F1C0EE3F85
:1029EC0027CE912BFCAF713C90F0A38291C4EE3FAB
:1029FC00BB730AE135D26D3C2323E31963C8EE3F68
:102A0C006322622204C587BC65E55D7B66CCEE3F24
:102A1C00D531E2E3861C8B3C332D4AEC9BD0EE3F48
:102A2C0015BBBCD3D1BB91BC5D253EB203D5EE3FEB
:102A3C00D231EE9C31CC903C58B330139ED9EE3F42
:102A4C00B35A736E8469843CBFFD79556BDEEE3FDF
:102A5C00B49D8E97CDDF82BC7AF3D3BF6BE3EE3F90
:102A6C008733CB92771A8C3CADD35A999FE8EE3FC3
:102A7C00FAD9D14A8F7B90BC66B68D2907EEEE3F12
:102A8C00BAAEDC56D9C355BCFB154FB8A2F3EE3F1A
:102A9C0040F6A63D0EA490BC3A59E58D72F9EE3F76
:102AAC003493AD38F4D668BC475EFBF276FFEE3F4C
:102ABC00358A586BE2EE91BC4A06A130B005EF3F67
:102ACC00CDDD5F0AD7FF743CD2C14B901E0CEF3F9B
:102ADC00AC9892FAFBBD91BC091ED75BC212EF3FBA
:102AEC00B30CAF30AE6E733C9C5285DD9B19EF3F3F
:102AFC0094FD9F5C32E38E3C7AD0FF5FAB20EF3FBE
:102B0C00AC5909D18FE0843C4BD1572EF127EF3FC4
:102B1C00671A4E38AFCD633CB5E706946D2FEF3F87
:102B2C006819926C2C6B673C6990EFDC2037EF3F97
:102B3C00D2B5CC83188A80BCFAC35D550B3FEF3FEE
:102B4C006FFAFF3F5DAD8FBC7C89074A2D47EF3F85
:102B5C0049A97538AE0D90BCF2890D08874FEF3F2F
:102B6C00A7073DA685A3743C87A4FBDC1858EF3F50
:102B7C000F2240209E9182BC9883C916E360EF3FE0
:102B8C00AC92C1D5505A8E3C8532DB03E669EF3FDF
:102B9C004B6B01AC593A843C60B401F32173EF3FA9
:102BAC001F3EB40721D582BC5F9B7B33977CEF3FE4
:102BBC00C90D473BB92A89BC29A1F5144686EF3FBC
:102BCC00D3883A6004B6743CF63F8BE72E90EF3F07
:102BDC0071729D51ECC5833C834CC7FB519AEF3FFE
:102BEC00F091D38F12F78FBCDA90A4A2AFA4EF3F71
:102BFC007D7423E298AE8DBCF1678E2D48AFEF3F0C
:102C0C000820AA41BCC38E3C275A61EE1BBAEF3F89
:102C1C0032EBA9C3942B843C97BA6B372BC5EF3F8F
:102C2C00EE85D131A9648A3C40456E5B76D0EF3F8E
:102C3C00EDE33BE4BA378EBC14BE9CADFDDBEF3F3D
:102C4C009DCD914D3B89773CD8909E81C1E7EF3F5C
:102C5C0089CC6041C105533CF1718F2BC2F3EF3F1E
:102C6C000038FAFE422EE63F3067C79357F32E3DED
:102C7C00000000000000E0BF605555555555E5BFFC
:102C8C00060000000000E03F4E5559999999E93F24
:102C9C007AA429555555E5BFE945489B5B49F2BFD8
:102CAC00C33F268B2B00F03F0000000000A0F63F36
:102CBC00000000000000000000C8B9F2822CD6BF52
:102CCC008056372824B4FA3C000000000080F63F00
:102CDC000000000000000000000858BFBDD1D5BFA7
:102CEC0020F7E0D808A51CBD000000000060F63FEE
:102CFC000000000000000000005845177776D5BF93
:102D0C006D50B6D5A46223BD000000000040F63F14
:102D1C00000000000000000000F82D87AD1AD5BFA0
:102D2C00D567B09EE484E6BC000000000020F63FAE
:102D3C000000000000000000007877955FBED4BF53
:102D4C00E03E2993691B04BD000000000000F63F23
:102D5C00000000000000000000601CC28B61D4BFAA
:102D6C00CC844C482FD8133D0000000000E0F53F08
:102D7C00000000000000000000A886863004D4BFCC
:102D8C003A0B82EDF342DC3C0000000000C0F53F42
:102D9C000000000000000000004869554CA6D3BF9D
:102DAC0060945186C6B1203D0000000000A0F53FA4
:102DBC0000000000000000000080989ADD47D3BF9F
:102DCC009280C5D44D59253D000000000080F53F90
:102DDC0000000000000000000020E1BAE2E8D2BFD1
:102DEC00D82BB7991E7B263D000000000060F53FF4
:102DFC0000000000000000000088DE135A89D2BFDA
:102E0C003FB0CFB614CA153D000000000060F53F7E
:102E1C0000000000000000000088DE135A89D2BFB9
:102E2C003FB0CFB614CA153D000000000040F53F7E
:102E3C0000000000000000000078CFFB4129D2BF49
:102E4C0076DA5328245A16BD000000000020F53F06
:102E5C000000000000000000009869C198C8D1BFB4
:102E6C000454E768BCAF1FBD000000000000F53F34
:102E7C00000000000000000000A8ABAB5C67D1BFF5
:102E8C00F0A88233C61F1F3D0000000000E0F43F95
:102E9C0000000000000000000048AEF98B05D1BF17
:102EAC00665A05FDC4A826BD0000000000C0F43F12
:102EBC000000000000000000009073E224A3D0BFCB
:102ECC000E03F47EEE6B0CBD0000000000A0F43F7E
:102EDC00000000000000000000D0B4942540D0BFDA
:102EEC007F2DF49EB836F0BC0000000000A0F43F2B
:102EFC00000000000000000000D0B4942540D0BFBA
:102F0C007F2DF49EB836F0BC000000000080F43F2A
:102F1C00000000000000000000405E6D18B9CFBF3B
:102F2C00873C99AB2A570D3D000000000060F43F30
:102F3C0000000000000000000060DCCBADF0CEBF54
:102F4C0024AF869CB7262B3D000000000040F43FC8
:102F5C00000000000000000000F02A6E0727CEBF22
:102F6C0010FF3F544F2F17BD000000000020F43F0E
:102F7C00000000000000000000C04F6B215CCDBFC2
:102F8C001B68CABB91BA213D000000000000F43F51
:102F9C00000000000000000000A09AC7F78FCCBF13
:102FAC0034849F684F79273D000000000000F43FF7
:102FBC00000000000000000000A09AC7F78FCCBFF3
:102FCC0034849F684F79273D0000000000E0F33FF8
:102FDC00000000000000000000902D7486C2CBBFE2
:102FEC008FB78B31B04E193D0000000000C0F33F8D
:102FFC00000000000000000000C0804EC9F3CABFF2
:10300C006690CD3F634EBA3C0000000000A0F33F39
:10301C00000000000000000000B0E21FBC23CABF8B
:10302C00EAC146DC648C25BD0000000000A0F33F23
:10303C00000000000000000000B0E21FBC23CABF6B
:10304C00EAC146DC648C25BD000000000080F33F23
:10305C0000000000000000000050F49C5A52C9BF50
:10306C00E3D4C104D9D12ABD000000000060F33FB5
:10307C00000000000000000000D02065A07FC8BF49
:10308C0009FADB7FBFBD2B3D000000000040F33F81
:10309C00000000000000000000E0100289ABC7BF78
:1030AC00584A537290DB2B3D000000000040F33F68
:1030BC00000000000000000000E0100289ABC7BF58
:1030CC00584A537290DB2B3D000000000020F33F68
:1030DC00000000000000000000D019E70FD6C6BFAA
:1030EC0066E2B2A36AE410BD000000000000F33FEA
:1030FC0000000000000000000090A77030FFC5BF6A
:10310C003950109F439E1EBD000000000000F33F8D
:10311C0000000000000000000090A77030FFC5BF49
:10312C003950109F439E1EBD0000000000E0F23F8E
:10313C00000000000000000000B0A1E3E526C5BFC0
:10314C008F5B07908BDE20BD0000000000C0F23FBB
:10315C0000000000000000000080CB6C2B4DC4BFB1
:10316C003C783561C10C173D0000000000C0F23FF7
:10317C0000000000000000000080CB6C2B4DC4BF91
:10318C003C783561C10C173D0000000000A0F23FF7
:10319C00000000000000000000901E20FC71C3BF66
:1031AC003A54274D8678F13C000000000080F23F35
:1031BC00000000000000000000F01FF85295C2BF94
:1031CC0008C47117308D24BD000000000060F23F70
:1031DC00000000000000000000602FD52AB7C1BF1E
:1031EC0096A31118A4802EBD000000000060F23FD1
:1031FC00000000000000000000602FD52AB7C1BFFE
:10320C0096A31118A4802EBD000000000040F23FD0
:10321C0000000000000000000090D07C7ED7C0BFF2
:10322C00F45BE88896690A3D000000000040F23F1C
:10323C0000000000000000000090D07C7ED7C0BFD2
:10324C00F45BE88896690A3D000000000020F23F1C
:10325C00000000000000000000E0DB3191ECBFBF7B
:10326C00F233A35C547525BD000000000000F23F52
:10327C00000000000000000000002B6E0727BEBFFE
:10328C003C00F02A2C342A3D000000000000F23FE4
:10329C00000000000000000000002B6E0727BEBFDE
:1032AC003C00F02A2C342A3D0000000000E0F13FE5
:1032BC00000000000000000000C05B8F545EBCBF2B
:1032CC0006BE5F58570C1DBD0000000000C0F13F4A
:1032DC00000000000000000000E04A3A6D92BABF06
:1032EC00C8AA5BE83539253D0000000000C0F13F5D
:1032FC00000000000000000000E04A3A6D92BABFE6
:10330C00C8AA5BE83539253D0000000000A0F13F5C
:10331C00000000000000000000A031D645C3B8BF7B
:10332C0068562F4D297C133D0000000000A0F13F92
:10333C00000000000000000000A031D645C3B8BF5B
:10334C0068562F4D297C133D000000000080F13F92
:10335C0000000000000000000060E58AD2F0B6BF5B
:10336C00DA7333C9379726BD000000000060F13FC7
:10337C0000000000000000000020063F071BB5BF46
:10338C00575EC6615B021F3D000000000060F13F0C
:10339C0000000000000000000020063F071BB5BF26
:1033AC00575EC6615B021F3D000000000040F13F0C
:1033BC00000000000000000000E01B96D741B3BFE6
:1033CC00DF13F9CCDA5E2C3D000000000040F13F29
:1033DC00000000000000000000E01B96D741B3BFC6
:1033EC00DF13F9CCDA5E2C3D000000000020F13F29
:1033FC0000000000000000000080A3EE3665B1BFA5
:10340C0009A38F765E7C143D000000000000F13FA4
:10341C000000000000000000008011C0300AAFBFA7
:10342C00918E36839E592D3D000000000000F13F27
:10343C000000000000000000008011C0300AAFBF87
:10344C00918E36839E592D3D0000000000E0F03F28
:10345C00000000000000000000801971DD42ABBFCD
:10346C004C70D6E57A821C3D0000000000E0F03F75
:10347C00000000000000000000801971DD42ABBFAD
:10348C004C70D6E57A821C3D0000000000C0F03F75
:10349C00000000000000000000C032F65874A7BF06
:1034AC00EEA1F23446FC2CBD0000000000C0F03F41
:1034BC00000000000000000000C032F65874A7BFE6
:1034CC00EEA1F23446FC2CBD0000000000A0F03F41
:1034DC00000000000000000000C0FEB9879EA3BFE2
:1034EC00AAFE26F5B702F53C0000000000A0F03F54
:1034FC00000000000000000000C0FEB9879EA3BFC2
:10350C00AAFE26F5B702F53C000000000080F03F53
:10351C0000000000000000000000780E9B829FBF9E
:10352C00E4097E7C268029BD000000000080F03F6D
:10353C0000000000000000000000780E9B829FBF7E
:10354C00E4097E7C268029BD000000000060F03F6D
:10355C0000000000000000000080D5071BB997BFD9
:10356C0039A6FA93548D28BD000000000040F03FAE
:10357C0000000000000000000000FCB0A8C08FBFDD
:10358C009CA6D3F67C1EDFBC000000000040F03F80
:10359C0000000000000000000000FCB0A8C08FBFBD
:1035AC009CA6D3F67C1EDFBC000000000020F03F80
:1035BC0000000000000000000000106B2AE07FBF3C
:1035CC00E440DA0D3FE219BD000000000020F03F9E
:1035DC0000000000000000000000106B2AE07FBF1C
:1035EC00E440DA0D3FE219BD000000000000F03F9E
:1035FC0000000000000000000000000000000000BF
:10360C000000000000000000000000000000F03F7F
:10361C00000000000000000000000000000000009E
:10362C0000000000000000000000000000C0EF3FA0
:10363C000000000000000000000089751510803F9C
:10364C00E82B9D996BC710BD000000000080EF3F78
:10365C000000000000000000008093585620903FAE
:10366C00D2F7E2065BDC23BD000000000040EF3F18
:10367C0000000000000000000000C9282549983F08
:10368C00340C5A32BAA02ABD000000000000EF3FF3
:10369C0000000000000000000040E7895D41A03FF1
:1036AC0053D7F15CC011013D0000000000C0EE3F9B
:1036BC00000000000000000000002ED4AE66A43F05
:1036CC0028FDBD7573162CBD000000000080EE3F78
:1036DC00000000000000000000C09F14AA94A83F46
:1036EC007D265AD0957919BD000000000040EE3FB0
:1036FC00000000000000000000C0DDCD73CBAC3F2B
:10370C000728D847F2681ABD000000000020EE3FE1
:10371C00000000000000000000C006C031EAAE3F0F
:10372C007B3BC94F3E110EBD0000000000E0ED3F99
:10373C000000000000000000006046D13B97B13F44
:10374C009B9E0D565D3225BD0000000000A0ED3F94
:10375C00000000000000000000E0D1A7F5BDB33F61
:10376C00D74EDBA55EC82C3D000000000060ED3F8D
:10377C00000000000000000000A0974D5AE9B53F82
:10378C001E1D5D3C06692CBD000000000040ED3F95
:10379C00000000000000000000C0EA0AD300B73FA0
:1037AC0032ED9DA98D1EEC3C000000000000ED3FA9
:1037BC0000000000000000000040595D5E33B93F7E
:1037CC00DA47BD3A5C11233D0000000000C0EC3F1D
:1037DC0000000000000000000060AD8DC86ABB3F17
:1037EC00E568F72B809013BD0000000000A0EC3FB3
:1037FC0000000000000000000040BC015888BC3FE5
:10380C00D3AC5AC6D146263D000000000060EC3F08
:10381C00000000000000000000200A8339C7BE3FF2
:10382C00E045E6AF68C02DBD000000000040EC3F55
:10383C00000000000000000000E0DB3991E8BF3F11
:10384C00FD0AA14FD63425BD000000000000EC3F5E
:10385C00000000000000000000E027828E17C13F2E
:10386C00F2072DCE78EF213D0000000000E0EB3F89
:10387C00000000000000000000F0237E2BAAC13FD6
:10388C00349938448EA72C3D0000000000A0EB3F7B
:10389C0000000000000000000080860C61D1C23FD7
:1038AC00A1B481CB6C9D033D000000000080EB3F78
:1038BC000000000000000000009015B0FC65C33F44
:1038CC0089724B23A82FC63C000000000040EB3F40
:1038DC00000000000000000000B033833D91C43FA5
:1038EC0078B6FD547983253D000000000020EB3FA5
:1038FC00000000000000000000B0A1E4E527C53F77
:10390C00C77D69E5E833263D0000000000E0EA3F92
:10391C00000000000000000000108CBE4E57C63F97
:10392C00782E3C2C8BCF193D0000000000C0EA3FE4
:10393C0000000000000000000070758B12F0C63F04
:10394C00E1219CE58D1125BD0000000000A0EA3F9F
:10395C000000000000000000005044858D89C73F26
:10396C000543917010661CBD000000000060EA3F2A
:10397C000000000000000000000039EBAFBEC83FA3
:10398C00D12CE9AA543D07BD000000000040EA3FDD
:10399C0000000000000000000000F7DC5A5AC93F8C
:1039AC006FFFA05828F2073D000000000000EA3F1E
:1039BC00000000000000000000E08A3CED93CA3FCC
:1039CC0069215650437228BD0000000000E0E93F19
:1039DC00000000000000000000D05B57D831CB3F46
:1039EC00AAE1AC4E8D350CBD0000000000C0E93FD3
:1039FC00000000000000000000E03B3887D0CB3F07
:103A0C00B6125459C44B2DBD0000000000A0E93F74
:103A1C0000000000000000000010F0C6FB6FCC3F5F
:103A2C00D22B96C572ECF1BC000000000060E93F9F
:103A3C0000000000000000000090D4B03DB1CD3F6C
:103A4C0035B015F72AFF2ABD000000000040E93F01
:103A5C0000000000000000000010E7FF0E53CE3FF6
:103A6C0030F441602712C23C000000000020E93F06
:103A7C0000000000000000000000DDE4ADF5CE3FCA
:103A8C00118EBB651521CABC000000000000E93F87
:103A9C00000000000000000000B0B36C1C99CF3F88
:103AAC0030DF0CCAECCB1B3D0000000000C0E83F2F
:103ABC00000000000000000000584D603871D03F3D
:103ACC00914EED16DB9CF83C0000000000A0E83F96
:103ADC000000000000000000006061672DC4D03FB2
:103AEC00E9EA3C168B18273D000000000080E83FF7
:103AFC00000000000000000000E827828E17D13F74
:103B0C001CF0A5630E212CBD000000000060E83FF6
:103B1C00000000000000000000F8ACCB5C6BD13F53
:103B2C008116A5F7CD9A2B3D000000000040E83F20
:103B3C00000000000000000000685A6399BFD13FEC
:103B4C00B7BD4751EDA62C3D000000000020E83F1A
:103B5C00000000000000000000B80E6D4514D23FBC
:103B6C00EABA46BADE870A3D0000000000E0E73FF3
:103B7C0000000000000000000090DC7CF0BED23F92
:103B8C00F404504AFA9C2A3D0000000000C0E73FB4
:103B9C0000000000000000000060D3E1F114D33FEE
:103BAC00B83C21D37AE228BD0000000000A0E73F1A
:103BBC0000000000000000000010BE76676BD33FD1
:103BCC00C877F1B0CD6E113D000000000080E73FDA
:103BDC0000000000000000000030337752C2D33FD9
:103BEC005CBD06B6543B183D000000000060E73F8A
:103BFC00000000000000000000E8D523B419D43FF9
:103C0C009DE090EC36E4083D000000000040E73FEA
:103C1C00000000000000000000C871C28D71D43F8C
:103C2C0075D66709CE272FBD000000000020E73FA6
:103C3C0000000000000000000030179EE0C9D43FD7
:103C4C00A4D80A1B89202EBD000000000000E73F0D
:103C5C00000000000000000000A03807AE22D53F95
:103C6C0059C7648170BE2E3D0000000000E0E63FA5
:103C7C00000000000000000000D0C853F77BD53FC7
:103C8C00EF405DEEEDAD1F3D0000000000C0E63FD3
:103C9C000000000000000000006059DFBDD5D53FDA
:103CAC00DC65A4082A0B0ABD5354415455533A20E1
:103CBC005374617274696E6720466F726D61742EF5
:103CCC002E2E00004552524F523A20466F726D61B3
:103CDC0074206661696C6564210000005355434390
:103CEC004553533A204361726420666F726D617460
:103CFC0020636F6D706C6574652100004552524FE6
:103D0C00523A20436172642072652D696E69742089
:103D1C006661696C65642100FF00780180014302D3
:103D2C00880187018C018B01920191019501F601AB
:103D3C00990198019A013D029E012002A801A70158
:103D4C00AD01AC01B001AF01B901B801BD01BC01BD
:103D5C00BF01F701C601C401C901C701CC01CA01E9
:103D6C00DD018E01F301F101F501F4013A02652C3C
:103D7C003C023B023E02662C42024102530281018C
:103D8C00540286015602890157028A0159028F0199
:103D9C005B02900160029301630294016802970137
:103DAC00690296016B02622C6F029C0172029D01EA
:103DBC0075029F017D02642C8002A6018302A90179
:103DCC008802AE01890244028A02B1018B02B2015F
:103DDC008C0245029202B7017B03FD037C03FE03B8
:103DEC007D03FF03AC038603C203A303CC038C0344
:103DFC00CD038E03CE038F03F203F903F803F7030D
:103E0C00FB03FA03CF04C0047D1D632C511F591F03
:103E1C00531F5B1F551F5D1F571F5F1F781FF81F18
:103E2C00791FF91FB31FBC1FCC1FC31FE51FEC1F4D
:103E3C00FC1FF31F4E21322184218321612C602C25
:103E4C00762C752C001900000DBF0000000000003E
:103E5C0074C00F40C0000000000000000200000011
:103E6C0050851F40010000003400000002000000DB
:103E7C0050851F40000000000100000002000000FF
:103E8C0054851F40010000003500000002000000B6
:103E9C0054851F4000000000FF0040002600180061
:103EAC007C00000002030405230000006100E01AFE
:103EBC00E000E017F800E0070001013032010106D4
:103ECC00390101104A01012E790101068201010418
:103EDC00A0010106B3010104CD010110DE010112A4
:103EEC00F8010128220201124602010AAD03DB038C
:103EFC00B103E011C303E009D80301183004E0203A
:103F0C005004B010600401228A040136C104010E71
:103F1C00D00401446105D026001E0196A01E015A52
:103F2C00001F0808101F0806201F0808301F08086B
:103F3C00401F0806601F0808701F4A02721F5604B3
:103F4C00761F64027A1F70027C1F7E02801F080895
:103F5C00901F0808A01F0808B01F0802D01F0802F5
:103F6C00E01F08027021F010D024E61A302CD02F5C
:103F7C00672C0106802C0164002D002641FFE01AFD
:103F8C004361726420697320746F6F20736D616C70
:103F9C006C2E0D0A00000000466F726D6174204497
:103FAC006F6E650D0A000000466F726D61742046DD
:103FBC0061696C65640D0A0042616420636C757301
:103FCC0074657220636F756E740D0A0044657669B2
:103FDC00636520697320746F6F20736D616C6C0D59
:103FEC000A00000057726974696E672046415420BC
:103FFC00000000002E00000057726974696E672083
:10400C00757063617365207461626C650D0A0000E4
:10401C0057726974696E6720726F6F740D0A0000B5
:10402C00466F726D617420646F6E650D0A0000003E
:10403C00466F726D6174206661696C65640D0A006F
:10404C00455846415400000019BF00001DBF000038
:10405C0021BF000025BF00006CC00F40C000000055
:10406C00504F0000A93500000CFF000013000000A9
:10407C00000000000000000024851F400BFF000022
:10408C0013000000000000000000000028851F4005
:10409C000DFF0000130000000000000000000000F5
:1040AC0020851F400A252400130000001200000088
:1040BC001200000001020300000000001C851F40DC
:1040CC0000000000000000000000000000000000E4
:1040DC00A10A00008D0A000069020000790A0000A4
:1040EC00F5090000410A0000DD0900000000000095
:1040FC00000000001D8D0000298D0000218D0000A6
:10410C00298E000099950000C994000025950000A7
:10411C00C5930000A58F0000D9990000398D0000CF
:10412C00AD8C000069960000998C00009D8C0000FD
:10413C00A58C0000A98C0000BD8F0000F997000031
:10414C0081970000D9920000918C0000A18C000096
:10415C00D9980000019600009D8D00000000000021
:10416C00000000006D000000E9D50000E5D500005E
:10417C00E1D500006900000075000000D9C1000005
:10418C00DDD500000000000000000000BDBD0000F7
:10419C006DC1000029B8000081B9000049B80000C9
:1041AC00EDB8000071B8000005BA00009DB9000020
:1041BC0025B8000000000000000000006D32000077
:1041CC00152F000069020000B92F0000592F0000C4
:1041DC0061310000E12F0000D93300008134000070
:1041EC000000000000000000A10A00008D0A000081
:1041FC0069020000790A0000F5090000410A00007C
:10420C00DD0900000000000000000000C1320000C9
:10421C000133000035310000B931000021320000BB
:10422C00F53000004D3100005D2D000049330000D9
:10423C000D30000029300000E52C0000D12C0000CE
:10424C000D2D00000D31000045300000ED2D00005B
:10425C00A52E0000352E0000CD310000992D000058
:10426C00000000000000000029CC00006DC100001F
:10427C0069020000CD2C000029CC000029CC0000E4
:10428C0029CC000000000000000000000D390000E7
:10429C001139000021390000313B0000F53A0000D3
:1042AC003D3A0000A13A0000E9390000693B0000EA
:1042BC00593C0000953C0000713D0000093900009C
:1042CC000000000000000000BDB20000E9B20000D8
:1042DC0069020000B9B2000075B2000081B20000A2
:1042EC00A1B200000000000000000000B99B00001B
:1042FC00BD9B0000299A0000AD9F0000F5AB0000AB
:10430C0075A5000045810000E99B0000C5AB0000CD
:10431C0005AD0000FDA500009D7900001DA3000067
:10432C00499B0000559B00001D9A0000219A00003B
:10433C00259A0000619B0000859B0000A99B000052
:10434C0029A00000CD9B0000019E000075A000007C
:10435C0049A1000071020000750200007D020000FE
:10436C0085020000D8399D270054EA2A00A4781F42
:10437C00007B9A1700000042C8801F40B8821F4083
:10438C000800000000000042C4801F40B4821F409F
:10439C000400000000C0004224801F4014821F4013
:1043AC001000000000C0004228801F4018821F40EF
:1043BC002000000000C000422C801F401C821F40C7
:1043CC004000000000C0004234801F4024821F4087
:1043DC00000100000040004264811F4054831F40D4
:1043EC00000400000040004280811F4070831F4089
:1043FC0000000200004000427C811F406C831F4083
:10440C00000001000040004268811F4058831F409B
:10441C0000080000004000423C811F402C831F40DC
:10442C00010000000040004244811F4034831F40C3
:10443C00040000000040004240811F4030831F40B8
:10444C00020000000040004248811F4038831F409A
:10445C00080000000000004204811F40F4821F404D
:10446C00000004000000004208811F40F8821F4039
:10447C00000008000000004218811F4008831F4004
:10448C00000080000000004214811F4004831F4084
:10449C00000040000000004200811F40F0821F40DD
:1044AC000000020000000042FC801F40EC821F4014
:1044BC00000001000000004224811F4014831F40B3
:1044CC00000000040000004228811F4018831F4098
:1044DC0000000008000000421C811F400C831F409C
:1044EC00000000010000004220811F4010831F408B
:1044FC000000000200000042EC801F40DC821F40E4
:10450C000010000000000042F0801F40E0821F40BD
:10451C00002000000000004234811F4024831F4013
:10452C00000000400000004238811F4028831F40DB
:10453C00000000800080004294801F4084821F4055
:10454C000000040000C0004290801F4080821F4089
:10455C000000008000800042A8801F4098821F400D
:10456C000000800000800042A4801F4094821F4005
:10457C0000004000004000426C811F405C831F40E3
:10458C000010000000C0004230801F4020821F40FD
:10459C008000000000400042B0811F40A0831F40FB
:1045AC000000002000400042AC811F409C831F4053
:1045BC00000000100040004284811F4074831F40A3
:1045CC00000004000040004288811F4078831F4097
:1045DC0000000800000000422C811F401C831F407B
:1045EC00000000100000004230811F4020831F405B
:1045FC0000000020000000420C811F40FC821F4084
:10460C00000010000000004210811F4000831F407A
:10461C000000200000800042C8811F40B8831F406A
:10462C000080000000800042C4811F40B4831F4002
:10463C000040000000800042C0811F40B0831F403A
:10464C000020000000800042BC811F40AC831F4052
:10465C000010000000800042D0811F40C0831F402A
:10466C000000020000800042CC811F40BC831F4030
:10467C000000010000C0004274801F4064821F4093
:10468C000000000100C0004280801F4070821F406B
:10469C000000000800C0004284801F4074821F404C
:1046AC000000001000C000426C801F405C821F4064
:1046BC000000400000C000427C801F406C821F4004
:1046CC000000000400C0004278801F4068821F4038
:1046DC000000000200C0004288801F4078821F400A
:1046EC000000002002000000030000000400000095
:1046FC0006000000FB21F93FFB2109407CD9124048
:10470C00FB2119407A6A1F407CD92240BBFD254011
:10471C00FB2129403A462C407A6A2F405C473140B5
:10472C007CD932409C6B3440BBFD3540DB8F37402D
:10473C00FB2139401BB43A403A463C405AD83D40E4
:10474C007A6A3F404C7E40405C4741406C1042408E
:10475C007CD942408CA243409C6B4440AC344540D5
:10476C00BBFD4540CBC64640DB8F4740EB5848402D
:10477C00FB214940417564696F446174612E646129
:10478C007400000083F9A200444E6E00FC29150051
:10479C00D1572700DD34F50062DBC0003C99950051
:1047AC00419043006351FE00BBDEAB00B761C50016
:1047BC003A6E2400D24D42004906E00009EA2E0070
:1047CC001C92D100EB1DFE0029B11C00E83EA70095
:1047DC00F535820044BB2E009CE98400B4267000A1
:1047EC00417E5F00D6913900538339009CF4390027
:1047FC008B5F840028F9BD00F81F3B00DEFF97009B
:10480C000F980500112FEF000A5A8B006D1F6D00D9
:10481C00CF7E360009CB2700464FB7009E663F007F
:10482C002DEA5F00BA277500E5EBC7003D7BF10070
:10483C00F739070092528A00FB6BEA001FB15F0048
:10484C00085D8D00300356007BFC4600F0AB6B001E
:10485C0020BCCF0036F49A00E3A91D005E619100E4
:10486C00081BE60085996500A0145F008D40680068
:10487C0080D8FF0027734D0006063100CA5615007C
:10488C00C9A873007BE260006B8CC00000010000C3
:10489C00B43100201200000000060000B4210060BA
:1048AC000A000000000200005021006062000000BD
:1048BC0000070000EC20006062000000EE03000026
:1048CC00F831002012000000000004EED03100206E
:1048DC002800000000030000E82000600000000039
:1048EC0001030904D0200060000000000203090449
:1048FC00B8200060000000000303090418320020F7
:10490C00000000000000000000000000000000009B
:10491C0000000000F44D04205C4E0420C44E042022
:10492C00000000000000000000000000000000007B
:10493C00000000000000000000000000000000006B
:10494C00000000000000000000000000000000005B
:10495C00000000000000000000000000000000004B
:10496C00000000000000000000000000000000003B
:10497C00000000000000000000000000000000002B
:10498C00000000000000000000000000000000001B
:10499C00000000000000000000000000000000000B
:1049AC0000000000000000000100000000000000FA
:1049BC000E33CDAB34126DE6ECDE05000B000000BF
:1049CC0000000000000000000000000000000000DB
:1049DC0000000000000000000000000000000000CB
:1049EC0000000000000000000000000000000000BB
:1049FC0000000000000000000000000000000000AB
:104A0C00000000000000000000000000000000009A
:104A1C00000000000000000000000000000000008A
:104A2C00000000000000000000000000000000007A
:104A3C000000000000408F400029DE07007B9A1721
:104A4C0000003A40281F0020000000000000000079
:104A5C00000000000000000000000000000000004A
:104A6C00000000000000000000000000000000003A
:104A7C00000000000000000000000000000000002A
:104A8C00000000000000000000000000000000001A
:104A9C003420002000000000E803000000000000AB
:104AAC005C20002000000000E80300000000000073
:104ABC0000801940141D0020000000008C4A0420C6
:104ACC004C4A0420000000000000000040000000E0
:104ADC00400000004000000040000000000000000A
:104AEC0000000000000000000000000000000000BA
:104AFC0000000000000000000000000000000000AA
:104B0C009821002000000000E803000000000000D5
:104B1C0000003F4068200060000000000000000022
:104B2C000000000000000000000000000000000079
:104B3C000000000000000000000000000000000069
:104B4C000000000000000000000000000000000059
:104B5C000000000000000000000000000000000049
:104B6C000000000000000000000000000000000039
:104B7C000000000000000000000000000000000029
:104B8C000000000000000000000000000000000019
:104B9C000000000000000000000000000000000009
:104BAC0000000000000000000000000000000000F9
:104BBC0000000000000000000000000000000000E9
:104BCC0000000000000000000000000000000000D9
:104BDC0000000000000000000000000000000000C9
:104BEC0000000000000000000000000000000000B9
:104BFC0000000000000000000000000000000000A9
:104C0C000000000000000000000000000000000098
:104C1C000000000000000000000000000000000088
:104C2C000000000000000000000000000000000078
:104C3C000000000000000000000000000000000068
:104C4C009821002000000000E80300000000000094
:104C5C0000803F40182000600000000000000000B1
:104C6C000000000000000000000000000000000038
:104C7C000000000000000000000000000000000028
:104C8C000000000000000000000000000000000018
:104C9C000000000000000000000000000000000008
:104CAC0000000000000000000000000000000000F8
:104CBC0000000000000000000000000000000000E8
:104CCC0000000000000000000000000000000000D8
:104CDC0000000000000000000000000000000000C8
:104CEC0000000000000000000000000000000000B8
:104CFC0000000000000000000000000000000000A8
:104D0C000000000000000000000000000000000097
:104D1C000000000000000000000000000000000087
:104D2C000000000000000000000000000000000077
:104D3C000000000000000000000000000000000067
:104D4C000000000000000000000000000000000057
:104D5C000000000000000000000000000000000047
:104D6C000000000000000000000000000000000037
:104D7C000000000000000000000000000000000027
:104D8C009821002000000000E80300000000000053
:104D9C0000C03F40C81F0060000000000000000081
:104DAC0000000000000000000000000000000000F7
:104DBC0000000000000000000000000000000000E7
:104DCC0000000000000000000000000000000000D7
:104DDC0000000000000000000000000000000000C7
:104DEC0000000000000000000000000000000000B7
:104DFC0000000000000000000000000000000000A7
:104E0C000000000000000000000000000000000096
:104E1C000000000000000000000000000000000086
:104E2C000000000000000000000000000000000076
:104E3C000000000000000000000000000000000066
:104E4C000000000000000000000000000000000056
:104E5C000000000000000000000000000000000046
:104E6C000000000000000000000000000000000036
:104E7C000000000000000000000000000000000026
:104E8C000000000000000000000000000000000016
:104E9C000000000000000000000000000000000006
:104EAC0000000000000000000000000000000000F6
:104EBC0000000000000000000000000000000000E6
:104ECC00FFFFFFFFB84D0420808327200000000067
:104EDC000000000000000000A02D0020A02D0020EC
:104EEC00A82D0020A82D0020B02D0020B02D0020D2
:104EFC00B82D0020B82D0020C02D0020C02D002082
:104F0C00C82D0020C82D0020D02D0020D02D002031
:104F1C00D82D0020D82D0020E02D0020E02D0020E1
:104F2C00E82D0020E82D0020F02D0020F02D002091
:104F3C00F82D0020F82D0020002E0020002E00203F
:104F4C00082E0020082E0020102E0020102E0020ED
:104F5C00182E0020182E0020202E0020202E00209D
:104F6C00282E0020282E0020302E0020302E00204D
:104F7C00382E0020382E0020402E0020402E0020FD
:104F8C00482E0020482E0020502E0020502E0020AD
:104F9C00582E0020582E0020602E0020602E00205D
:104FAC00682E0020682E0020702E0020702E00200D
:104FBC00782E0020782E0020802E0020802E0020BD
:104FCC00882E0020882E0020902E0020902E00206D
:104FDC00982E0020982E0020A02E0020A02E00201D
:104FEC00A82E0020A82E0020B02E0020B02E0020CD
:104FFC00B82E0020B82E0020C02E0020C02E00207D
:10500C00C82E0020C82E0020D02E0020D02E00202C
:10501C00D82E0020D82E0020E02E0020E02E0020DC
:10502C00E82E0020E82E0020F02E0020F02E00208C
:10503C00F82E0020F82E0020002F0020002F00203A
:10504C00082F0020082F0020102F0020102F0020E8
:10505C00182F0020182F0020202F0020202F002098
:10506C00282F0020282F0020302F0020302F002048
:10507C00382F0020382F0020402F0020402F0020F8
:10508C00482F0020482F0020502F0020502F0020A8
:10509C00582F0020582F0020602F0020602F002058
:1050AC00682F0020682F0020702F0020702F002008
:1050BC00782F0020782F0020802F0020802F0020B8
:1050CC00882F0020882F0020902F0020902F002068
:1050DC00982F0020982F0020A02F0020A02F002018
:1050EC00A82F0020A82F0020B02F0020B02F0020C8
:1050FC00B82F0020B82F0020C02F0020C02F002078
:10510C00C82F0020C82F0020D02F0020D02F002027
:10511C00D82F0020D82F0020E02F0020E02F0020D7
:10512C00E82F0020E82F0020F02F0020F02F002087
:10513C00F82F0020F82F0020003000200030002035
:10514C0008300020083000201030002010300020E3
:10515C001830002018300020203000202030002093
:10516C002830002028300020303000203030002043
:10517C0038300020383000204030002040300020F3
:10518C0048300020483000205030002050300020A3
:10519C005830002058300020603000206030002053
:1051AC006830002068300020703000207030002003
:1051BC0078300020783000208030002080300020B3
:1051CC008830002088300020903000209030002063
:1051DC009830002098300020A0300020A030002013
:1051EC00A8300020A8300020B0300020B0300020C3
:1051FC00B8300020B8300020C0300020C030002073
:10520C00C8300020C8300020D0300020D030002022
:10521C00D8300020D8300020E0300020E0300020D2
:10522C00E8300020E8300020F0300020F030002082
:10523C00F8300020F8300020003100200031002030
:10524C0008310020083100201031002010310020DE
:10525C00183100201831002020310020203100208E
:10526C00283100202831002030310020303100203E
:10527C0038310020383100204031002040310020EE
:10528C00483100204831002050310020503100209E
:10529C00583100205831002060310020603100204E
:1052AC0068310020683100207031002070310020FE
:1052BC0078310020783100208031002080310020AE
:1052CC00883100208831002090310020903100205E
:1052DC009831002098310020FFFFFFFF00000200F2
:1052EC00E027002012010002EF020140C0168304E7
:1052FC008002010203010000000000008000000099
:10530C002800000000010400010000000000000063
:10531C00020157494E5553420000000000000000A6
:10532C00000000000000000012034D005300460076
:10533C005400310030003000F80000004869466924
:10534C000000000000EE02000C0300000000000052
:10535C000000000000000000000000000000D0076A
:10536C0029013401010000000000000000000000D1
:10537C000000000000000000000000000000000021
:10538C000000000000000000000000000000000011
:10539C000000000000000000000000000000000001
:1053AC0000000000000000000000000000000000F1
:1053BC0000000000000000000000000000000000E1
:1053CC0000000000000000000000000000000000D1
:1053DC0000000000000000000000000000000000C1
:1053EC0000000000000000000000000000000000B1
:1053FC0000000000000000000000000000000000A1
:10540C000000000000000000000000000000000090
:10541C000000000000000000000000000000000080
:10542C000000000000000000000000000000000070
:10543C000000000000000000000000000000000060
:10544C000000000000000000000000000000000050
:10545C000000000000000000000000000000000040
:10546C000000000000000000000000000000000030
:10547C000000000000000000000000000000000020
:10548C000000000000000000000000000000000010
:10549C000000000000000000000000000000000000
:1054AC0000000000000000000000000000000000F0
:1054BC0000000000000000000000000000000000E0
:1054CC0000000000000000000000000000000000D0
:1054DC0000000000000000000000000000000000C0
:1054EC0000000000000000000000000000000000B0
:1054FC0000000000000000000000000000000000A0
:10550C00000000000000000000000000000000008F
:10551C00000000000000000000000000000000007F
:10552C00000000000000000000000000000000006F
:10553C00000000000000000000000000000000005F
:10554C00000000000000000000000000000000004F
:10555C00000000000000000000000000000000003F
:10556C00000000000000000000000000000000002F
:10557C00000000000000000000000000000000001F
:10558C00000000000000000000000000000000000F
:10559C0000000000000000000000000000000000FF
:1055AC0000000000000000000000000000000000EF
:1055BC0000000000000000000000000000000000DF
:1055CC0000000000000000000000000000000000CF
:1055DC0000000000000000000000000000000000BF
:1055EC0000000000000000000000000000000000AF
:1055FC00000000000000000000000000000000009F
:10560C00000000000000000000000000000000008E
:10561C00000000000000000000000000000000007E
:10562C00000000000000000000000000000000006E
:10563C00000000000000000000000000000000005E
:10564C00000000000000000000000000000000004E
:10565C00000000000000000000000000000000003E
:10566C00000000000000000000000000000000002E
:10567C00000000000000000000000000000000001E
:10568C00000000000000000000000000000000000E
:10569C0000000000000000000000000000000000FE
:1056AC0000000000000000000000000000000000EE
:1056BC0000000000000000000000000000000000DE
:1056CC0000000000000000000000000000000000CE
:1056DC0000000000000000000000000000000000BE
:1056EC0000000000000000000000000000000000AE
:1056FC00000000000000000000000000000000009E
:10570C00000000000000000000000000000000008D
:10571C00000000000000000000000000000000007D
:10572C00000000000000000000000000000000006D
:10573C00000000000000000000000000000000005D
:10574C00000000000000000000000000000000004D
:10575C00000000000000000000000000000000003D
:10576C00000000000000000000000000000000002D
:10577C00000000000000000000000000000000001D
:10578C00000000000000000000000000000000000D
:10579C0000000000000000000000000000000000FD
:1057AC0000000000000000000000000000000000ED
:1057BC0000000000000000000000000000000000DD
:1057CC0000000000000000000000000000000000CD
:1057DC0000000000000000000000000000000000BD
:1057EC0000000000000000000000000000000000AD
:1057FC00FFFFFFFF000000000000000000000000A1
:10580C00000000000000000000000000000000008C
:10581C00000000000000000000000000000000007C
:10582C00000000000000000000000000000000006C
:10583C00000000000000000000000000000000005C
:10584C00000000000000000000000000000000004C
:10585C00000000000000000000000000000000003C
:10586C00000000000000000000000000000000002C
:10587C00000000000000000000000000000000001C
:10588C00000000000000000000000000000000000C
:10589C0000000000000000000000000000000000FC
:1058AC0000000000000000000000000000000000EC
:1058BC0000000000000000000000000000000000DC
:1058CC0000000000000000000000000000000000CC
:1058DC0000000000000000000000000000000000BC
:1058EC0000000000000000000000000000000000AC
:1058FC00000000000000000000000000000000009C
:10590C00000000000000000000000000000000008B
:10591C00000000000000000000000000000000007B
:10592C00000000000000000000000000000000006B
:10593C00000000000000000000000000000000005B
:10594C00000000000000000000000000000000004B
:10595C00000000000000000000000000000000003B
:10596C00000000000000000000000000000000002B
:10597C00000000000000000000000000000000001B
:10598C00000000000000000000000000000000000B
:10599C0000000000000000000000000000000000FB
:1059AC0000000000000000000000000000000000EB
:1059BC0000000000000000000000000000000000DB
:1059CC0000000000000000000000000000000000CB
:1059DC0000000000000000000000000000000000BB
:1059EC0000000000000000000000000000000000AB
:1059FC00000000000000000000000000000000009B
:105A0C00000000000000000000000000000000008A
:105A1C00000000000000000000000000000000007A
:105A2C00000000000000000000000000000000006A
:105A3C00000000000000000000000000000000005A
:105A4C00000000000000000000000000000000004A
:105A5C00000000000000000000000000000000003A
:105A6C00000000000000000000000000000000002A
:105A7C00000000000000000000000000000000001A
:105A8C00000000000000000000000000000000000A
:105A9C0000000000000000000000000000000000FA
:105AAC0000000000000000000000000000000000EA
:105ABC0000000000000000000000000000000000DA
:105ACC0000000000000000000000000000000000CA
:105ADC0000000000000000000000000000000000BA
:105AEC0000000000000000000000000000000000AA
:105AFC00000000000000000000000000000000009A
:105B0C000000000000000000000000000000000089
:105B1C000000000000000000000000000000000079
:105B2C000000000000000000000000000000000069
:105B3C000000000000000000000000000000000059
:105B4C000000000000000000000000000000000049
:105B5C000000000000000000000000000000000039
:105B6C000000000000000000000000000000000029
:105B7C000000000000000000000000000000000019
:105B8C000000000000000000000000000000000009
:105B9C0000000000000000000000000000000000F9
:105BAC0000000000000000000000000000000000E9
:105BBC0000000000000000000000000000000000D9
:105BCC0000000000000000000000000000000000C9
:105BDC0000000000000000000000000000000000B9
:105BEC0000000000000000000000000000000000A9
:105BFC000000000000000000000000000000000099
:105C0C000000000000000000000000000000000088
:105C1C000000000000000000000000000000000078
:105C2C000000000000000000000000000000000068
:105C3C000000000000000000000000000000000058
:105C4C000000000000000000000000000000000048
:105C5C000000000000000000000000000000000038
:105C6C000000000000000000000000000000000028
:105C7C000000000000000000000000000000000018
:105C8C000000000000000000000000000000000008
:105C9C0000000000000000000000000000000000F8
:105CAC0000000000000000000000000000000000E8
:105CBC0000000000000000000000000000000000D8
:105CCC0000000000000000000000000000000000C8
:105CDC0000000000000000000000000000000000B8
:105CEC0000000000000000000000000000000000A8
:105CFC000000000000000000000000000000000098
:105D0C000000000000000000000000000000000087
:105D1C000000000000000000000000000000000077
:105D2C000000000000000000000000000000000067
:105D3C000000000000000000000000000000000057
:105D4C000000000000000000000000000000000047
:105D5C000000000000000000000000000000000037
:105D6C000000000000000000000000000000000027
:105D7C000000000000000000000000000000000017
:105D8C000000000000000000000000000000000007
:105D9C0000000000000000000000000000000000F7
:105DAC0000000000000000000000000000000000E7
:105DBC0000000000000000000000000000000000D7
:105DCC0000000000000000000000000000000000C7
:105DDC0000000000000000000000000000000000B7
:105DEC0000000000000000000000000000000000A7
:105DFC000000000000000000000000000000000097
:105E0C000000000000000000000000000000000086
:105E1C000000000000000000000000000000000076
:105E2C000000000000000000000000000000000066
:105E3C000000000000000000000000000000000056
:105E4C000000000000000000000000000000000046
:105E5C000000000000000000000000000000000036
:105E6C000000000000000000000000000000000026
:105E7C000000000000000000000000000000000016
:105E8C000000000000000000000000000000000006
:105E9C0000000000000000000000000000000000F6
:105EAC0000000000000000000000000000000000E6
:105EBC0000000000000000000000000000000000D6
:105ECC0000000000000000000000000000000000C6
:105EDC0000000000000000000000000000000000B6
:105EEC0000000000000000000000000000000000A6
:105EFC000000000000000000000000000000000096
:105F0C000000000000000000000000000000000085
:105F1C000000000000000000000000000000000075
:105F2C000000000000000000000000000000000065
:105F3C000000000000000000000000000000000055
:105F4C000000000000000000000000000000000045
:105F5C000000000000000000000000000000000035
:105F6C000000000000000000000000000000000025
:105F7C000000000000000000000000000000000015
:105F8C000000000000000000000000000000000005
:105F9C0000000000000000000000000000000000F5
:105FAC0000000000000000000000000000000000E5
:105FBC0000000000000000000000000000000000D5
:105FCC0000000000000000000000000000000000C5
:105FDC0000000000000000000000000000000000B5
:105FEC0000000000000000000000000000000000A5
:105FFC000000000000000000000000000000000095
:10600C000000000000000000000000000000000084
:10601C000000000000000000000000000000000074
:10602C000000000000000000000000000000000064
:10603C000000000000000000000000000000000054
:10604C000000000000000000000000000000000044
:10605C000000000000000000000000000000000034
:10606C000000000000000000000000000000000024
:10607C000000000000000000000000000000000014
:10608C000000000000000000000000000000000004
:10609C0000000000000000000000000000000000F4
:1060AC0000000000000000000000000000000000E4
:1060BC0000000000000000000000000000000000D4
:1060CC0000000000000000000000000000000000C4
:1060DC0000000000000000000000000000000000B4
:1060EC0000000000000000000000000000000000A4
:1060FC000000000000000000000000000000000094
:10610C000000000000000000000000000000000083
:10611C000000000000000000000000000000000073
:10612C000000000000000000000000000000000063
:10613C000000000000000000000000000000000053
:10614C000000000000000000000000000000000043
:10615C000000000000000000000000000000000033
:10616C000000000000000000000000000000000023
:10617C000000000000000000000000000000000013
:10618C000000000000000000000000000000000003
:10619C0000000000000000000000000000000000F3
:1061AC0000000000000000000000000000000000E3
:1061BC0000000000000000000000000000000000D3
:1061CC0000000000000000000000000000000000C3
:1061DC0000000000000000000000000000000000B3
:1061EC0000000000000000000000000000000000A3
:1061FC000000000000000000000000000000000093
:10620C000000000000000000000000000000000082
:10621C000000000000000000000000000000000072
:10622C000000000000000000000000000000000062
:10623C000000000000000000000000000000000052
:10624C000000000000000000000000000000000042
:10625C000000000000000000000000000000000032
:10626C000000000000000000000000000000000022
:10627C000000000000000000000000000000000012
:10628C000000000000000000000000000000000002
:10629C0000000000000000000000000000000000F2
:1062AC0000000000000000000000000000000000E2
:1062BC0000000000000000000000000000000000D2
:1062CC0000000000000000000000000000000000C2
:1062DC0000000000000000000000000000000000B2
:1062EC0000000000000000000000000000000000A2
:1062FC000000000000000000000000000000000092
:10630C000000000000000000000000000000000081
:10631C000000000000000000000000000000000071
:10632C000000000000000000000000000000000061
:10633C000000000000000000000000000000000051
:10634C000000000000000000000000000000000041
:10635C000000000000000000000000000000000031
:10636C000000000000000000000000000000000021
:10637C000000000000000000000000000000000011
:10638C000000000000000000000000000000000001
:10639C0000000000000000000000000000000000F1
:1063AC0000000000000000000000000000000000E1
:1063BC0000000000000000000000000000000000D1
:1063CC0000000000000000000000000000000000C1
:1063DC0000000000000000000000000000000000B1
:1063EC0000000000000000000000000000000000A1
:0463FC00000000009D
:040000056000100087
:00000001FF
