:0200000460009A
:100000004643464200000156000000000103030081
:1000100000000000000000000000000000000000E0
:1000200000000000000000000000000000000000D0
:1000300000000000000000000000000000000000C0
:1000400000000000010408000000000000000000A3
:100050000000800000000000000000000000000020
:100060000000000000000000000000000000000090
:100070000000000000000000000000000000000080
:10008000EB04180A063204260000000000000000FD
:10009000050404240000000000000000000000002F
:1000A0000000000000000000000000000000000050
:1000B0000604000000000000000000000000000036
:1000C0000000000000000000000000000000000030
:1000D00020041808000000000000000000000000DC
:1000E0000000000000000000000000000000000010
:1000F0000000000000000000000000000000000000
:10010000D8041808000000000000000000000000F3
:100110000204180804200000000000000000000095
:1001200000000000000000000000000000000000CF
:10013000600400000000000000000000000000005B
:1001400000000000000000000000000000000000AF
:10015000000000000000000000000000000000009F
:10016000000000000000000000000000000000008F
:10017000000000000000000000000000000000007F
:10018000000000000000000000000000000000006F
:10019000000000000000000000000000000000005F
:1001A000000000000000000000000000000000004F
:1001B000000000000000000000000000000000003F
:1001C000000100000010000001000000000000001D
:1001D000000001000000000000000000000000001E
:1001E000000000000000000000000000000000000F
:1001F00000000000000000000000000000000000FF
:10020000FFFFFFFFFFFFFFFFFFFFFFFFFFFFFFFFFE
:10021000FFFFFFFFFFFFFFFFFFFFFFFFFFFFFFFFEE
:10022000FFFFFFFFFFFFFFFFFFFFFFFFFFFFFFFFDE
:10023000FFFFFFFFFFFFFFFFFFFFFFFFFFFFFFFFCE
:10024000FFFFFFFFFFFFFFFFFFFFFFFFFFFFFFFFBE
:10025000FFFFFFFFFFFFFFFFFFFFFFFFFFFFFFFFAE
:10026000FFFFFFFFFFFFFFFFFFFFFFFFFFFFFFFF9E
:10027000FFFFFFFFFFFFFFFFFFFFFFFFFFFFFFFF8E
:10028000FFFFFFFFFFFFFFFFFFFFFFFFFFFFFFFF7E
:10029000FFFFFFFFFFFFFFFFFFFFFFFFFFFFFFFF6E
:1002A000FFFFFFFFFFFFFFFFFFFFFFFFFFFFFFFF5E
:1002B000FFFFFFFFFFFFFFFFFFFFFFFFFFFFFFFF4E
:1002C000FFFFFFFFFFFFFFFFFFFFFFFFFFFFFFFF3E
:1002D000FFFFFFFFFFFFFFFFFFFFFFFFFFFFFFFF2E
:1002E000FFFFFFFFFFFFFFFFFFFFFFFFFFFFFFFF1E
:1002F000FFFFFFFFFFFFFFFFFFFFFFFFFFFFFFFF0E
:10030000FFFFFFFFFFFFFFFFFFFFFFFFFFFFFFFFFD
:10031000FFFFFFFFFFFFFFFFFFFFFFFFFFFFFFFFED
:10032000FFFFFFFFFFFFFFFFFFFFFFFFFFFFFFFFDD
:10033000FFFFFFFFFFFFFFFFFFFFFFFFFFFFFFFFCD
:10034000FFFFFFFFFFFFFFFFFFFFFFFFFFFFFFFFBD
:10035000FFFFFFFFFFFFFFFFFFFFFFFFFFFFFFFFAD
:10036000FFFFFFFFFFFFFFFFFFFFFFFFFFFFFFFF9D
:10037000FFFFFFFFFFFFFFFFFFFFFFFFFFFFFFFF8D
:10038000FFFFFFFFFFFFFFFFFFFFFFFFFFFFFFFF7D
:10039000FFFFFFFFFFFFFFFFFFFFFFFFFFFFFFFF6D
:1003A000FFFFFFFFFFFFFFFFFFFFFFFFFFFFFFFF5D
:1003B000FFFFFFFFFFFFFFFFFFFFFFFFFFFFFFFF4D
:1003C000FFFFFFFFFFFFFFFFFFFFFFFFFFFFFFFF3D
:1003D000FFFFFFFFFFFFFFFFFFFFFFFFFFFFFFFF2D
:1003E000FFFFFFFFFFFFFFFFFFFFFFFFFFFFFFFF1D
:1003F000FFFFFFFFFFFFFFFFFFFFFFFFFFFFFFFF0D
:10040000FFFFFFFFFFFFFFFFFFFFFFFFFFFFFFFFFC
:10041000FFFFFFFFFFFFFFFFFFFFFFFFFFFFFFFFEC
:10042000FFFFFFFFFFFFFFFFFFFFFFFFFFFFFFFFDC
:10043000FFFFFFFFFFFFFFFFFFFFFFFFFFFFFFFFCC
:10044000FFFFFFFFFFFFFFFFFFFFFFFFFFFFFFFFBC
:10045000FFFFFFFFFFFFFFFFFFFFFFFFFFFFFFFFAC
:10046000FFFFFFFFFFFFFFFFFFFFFFFFFFFFFFFF9C
:10047000FFFFFFFFFFFFFFFFFFFFFFFFFFFFFFFF8C
:10048000FFFFFFFFFFFFFFFFFFFFFFFFFFFFFFFF7C
:10049000FFFFFFFFFFFFFFFFFFFFFFFFFFFFFFFF6C
:1004A000FFFFFFFFFFFFFFFFFFFFFFFFFFFFFFFF5C
:1004B000FFFFFFFFFFFFFFFFFFFFFFFFFFFFFFFF4C
:1004C000FFFFFFFFFFFFFFFFFFFFFFFFFFFFFFFF3C
:1004D000FFFFFFFFFFFFFFFFFFFFFFFFFFFFFFFF2C
:1004E000FFFFFFFFFFFFFFFFFFFFFFFFFFFFFFFF1C
:1004F000FFFFFFFFFFFFFFFFFFFFFFFFFFFFFFFF0C
:10050000FFFFFFFFFFFFFFFFFFFFFFFFFFFFFFFFFB
:10051000FFFFFFFFFFFFFFFFFFFFFFFFFFFFFFFFEB
:10052000FFFFFFFFFFFFFFFFFFFFFFFFFFFFFFFFDB
:10053000FFFFFFFFFFFFFFFFFFFFFFFFFFFFFFFFCB
:10054000FFFFFFFFFFFFFFFFFFFFFFFFFFFFFFFFBB
:10055000FFFFFFFFFFFFFFFFFFFFFFFFFFFFFFFFAB
:10056000FFFFFFFFFFFFFFFFFFFFFFFFFFFFFFFF9B
:10057000FFFFFFFFFFFFFFFFFFFFFFFFFFFFFFFF8B
:10058000FFFFFFFFFFFFFFFFFFFFFFFFFFFFFFFF7B
:10059000FFFFFFFFFFFFFFFFFFFFFFFFFFFFFFFF6B
:1005A000FFFFFFFFFFFFFFFFFFFFFFFFFFFFFFFF5B
:1005B000FFFFFFFFFFFFFFFFFFFFFFFFFFFFFFFF4B
:1005C000FFFFFFFFFFFFFFFFFFFFFFFFFFFFFFFF3B
:1005D000FFFFFFFFFFFFFFFFFFFFFFFFFFFFFFFF2B
:1005E000FFFFFFFFFFFFFFFFFFFFFFFFFFFFFFFF1B
:1005F000FFFFFFFFFFFFFFFFFFFFFFFFFFFFFFFF0B
:10060000FFFFFFFFFFFFFFFFFFFFFFFFFFFFFFFFFA
:10061000FFFFFFFFFFFFFFFFFFFFFFFFFFFFFFFFEA
:10062000FFFFFFFFFFFFFFFFFFFFFFFFFFFFFFFFDA
:10063000FFFFFFFFFFFFFFFFFFFFFFFFFFFFFFFFCA
:10064000FFFFFFFFFFFFFFFFFFFFFFFFFFFFFFFFBA
:10065000FFFFFFFFFFFFFFFFFFFFFFFFFFFFFFFFAA
:10066000FFFFFFFFFFFFFFFFFFFFFFFFFFFFFFFF9A
:10067000FFFFFFFFFFFFFFFFFFFFFFFFFFFFFFFF8A
:10068000FFFFFFFFFFFFFFFFFFFFFFFFFFFFFFFF7A
:10069000FFFFFFFFFFFFFFFFFFFFFFFFFFFFFFFF6A
:1006A000FFFFFFFFFFFFFFFFFFFFFFFFFFFFFFFF5A
:1006B000FFFFFFFFFFFFFFFFFFFFFFFFFFFFFFFF4A
:1006C000FFFFFFFFFFFFFFFFFFFFFFFFFFFFFFFF3A
:1006D000FFFFFFFFFFFFFFFFFFFFFFFFFFFFFFFF2A
:1006E000FFFFFFFFFFFFFFFFFFFFFFFFFFFFFFFF1A
:1006F000FFFFFFFFFFFFFFFFFFFFFFFFFFFFFFFF0A
:10070000FFFFFFFFFFFFFFFFFFFFFFFFFFFFFFFFF9
:10071000FFFFFFFFFFFFFFFFFFFFFFFFFFFFFFFFE9
:10072000FFFFFFFFFFFFFFFFFFFFFFFFFFFFFFFFD9
:10073000FFFFFFFFFFFFFFFFFFFFFFFFFFFFFFFFC9
:10074000FFFFFFFFFFFFFFFFFFFFFFFFFFFFFFFFB9
:10075000FFFFFFFFFFFFFFFFFFFFFFFFFFFFFFFFA9
:10076000FFFFFFFFFFFFFFFFFFFFFFFFFFFFFFFF99
:10077000FFFFFFFFFFFFFFFFFFFFFFFFFFFFFFFF89
:10078000FFFFFFFFFFFFFFFFFFFFFFFFFFFFFFFF79
:10079000FFFFFFFFFFFFFFFFFFFFFFFFFFFFFFFF69
:1007A000FFFFFFFFFFFFFFFFFFFFFFFFFFFFFFFF59
:1007B000FFFFFFFFFFFFFFFFFFFFFFFFFFFFFFFF49
:1007C000FFFFFFFFFFFFFFFFFFFFFFFFFFFFFFFF39
:1007D000FFFFFFFFFFFFFFFFFFFFFFFFFFFFFFFF29
:1007E000FFFFFFFFFFFFFFFFFFFFFFFFFFFFFFFF19
:1007F000FFFFFFFFFFFFFFFFFFFFFFFFFFFFFFFF09
:10080000FFFFFFFFFFFFFFFFFFFFFFFFFFFFFFFFF8
:10081000FFFFFFFFFFFFFFFFFFFFFFFFFFFFFFFFE8
:10082000FFFFFFFFFFFFFFFFFFFFFFFFFFFFFFFFD8
:10083000FFFFFFFFFFFFFFFFFFFFFFFFFFFFFFFFC8
:10084000FFFFFFFFFFFFFFFFFFFFFFFFFFFFFFFFB8
:10085000FFFFFFFFFFFFFFFFFFFFFFFFFFFFFFFFA8
:10086000FFFFFFFFFFFFFFFFFFFFFFFFFFFFFFFF98
:10087000FFFFFFFFFFFFFFFFFFFFFFFFFFFFFFFF88
:10088000FFFFFFFFFFFFFFFFFFFFFFFFFFFFFFFF78
:10089000FFFFFFFFFFFFFFFFFFFFFFFFFFFFFFFF68
:1008A000FFFFFFFFFFFFFFFFFFFFFFFFFFFFFFFF58
:1008B000FFFFFFFFFFFFFFFFFFFFFFFFFFFFFFFF48
:1008C000FFFFFFFFFFFFFFFFFFFFFFFFFFFFFFFF38
:1008D000FFFFFFFFFFFFFFFFFFFFFFFFFFFFFFFF28
:1008E000FFFFFFFFFFFFFFFFFFFFFFFFFFFFFFFF18
:1008F000FFFFFFFFFFFFFFFFFFFFFFFFFFFFFFFF08
:10090000FFFFFFFFFFFFFFFFFFFFFFFFFFFFFFFFF7
:10091000FFFFFFFFFFFFFFFFFFFFFFFFFFFFFFFFE7
:10092000FFFFFFFFFFFFFFFFFFFFFFFFFFFFFFFFD7
:10093000FFFFFFFFFFFFFFFFFFFFFFFFFFFFFFFFC7
:10094000FFFFFFFFFFFFFFFFFFFFFFFFFFFFFFFFB7
:10095000FFFFFFFFFFFFFFFFFFFFFFFFFFFFFFFFA7
:10096000FFFFFFFFFFFFFFFFFFFFFFFFFFFFFFFF97
:10097000FFFFFFFFFFFFFFFFFFFFFFFFFFFFFFFF87
:10098000FFFFFFFFFFFFFFFFFFFFFFFFFFFFFFFF77
:10099000FFFFFFFFFFFFFFFFFFFFFFFFFFFFFFFF67
:1009A000FFFFFFFFFFFFFFFFFFFFFFFFFFFFFFFF57
:1009B000FFFFFFFFFFFFFFFFFFFFFFFFFFFFFFFF47
:1009C000FFFFFFFFFFFFFFFFFFFFFFFFFFFFFFFF37
:1009D000FFFFFFFFFFFFFFFFFFFFFFFFFFFFFFFF27
:1009E000FFFFFFFFFFFFFFFFFFFFFFFFFFFFFFFF17
:1009F000FFFFFFFFFFFFFFFFFFFFFFFFFFFFFFFF07
:100A0000FFFFFFFFFFFFFFFFFFFFFFFFFFFFFFFFF6
:100A1000FFFFFFFFFFFFFFFFFFFFFFFFFFFFFFFFE6
:100A2000FFFFFFFFFFFFFFFFFFFFFFFFFFFFFFFFD6
:100A3000FFFFFFFFFFFFFFFFFFFFFFFFFFFFFFFFC6
:100A4000FFFFFFFFFFFFFFFFFFFFFFFFFFFFFFFFB6
:100A5000FFFFFFFFFFFFFFFFFFFFFFFFFFFFFFFFA6
:100A6000FFFFFFFFFFFFFFFFFFFFFFFFFFFFFFFF96
:100A7000FFFFFFFFFFFFFFFFFFFFFFFFFFFFFFFF86
:100A8000FFFFFFFFFFFFFFFFFFFFFFFFFFFFFFFF76
:100A9000FFFFFFFFFFFFFFFFFFFFFFFFFFFFFFFF66
:100AA000FFFFFFFFFFFFFFFFFFFFFFFFFFFFFFFF56
:100AB000FFFFFFFFFFFFFFFFFFFFFFFFFFFFFFFF46
:100AC000FFFFFFFFFFFFFFFFFFFFFFFFFFFFFFFF36
:100AD000FFFFFFFFFFFFFFFFFFFFFFFFFFFFFFFF26
:100AE000FFFFFFFFFFFFFFFFFFFFFFFFFFFFFFFF16
:100AF000FFFFFFFFFFFFFFFFFFFFFFFFFFFFFFFF06
:100B0000FFFFFFFFFFFFFFFFFFFFFFFFFFFFFFFFF5
:100B1000FFFFFFFFFFFFFFFFFFFFFFFFFFFFFFFFE5
:100B2000FFFFFFFFFFFFFFFFFFFFFFFFFFFFFFFFD5
:100B3000FFFFFFFFFFFFFFFFFFFFFFFFFFFFFFFFC5
:100B4000FFFFFFFFFFFFFFFFFFFFFFFFFFFFFFFFB5
:100B5000FFFFFFFFFFFFFFFFFFFFFFFFFFFFFFFFA5
:100B6000FFFFFFFFFFFFFFFFFFFFFFFFFFFFFFFF95
:100B7000FFFFFFFFFFFFFFFFFFFFFFFFFFFFFFFF85
:100B8000FFFFFFFFFFFFFFFFFFFFFFFFFFFFFFFF75
:100B9000FFFFFFFFFFFFFFFFFFFFFFFFFFFFFFFF65
:100BA000FFFFFFFFFFFFFFFFFFFFFFFFFFFFFFFF55
:100BB000FFFFFFFFFFFFFFFFFFFFFFFFFFFFFFFF45
:100BC000FFFFFFFFFFFFFFFFFFFFFFFFFFFFFFFF35
:100BD000FFFFFFFFFFFFFFFFFFFFFFFFFFFFFFFF25
:100BE000FFFFFFFFFFFFFFFFFFFFFFFFFFFFFFFF15
:100BF000FFFFFFFFFFFFFFFFFFFFFFFFFFFFFFFF05
:100C0000FFFFFFFFFFFFFFFFFFFFFFFFFFFFFFFFF4
:100C1000FFFFFFFFFFFFFFFFFFFFFFFFFFFFFFFFE4
:100C2000FFFFFFFFFFFFFFFFFFFFFFFFFFFFFFFFD4
:100C3000FFFFFFFFFFFFFFFFFFFFFFFFFFFFFFFFC4
:100C4000FFFFFFFFFFFFFFFFFFFFFFFFFFFFFFFFB4
:100C5000FFFFFFFFFFFFFFFFFFFFFFFFFFFFFFFFA4
:100C6000FFFFFFFFFFFFFFFFFFFFFFFFFFFFFFFF94
:100C7000FFFFFFFFFFFFFFFFFFFFFFFFFFFFFFFF84
:100C8000FFFFFFFFFFFFFFFFFFFFFFFFFFFFFFFF74
:100C9000FFFFFFFFFFFFFFFFFFFFFFFFFFFFFFFF64
:100CA000FFFFFFFFFFFFFFFFFFFFFFFFFFFFFFFF54
:100CB000FFFFFFFFFFFFFFFFFFFFFFFFFFFFFFFF44
:100CC000FFFFFFFFFFFFFFFFFFFFFFFFFFFFFFFF34
:100CD000FFFFFFFFFFFFFFFFFFFFFFFFFFFFFFFF24
:100CE000FFFFFFFFFFFFFFFFFFFFFFFFFFFFFFFF14
:100CF000FFFFFFFFFFFFFFFFFFFFFFFFFFFFFFFF04
:100D0000FFFFFFFFFFFFFFFFFFFFFFFFFFFFFFFFF3
:100D1000FFFFFFFFFFFFFFFFFFFFFFFFFFFFFFFFE3
:100D2000FFFFFFFFFFFFFFFFFFFFFFFFFFFFFFFFD3
:100D3000FFFFFFFFFFFFFFFFFFFFFFFFFFFFFFFFC3
:100D4000FFFFFFFFFFFFFFFFFFFFFFFFFFFFFFFFB3
:100D5000FFFFFFFFFFFFFFFFFFFFFFFFFFFFFFFFA3
:100D6000FFFFFFFFFFFFFFFFFFFFFFFFFFFFFFFF93
:100D7000FFFFFFFFFFFFFFFFFFFFFFFFFFFFFFFF83
:100D8000FFFFFFFFFFFFFFFFFFFFFFFFFFFFFFFF73
:100D9000FFFFFFFFFFFFFFFFFFFFFFFFFFFFFFFF63
:100DA000FFFFFFFFFFFFFFFFFFFFFFFFFFFFFFFF53
:100DB000FFFFFFFFFFFFFFFFFFFFFFFFFFFFFFFF43
:100DC000FFFFFFFFFFFFFFFFFFFFFFFFFFFFFFFF33
:100DD000FFFFFFFFFFFFFFFFFFFFFFFFFFFFFFFF23
:100DE000FFFFFFFFFFFFFFFFFFFFFFFFFFFFFFFF13
:100DF000FFFFFFFFFFFFFFFFFFFFFFFFFFFFFFFF03
:100E0000FFFFFFFFFFFFFFFFFFFFFFFFFFFFFFFFF2
:100E1000FFFFFFFFFFFFFFFFFFFFFFFFFFFFFFFFE2
:100E2000FFFFFFFFFFFFFFFFFFFFFFFFFFFFFFFFD2
:100E3000FFFFFFFFFFFFFFFFFFFFFFFFFFFFFFFFC2
:100E4000FFFFFFFFFFFFFFFFFFFFFFFFFFFFFFFFB2
:100E5000FFFFFFFFFFFFFFFFFFFFFFFFFFFFFFFFA2
:100E6000FFFFFFFFFFFFFFFFFFFFFFFFFFFFFFFF92
:100E7000FFFFFFFFFFFFFFFFFFFFFFFFFFFFFFFF82
:100E8000FFFFFFFFFFFFFFFFFFFFFFFFFFFFFFFF72
:100E9000FFFFFFFFFFFFFFFFFFFFFFFFFFFFFFFF62
:100EA000FFFFFFFFFFFFFFFFFFFFFFFFFFFFFFFF52
:100EB000FFFFFFFFFFFFFFFFFFFFFFFFFFFFFFFF42
:100EC000FFFFFFFFFFFFFFFFFFFFFFFFFFFFFFFF32
:100ED000FFFFFFFFFFFFFFFFFFFFFFFFFFFFFFFF22
:100EE000FFFFFFFFFFFFFFFFFFFFFFFFFFFFFFFF12
:100EF000FFFFFFFFFFFFFFFFFFFFFFFFFFFFFFFF02
:100F0000FFFFFFFFFFFFFFFFFFFFFFFFFFFFFFFFF1
:100F1000FFFFFFFFFFFFFFFFFFFFFFFFFFFFFFFFE1
:100F2000FFFFFFFFFFFFFFFFFFFFFFFFFFFFFFFFD1
:100F3000FFFFFFFFFFFFFFFFFFFFFFFFFFFFFFFFC1
:100F4000FFFFFFFFFFFFFFFFFFFFFFFFFFFFFFFFB1
:100F5000FFFFFFFFFFFFFFFFFFFFFFFFFFFFFFFFA1
:100F6000FFFFFFFFFFFFFFFFFFFFFFFFFFFFFFFF91
:100F7000FFFFFFFFFFFFFFFFFFFFFFFFFFFFFFFF81
:100F8000FFFFFFFFFFFFFFFFFFFFFFFFFFFFFFFF71
:100F9000FFFFFFFFFFFFFFFFFFFFFFFFFFFFFFFF61
:100FA000FFFFFFFFFFFFFFFFFFFFFFFFFFFFFFFF51
:100FB000FFFFFFFFFFFFFFFFFFFFFFFFFFFFFFFF41
:100FC000FFFFFFFFFFFFFFFFFFFFFFFFFFFFFFFF31
:100FD000FFFFFFFFFFFFFFFFFFFFFFFFFFFFFFFF21
:100FE000FFFFFFFFFFFFFFFFFFFFFFFFFFFFFFFF11
:100FF000FFFFFFFFFFFFFFFFFFFFFFFFFFFFFFFF01
:10100000D1002043F1150060000000000000000046
:101010002010006000100060005801600000000017
:10102000000000600064010000000000FFFFFFFFFF
:10103000FFFFFFFFFFFFFFFFFFFFFFFFFFFFFFFFC0
:10104000FFFFFFFFFFFFFFFFFFFFFFFFFFFFFFFFB0
:10105000FFFFFFFFFFFFFFFFFFFFFFFFFFFFFFFFA0
:10106000FFFFFFFFFFFFFFFFFFFFFFFFFFFFFFFF90
:10107000FFFFFFFFFFFFFFFFFFFFFFFFFFFFFFFF80
:10108000FFFFFFFFFFFFFFFFFFFFFFFFFFFFFFFF70
:10109000FFFFFFFFFFFFFFFFFFFFFFFFFFFFFFFF60
:1010A000FFFFFFFFFFFFFFFFFFFFFFFFFFFFFFFF50
:1010B000FFFFFFFFFFFFFFFFFFFFFFFFFFFFFFFF40
:1010C000FFFFFFFFFFFFFFFFFFFFFFFFFFFFFFFF30
:1010D000FFFFFFFFFFFFFFFFFFFFFFFFFFFFFFFF20
:1010E000FFFFFFFFFFFFFFFFFFFFFFFFFFFFFFFF10
:1010F000FFFFFFFFFFFFFFFFFFFFFFFFFFFFFFFF00
:10110000FFFFFFFFFFFFFFFFFFFFFFFFFFFFFFFFEF
:10111000FFFFFFFFFFFFFFFFFFFFFFFFFFFFFFFFDF
:10112000FFFFFFFFFFFFFFFFFFFFFFFFFFFFFFFFCF
:10113000FFFFFFFFFFFFFFFFFFFFFFFFFFFFFFFFBF
:10114000FFFFFFFFFFFFFFFFFFFFFFFFFFFFFFFFAF
:10115000FFFFFFFFFFFFFFFFFFFFFFFFFFFFFFFF9F
:10116000FFFFFFFFFFFFFFFFFFFFFFFFFFFFFFFF8F
:10117000FFFFFFFFFFFFFFFFFFFFFFFFFFFFFFFF7F
:10118000FFFFFFFFFFFFFFFFFFFFFFFFFFFFFFFF6F
:10119000FFFFFFFFFFFFFFFFFFFFFFFFFFFFFFFF5F
:1011A000FFFFFFFFFFFFFFFFFFFFFFFFFFFFFFFF4F
:1011B000FFFFFFFFFFFFFFFFFFFFFFFFFFFFFFFF3F
:1011C000FFFFFFFFFFFFFFFFFFFFFFFFFFFFFFFF2F
:1011D000FFFFFFFFFFFFFFFFFFFFFFFFFFFFFFFF1F
:1011E000FFFFFFFFFFFFFFFFFFFFFFFFFFFFFFFF0F
:1011F000FFFFFFFFFFFFFFFFFFFFFFFFFFFFFFFFFF
:10120000FFFFFFFFFFFFFFFFFFFFFFFFFFFFFFFFEE
:10121000FFFFFFFFFFFFFFFFFFFFFFFFFFFFFFFFDE
:10122000FFFFFFFFFFFFFFFFFFFFFFFFFFFFFFFFCE
:10123000FFFFFFFFFFFFFFFFFFFFFFFFFFFFFFFFBE
:10124000FFFFFFFFFFFFFFFFFFFFFFFFFFFFFFFFAE
:10125000FFFFFFFFFFFFFFFFFFFFFFFFFFFFFFFF9E
:10126000FFFFFFFFFFFFFFFFFFFFFFFFFFFFFFFF8E
:10127000FFFFFFFFFFFFFFFFFFFFFFFFFFFFFFFF7E
:10128000FFFFFFFFFFFFFFFFFFFFFFFFFFFFFFFF6E
:10129000FFFFFFFFFFFFFFFFFFFFFFFFFFFFFFFF5E
:1012A000FFFFFFFFFFFFFFFFFFFFFFFFFFFFFFFF4E
:1012B000FFFFFFFFFFFFFFFFFFFFFFFFFFFFFFFF3E
:1012C000FFFFFFFFFFFFFFFFFFFFFFFFFFFFFFFF2E
:1012D000FFFFFFFFFFFFFFFFFFFFFFFFFFFFFFFF1E
:1012E000FFFFFFFFFFFFFFFFFFFFFFFFFFFFFFFF0E
:1012F000FFFFFFFFFFFFFFFFFFFFFFFFFFFFFFFFFE
:10130000FFFFFFFFFFFFFFFFFFFFFFFFFFFFFFFFED
:10131000FFFFFFFFFFFFFFFFFFFFFFFFFFFFFFFFDD
:10132000FFFFFFFFFFFFFFFFFFFFFFFFFFFFFFFFCD
:10133000FFFFFFFFFFFFFFFFFFFFFFFFFFFFFFFFBD
:10134000FFFFFFFFFFFFFFFFFFFFFFFFFFFFFFFFAD
:10135000FFFFFFFFFFFFFFFFFFFFFFFFFFFFFFFF9D
:10136000FFFFFFFFFFFFFFFFFFFFFFFFFFFFFFFF8D
:10137000FFFFFFFFFFFFFFFFFFFFFFFFFFFFFFFF7D
:10138000FFFFFFFFFFFFFFFFFFFFFFFFFFFFFFFF6D
:10139000FFFFFFFFFFFFFFFFFFFFFFFFFFFFFFFF5D
:1013A000FFFFFFFFFFFFFFFFFFFFFFFFFFFFFFFF4D
:1013B000FFFFFFFFFFFFFFFFFFFFFFFFFFFFFFFF3D
:1013C000FFFFFFFFFFFFFFFFFFFFFFFFFFFFFFFF2D
:1013D000FFFFFFFFFFFFFFFFFFFFFFFFFFFFFFFF1D
:1013E000FFFFFFFFFFFFFFFFFFFFFFFFFFFFFFFF0D
:1013F000FFFFFFFFFFFFFFFFFFFFFFFFFFFFFFFFFD
:10140000824205D051F8043B40F8043B8242F9D8AF
:10141000704700BF044A05494FF0000342F8043BFF
:101420009142FBD8704700BFC0360020A04806207C
:1014300080B5BFF34F8F00F009FA544C544B08208D
:101440005449C3F85401544AC3F800115348C3F82F
:10145000F0405349FFF7D4FF524A53495348FFF72E
:10146000CFFF534CFFF7D6FF4FF470004FF0E02151
:101470000023504AC1F8880D44F823200133B02BD3
:10148000FAD14D4B80214D4A03F8011B9342FBD109
:101490004FF0E0254A4F4B4A4FF0FF31C5F8084D59
:1014A0000026D5F8243D43F4E023C5F8243DFB692C
:1014B00023F07F0343F04003FB617B6A23F07F034B
:1014C00043F040037B629166D1661167516700F07B
:1014D000C5F93D4B63223D49A3633D4BE3630323C1
:1014E0006A613C4AAE612B61C5F8202DD5F8FC2D10
:1014F000394B42F08072C5F8FC2D1A6842F00102A7
:101500001A605B680B6000F06DFB344800F01CFD56
:10151000F96E334B334A41F44051F9661E60C3F80B
:101520000861C3F81861C3F82861C3F83861936B88
:10153000DB0708D442F615632B4951651365936B9D
:1015400043F001039363274A284C936843F0011347
:10155000936000F00DFA00F0A9FC00F0E1FC00F04F
:101560006FFB00F075F92368132BFCD900F000FC29
:101570002368B3F5967FFBD300F06EF900F06AF9AB
:1015800000F0CAFC00F0D4FC30BFFDE70C0D1113D5
:1015900000800D401B10182078FD000000000000A6
:1015A000C0210060C03600203C1F01600000002008
:1015B0000034002081C8000000E400E0A0E400E066
:1015C00000C00F4000C00A4019B600006046062067
:1015D0001DB6000000002020001000E00046C323DC
:1015E0000040084000400D400000C0566446062000
:1015F000054B4FF42A01054A05485A641864054A08
:1016000099639546FFF714FF00C00A40AFAAAAAA43
:10161000070020000000072043690A4A03EB01107D
:1016200010B4037A084C02EB0313D3E901321460BF
:10163000C2681A6003690BB142691A605DF8044B15
:10164000704700BF1023002061F801004369027E4B
:1016500003EB021292F808C08C451CD01A7AFF2ABC
:1016600019D0914210B5044616D01A7EFF2A06D032
:101670000121D3E9002312681A4201D1217610BD5D
:10168000064B0522204603EB0C135B681A60FFF73C
:10169000C3FF2176F3E770470021EAE7102300201B
:1016A00043690A4A03EB011010B490F82830084C43
:1016B00002EB0313D3E901321460C26A1A60036BB0
:1016C0000BB1426B1A605DF8044B70471023002089
:1016D00061F801004369427E03EB021292F828C0D0
:1016E0008C451ED093F82820FF2A1AD0914210B5BD
:1016F000044617D093F83820FF2A06D00121D3E9F9
:10170000002312681A4201D1617610BD064B0522F2
:10171000204603EB0C135B681A60FFF7C1FF61768C
:10172000F3E770470021EAE71023002016494269D9
:101730008B6B23F47C0343F4802370B58B630446E6
:10174000124DD2E900130A681A4303690A600222A3
:1017500000211A610E4A19619A6401225A629D623F
:101760004FF43035DD624FF001159E6C1E65196235
:101770009D651A61017EFFF74FFF617E2046BDE83F
:101780007040FFF78DBF00BF00C00F40B80B0505CC
:101790003B3728192B4A0021012310B4C2F8A000BE
:1017A000C2F8A410C2F8B0305369DB07FCD501239E
:1017B0004FF4803423495361C2F8A000C2F8A4401A
:1017C000C2F8B0304B69DC07FCD501234FF400347C
:1017D0001C4A4B61C1F8A000C1F8A440C1F8B03068
:1017E0005369D907FCD50123174C16495361C2F838
:1017F000A000C2F8A440C2F8B0304B69DB07FCD5AA
:10180000D1F8003145F60D5021249AB24C61824244
:1018100014D045F69D518A420CD1C3F34253032B99
:101820000CD0A3F104035DF8044BB3FA83F35B0916
:101830001801704700205DF8044B704708205DF8E0
:10184000044B704700402A4004000300704700BF6B
:10185000704700BF704700BF00BF704710B44FF023
:10186000E023002110243248C3F8941DC3F89C4D96
:101870001124C3F8A00D2F48C3F89C4D1224C3F8BF
:10188000A00D2D48C3F89C4D2C4AC3F8A00D2C4C3C
:1018900042F015022B48C3F89C4DC3F8A00D2A4C0A
:1018A0002A48C3F89C4DC3F8A00D294CC3F89C2DC1
:1018B0002848294AC3F8A04DC3F89C0DC3F8A02DB1
:1018C00002F5A022254C0C322548C3F89C4DC3F8E4
:1018D000A02D244AC3F89C0DC3F8A02D02F140624C
:1018E000214C02322148C3F89C4DC3F8A02D0A3286
:1018F000C3F89C0DC3F8A02D00BF00BF00BF00BF00
:1019000000BF0122C3F8942DBFF34F8FBFF36F8F39
:10191000C3F8501FBFF34F8FBFF36F8FD3F8142D51
:101920005DF8044B42F44032C3F8142D704700BFF9
:101930003F0000102500080709001000A0480620FD
:1019400013002000210002071400002025000813C6
:10195000090000101600202027000B13170000407C
:10196000180000602F000B07190000701A0000809B
:10197000F0B5824B1822824D0120824F83B0C3F80C
:101980005C528149C3F86072804CC3F86452A5F57B
:1019900030457F4EC3F8685248F20C75C3F86C426C
:1019A000C3F87042C3F87442C3F878424FF0FF3472
:1019B000DA661A675A679A67DA67C3F88020C3F84D
:1019C0008420C3F88820C1F82C03724AC1F8300380
:1019D000C1F83403C1F83803C1F83C03C1F850031F
:1019E000B1696D4B0A406D486D4913436D4AB3614F
:1019F000D6F8843043F00C03C6F88430036843F013
:101A00000203036003682B4021251A43664B0260E2
:101A100044608A68654C1340654A43F00053836014
:101A2000C36823F07803C360036A1340234303624F
:101A3000036A13405F4A234340F2056443628262B3
:101A4000C2620022D1F8B83023F03F0343F0010313
:101A5000C0F8B830D1F8BC30574923F03F0343F009
:101A60000103C0F8BC3002610567C0F880404567DB
:101A7000C0F884400224036823F0020303608161FC
:101A80004E4B4F49C46143F8042B8B42FBD1434D6D
:101A90002B6843F001032B602C6814F00104FBD188
:101AA0004549022340F2F5622046A96140F299417E
:101AB000EB6140F26643C5F8002242F20142C5F8EC
:101AC0001032404BC5F82012C5F8303240F2354391
:101AD000C5F834223C49C5F840323C4BC5F8501299
:101AE0003B4AC5F8543242F20123C5F86022C5F8DA
:101AF0006432FFF74FFE0646002836D083024FF4CB
:101B000080222B660123C5F8A040244CC5F8A420F0
:101B1000C5F8B0306369DA07FCD501253705656182
:101B20003846FFF737FE32182A4BD2B21A7078B116
:101B300080024FF4802319496066C4F8A070C4F88D
:101B4000A430C4F8B0504B69DB07FCD501234B61CE
:101B500021490024214801230094401A00EB02523D
:101B60001F4800F0E1F903B0F0BD1D4B194A1860A1
:101B70001070D860C3E9010003B0F0BD00801F40C1
:101B8000F9B00100F910010000841F40F970010054
:101B900000C00F40FFFCFF1F0003008000402A40F0
:101BA00000802A401200FFFFFF37F700400000804E
:101BB00000FFF07CFF000F83F05AF05A00422A40E9
:101BC00000432A409F041830EB06180A063201260B
:101BD0003806180A4C48062000000070000000700B
:101BE0004C4F0420F0B4154A40274FF480314FF495
:101BF00080564FF400554FF4404443F242001369BD
:101C000013F0020F0ED113F4005F0FD013F4805FB6
:101C10000ED0002BF3DA13F4803F0BD15B060BD50B
:101C2000F0BC7047946151619061E8E75561E6E767
:101C30005661E4E79161E2E75761E0E700800D401B
:101C40003F4A03203F49F3EE095AD2F880304FF063
:101C5000000C9FED3D6A23F001039FED3C5A30B428
:101C6000C2F88030C2F89000D1F8E010384DCBB205
:101C7000384C39482B6007EE903A0B0DC1F30B211D
:101C8000F8EEE77A06EE903A07EE101A334BB8EE0C
:101C9000C77A2160F8EEE66A314937EEC66A37EE58
:101CA000C55A76EEC76A77EEE57A26EE266AC3ED68
:101CB000006A25EE265AD2F8803067EEA64AC0EDBB
:101CC000007AC6EE275A274885EE276AC4EEA76A2F
:101CD00075EE875AFCEEE55A36EE076A15EE904A25
:101CE000BCEEC66A43EA045376EE877AC2F88030C7
:101CF00016EE103AD2F89041FCEEE77A01EA034181
:101D0000214317EE903AC2F89011C3F30B03D2F8B7
:101D100090110B431449C2F89031D2F8803043F04F
:101D20000203C2F88030114B80F840C0C1F8403146
:101D30004FF0E023012230BCC3F80821704700BFF8
:101D400000810D4000441F400000AA420000B44240
:101D500048460620444606204C46062050460620AB
:101D60000000FF0F00E400E00034002045CA00003E
:101D7000314B40F6617210B5C3F8202140F20444A3
:101D800000F0DEF82D4A2E49D2F880302D4843F07D
:101D90000303C2F880302C4BC1F8604102681A423C
:101DA00003D1D1F8A8319A071BD0254A4FF0004142
:101DB000244B5963D2F8403143F00203C2F840315A
:101DC000D2F840319B07FBD44FF400304FF0E021B4
:101DD0001C4B4FF00042C1F88C0219209A6300F0AE
:101DE000ABF8184A4FF08040154C002190630A2050
:101DF000164B11604FF42072C4F8A801184600F089
:101E000087F84FF4800203464FF4810040F24311FB
:101E10001860C4F858311A640D4B0E4AC4F84811C2
:101E2000C3F804224FF0E0224FF400310123C2F83E
:101E30000C11C4F8403110BD00800D4000C00F40AF
:101E400000002E4000900D40001C1E0000000020ED
:101E5000003400202DCC000008B50E4B1B6E9B07F4
:101E600000D4FBBE72B60C4B00200C4AC3F84001F4
:101E700003F160430A49A3F55F2311649D46BFF354
:101E80004F8F4FF400130748074ADB6902609B68D5
:101E9000984700BF00441F4000002E4000C00A4089
:101EA0000300200000802020000012EB104BA02037
:101EB000104AD96E41F4403110B4D96640F237640B
:101EC000D96E41F44071D96654649064936C1B06DA
:101ED000FCD4094A40F23761A02351649364936CA7
:101EE00013F08003FBD1054A13705DF8044B704773
:101EF00000C00F4000400C4000800C4046480620C7
:101F0000F8B500BFF8BC08BC9E4670470000000052
:101F10005FF800F081F700005FF800F0E1F80000E2
:101F20005FF800F069C700005FF800F081DC000096
:101F30005FF800F03DC500005FF800F059C30000F5
:101F40005FF800F09DD300005FF800F069C000006A
:101F500045000000310F0000312700005928000023
:101F60007128000089280000A1280000B92800007D
:101F7000D1280000E92800000129000019290000EB
:101F80003129000049290000612900007929000059
:101F900091290000A9290000C1290000D9290000C9
:101FA000F1290000092A00003D2A00006D2A0000E6
:101FB000852A00009D2A0000B52A0000CD2A0000D5
:081FC000E53C000059BF0000E0
:101FC80080C00F400000000319000000100000004E
:101FD800E8841F4001000000FF000000FF0000002F
:101FE80000000000000000001800000010000000C1
:101FF800E4841F4001000000FF000000FF00000013
:1020080000000000000000001F00000049B40000AC
:1020180070C00F40000C000011000000110000000B
:10202800E0841F40020000002C00000012000000A5
:10203800E0841F40010000001000000011000000B3
:10204800DC841F40020000002D0000001200000088
:10205800DC841F40010000001E0000003DB40000A9
:1020680070C00F40C0000000120000001300000004
:10207800D0841F4001000000FF000000FF000000A6
:102088000000000000000000130000001300000022
:10209800CC841F4001000000FF000000FF0000008A
:1020A80000000000000000001C00000031B4000027
:1020B80016035500530042002000530065007200CB
:1020C800690061006C000000180354006500650099
:1020D8006E00730079006400750069006E006F007F
:1020E8000403090409026200030100C032080B005E
:1020F8000202020100090400000102020100052495
:10210800001001052401010104240206052406002B
:10211800010705820310001009040100020A0000EB
:10212800000705030240000007058402400000097B
:1021380004020002FF6AFF00070581024000010750
:10214800050102400001000009026200030100C00D
:1021580032080B0002020201000904000001020219
:1021680001000524001001052401010104240206D0
:102178000524060001070582031000050904010073
:10218800020A000000070503020002000705840296
:102198000002000904020002FF6AC7000705810265
:1021A8000002010705010200020100000A06000200
:0821B800EF02014001000000EC
:1021C000000000000000000000000000000000000F
:1021D00000000000000000000000000000000000FF
:1021E0000548064B1B1AD90F01EBA301491002D079
:1021F000034B03B118477047C0360020C03600209B
:102200000000000008B5054B1BB105490548AFF3B8
:102210000080BDE80840FFF7E3BF00BF00000000FA
:10222000D0450620006401600DF090BC08460DF01A
:10223000E1BC00BF0DF0CEBC016070470068044AED
:1022400003681B69934201D10DF080BC184700BFA1
:10225000690000000268136810B41B68054CA342B3
:1022600004D108465DF8044B0DF0C4BC10465DF87F
:10227000044B18476D0000000346042210B441606F
:1022800053F8040B0468194663685DF8044B18475B
:1022900038B50E4D0446206803681B69AB420DD16A
:1022A0000DF054FC0028F6D02068094A03685B69E9
:1022B000934207D10DF08EFCC0B238BD984700287C
:1022C000E9D0F1E79847C0B238BD00BF690000000F
:1022D0007500000070B51A4D0446206803681B693C
:1022E000AB4223D10DF032FC0028F6D02068154E09
:1022F00003685B69B3421DD10DF06CFC207120684E
:1023000003681B69AB420DD10DF020FC0028F6D00C
:10231000206803685B69B3420ED10DF05BFC60710D
:10232000A08870BD98470028E9D0F1E798470028B9
:10233000D3D0DBE79847E1E798476071A08870BD8C
:10234000690000007500000070B5314D044620683A
:1023500003681B69AB424DD10DF0F8FB0028F6D0A5
:1023600020682C4E03685B69B34247D10DF032FC04
:102370002071206803681B69AB4237D10DF0E6FB82
:102380000028F6D0206803685B69B3423ED10DF0A7
:1023900021FC6071206803681B69AB4222D10DF0FB
:1023A000D5FB0028F6D0206803685B69B3422BD1C7
:1023B0000DF010FCA071206803681B69AB420DD1C1
:1023C0000DF0C4FB0028F6D0206803685B69B342B7
:1023D00016D10DF0FFFBE071606870BD98470028D2
:1023E000E9D0F1E798470028D4D0DCE798470028E7
:1023F000BFD0C7E798470028A9D0B1E79847B7E70B
:102400009847E071606870BD9847D3E79847C0E788
:102410006900000075000000006803685B681847E9
:1024200000680BF0C7BE00BF00207047704700BFB8
:10243000036818470B680360704700BF0B680360B0
:10244000704700BF704700BF044B10B5044640F80A
:10245000103B08F0DBFA204610BD00BF6C200020C6
:1024600010B504460BF020FE204610BD2DE9F04FBC
:10247000A54D2B782DED028B83B0002B00F0B4809E
:10248000A2490B78002B00F0F880A14BDFF80893ED
:102490001B78002B00F0908199F80030002B00F0A1
:1024A00011829C4B9C4C18789C4B01931B78002804
:1024B00000F02B829A4A002B00F02B82236832F91D
:1024C000236002EB830207EE106AB2F902200133A7
:1024D000DFF8C8E22360934B5A80934C07EE902AB2
:1024E000B8EEC77A914F2478F8EEE77A002C40F0E6
:1024F0007F828F4ADFF8A8C216883A880CEB820CDC
:102500000132DCED006A92B227EE267A3A8067EE5D
:10251000A67A9642BDEEC77AFDEEE77A17EE107AFC
:102520001F8017EE907A5F8000F00783814A92F84F
:1025300000C0814A814C00EB4C06814F54F8268044
:10254000804C3E682468013608EB040A3E604FEA7E
:102550004C075645009700F01F82DEF80040DFF878
:1025600044A2DAF800A0A2450FD1DFF83CA2002473
:10257000CEF800409AF80040C4F101048AF8004007
:102580004FF0010A704C84F800A0DFF820A26F4CD5
:10259000DAF80070247807F1010BCAF800B0002CBB
:1025A00000F0EB816A49096891B16A4C2478002CEB
:1025B00000F0A0825E4C01392488091B8B4507D1AD
:1025C0000121534C2170584C2170002457490C8034
:1025D000009901440846604951F820108E4200F0ED
:1025E0006D821178002414E05C4A117851B15C4886
:1025F0000168262940F207815A494FF40000C1F8CA
:1026000084001370584B1C783CBB4B4A0124454B4B
:1026100011782C7041B13D490020534C1070087066
:102620000121524A2170106023F01F035049BFF36B
:102630004F8F4FF0E022C2F8703F20339942FAD812
:10264000BFF34F8FBFF36F8F4A4A4B4B1279DA7744
:1026500003B0BDEC028BBDE8F08F444801682A2925
:1026600040F2D9803F4A4FF40001C2F8881000219F
:10267000314A19702B4B1178CBE7404B1C78002C5A
:1026800000F0BC8001223E493E480A700278002AD0
:1026900000F0CF803C4E3D4ADFF814C1DFF814E172
:1026A00092ED007B96ED006B394A36EE076B17789A
:1026B000012FFCEEC67B86ED006B17EE902A92B2DE
:1026C0004FEA5208ACF80020AEF8008000F0A98074
:1026D000002F40F0AB802F4F3F88BA4200F2A68017
:1026E00007EE907A0022ACF80070B8EE677B0270BB
:1026F00086ED007B002F40F09C801F7000240E4A66
:10270000084B0C70117884E7524806205348062085
:10271000504806204A480620084606205C48062005
:1027200000002020D84A04204B4806202A480620D2
:10273000FE320020754806206248062088470620A1
:10274000344F042068440620634806204848062089
:10275000304F04207248062098460620674806201D
:102760005C46062000800042664806205846062047
:10277000DC4A0420D04A042000800E404E48062047
:102780000333002068480620F0380020E838002095
:102790004D480620304806205D4806202C4F042076
:1027A00008390020604406204948062004460620D7
:1027B0002E4806203248062099F80030002B69D0B8
:1027C000A04B93F800C0A04B13F80C30002B00F086
:1027D000B5809E4B9E4C01931B789E4A002B00F0C7
:1027E000B58020689C4B52F820201A6001309B4A2B
:1027F000DFF8BCE220601078994A9BE6964B984A35
:102800001C60117805E7974B01311C780160002CA2
:102810007FF423AFF9E60131914A8F4B01601178C3
:10282000F7E6914F3F88BA42BFF45AAF002A3FF40F
:1028300065AF8E4B1B78002B00F06281012B5DD1C0
:102840008B4E96ED008BB0EE480B0DF03DFB894BA7
:10285000894A1B88894907EE103A894BB8EEC77B35
:1028600092ED006B27EE007B36EE086BB8FE477BDF
:10287000BDEEC77B86ED006B17EE102A12B20A8000
:1028800011461A80744B84F001041A80744A5980EE
:102890001178BEE67B4B1B78002B5ED06B4BDFF8CC
:1028A00010E201931B78784A002B5ED0DEF800001E
:1028B000694B52F820201A600130684ACEF80000B7
:1028C000107833E66F4B1B784BB3604BDFF8E0E1D9
:1028D00001931B786C4A53B3DEF8003032F92300C1
:1028E00002EB830207EE100AB2F902200133CEF8A0
:1028F00000305A4B1878584B5A80EEE55F4A604BCF
:10290000B2F90020B3F90010BCE7604A002B7FF455
:10291000D5AD236832F9132007EE102AD7E54B4BCB
:10292000DFF88CE101931B78594A002BD4D1DEF8F3
:10293000003032F9132007EE102AD7E7434B444CFE
:1029400001931B78514A002B7FF44BAF2068424B18
:1029500032F910201A805A8048E73C4BDFF850E1EA
:1029600001931B784A4A002BA0D1DEF800003A4BB5
:1029700032F910201A805A809EE7464F3F7807BBF5
:10298000009F07443846444F57F820E076457FF4CF
:1029900038AF002028703FE6DFF8E8B04FF0000ABB
:1029A000CEF8004089F800A09BF800A0CAF1010A07
:1029B0008BF800A04FF0010BDFF8F8A08AF800B008
:1029C000CDE5009F07443846334F57F820E03348A1
:1029D0000088AEEB000001388642D7D10120304F8D
:1029E000DFF8D4C038708CF800002E480480CDE7A2
:1029F0002A4A2D4E14883A88A4EB020C013206EBC9
:102A00008C0692B256ED016A94423A8027EE267AFD
:102A100067EEA67ABDEEC77AFDEEE77A17EE106A8A
:102A20001E8017EE906A5E807FF480AD00221C4C01
:102A300022701E4C22700124094A1470014C94F833
:102A400000C077E575480620EC4506205C48062066
:102A50000846062000002020D84A04204A480620C4
:102A6000624806206648062030480620694806204D
:102A7000F83800203248062000390020344806206B
:102A80003648062049480620484C022080A92320C9
:102A9000485800207248062098460620FE32002042
:102AA000504806202A4806200839002051480620B0
:102AB0002C4F0420634806204B4806202649C1F8C5
:102AC000008001990978002940D0244951F82C60F0
:102AD000234F01204FEA880100243E60214E89F8EF
:102AE00000003070204ECEF8004031601F49087061
:102AF00011788EE58B457FF66BAD0121117067E58E
:102B00001B4F0EF0C7FE1B4E3B881B4C90FBF3F295
:102B100002FB130332889B1A23800EF0BBFE3B8816
:102B20003688B4F900202C7890FBF3F101FB1301F7
:102B3000124B891B09B21980A4E6114A1470114A7C
:102B40001470114A92F800C0104AF3E4034951F896
:102B50002C607600BCE700BF344F042038470620C5
:102B600008460620494806200046062063480620FD
:102B70002E480620324806203448062036480620D3
:102B80005048062051480620754806206248062015
:102B900010B504460AF0A2FD204610BD836C13B1A7
:102BA000184605F081BEC06C08B103F039BB4FF088
:102BB000FF307047836C53B1187810F008000DD0C7
:102BC000D8695B69C01A48BF6FF000407047C36C9A
:102BD000A3B193F8310010F0080000D170471869D4
:102BE00019685A69401A5B6862EB0303B0F1004F41
:102BF00073F10003F2D36FF0004070471846EDE721
:102C0000836C00B583B063B101220DF10701184652
:102C100005F076FD01280CD19DF8070003B05DF8A2
:102C200004FBC06C28B101220DF1070103F028FA62
:102C3000F0E74FF0FF30F1E7836C13B1184606F070
:102C4000D7B8C06C08B103F049BF7047836C13B1AB
:102C5000184606F079B9C06C08B104F023BA704781
:102C600000B5836C83B08DF8071043B101220DF1DC
:102C70000701184606F068F903B05DF804FBC06C64
:102C80000028F9D001220DF1070104F00BFA03B07E
:102C90005DF804FB1E491F4BCA6F42F44022CA670D
:102CA0009A68002A32DBD3F88820002A2EDB1A48E3
:102CB00001F57C21012201F5806110B40324C0F8E4
:102CC0002841C0F8244100244FF08440C1F89021ED
:102CD000C1F8A4211C661149DA6018614FF48030F4
:102CE000586199610E49D961C3F8E0404FF0007412
:102CF000C3F88C200B4AC3F89040C3F894005DF8E9
:102D0000044BC3F89820C3F89C107047704700BF6D
:102D100000C00F400040384000801F401B1F0100D2
:102D2000001F1F1F1A1F010038B5224C0121224D20
:102D300020460AF06FFCFFF7ADFF204B032020492F
:102D4000204AC3F880016FF0030023681960002156
:102D50005A600222D8602079DA829A60DA83996117
:102D60009A8302B21D619982174B184D43F82210C5
:102D7000174943F8221003F5261316492279C8761D
:102D80000120D3F8881002F1100C134C41F01041CF
:102D9000C3F8881002F01F019D60104B00FA01F18A
:102DA0000F4D03EB521344F82C509B0019600D4B50
:102DB000D05438BDD04A04202240384000801F4003
:102DC000D84A04200200010100C00E40010000901A
:102DD0001400008000800E4000340020403800388D
:102DE000AD02000000E400E0104B1B784BB1104A2C
:102DF000137853B90F4810490380012313700B70E7
:102E000070470E4B01221A7070470B490B78002B4C
:102E1000F3D108480A4BB0F800C01B88A3EB0C03A1
:102E20000380012313700B70704700BF72480620A7
:102E3000504806202A4806204B48062062480620B3
:102E4000FE32002000222DE9F0471046114E124DAF
:102E50001346124CDFF848A0DFF84890DFF84880AE
:102E6000114645F83320524405EBC30E04EBC30C66
:102E700001EB090744F833200133414446F8040FBD
:102E8000142B00F6B830CEF80470CCF80410E7D15B
:102E9000BDE8F0873447062088470620984606207C
:102EA00000E4570000DD6D0000C1C50030B4144DD2
:102EB000144C2B6821688B4204D21A4642F8040B4A
:102EC0008A42FBD323F01F03BFF34F8F4FF0E02262
:102ED000C2F8703F20339942FAD8BFF34F8FBFF347
:102EE0006F8F2B68216803E01A680433824204D193
:102EF0008B42F9D3012030BC7047002030BC7047B2
:102F000054440620584406202E4B9A6C30B5ADF53B
:102F10000D7D002A51D02C4807F078FD1A212B484E
:102F20002B4D0CF07DFE2B480BF034F9294B0CAAED
:102F3000D5F88C1401A806F0ADFF044690B305F552
:102F400092640023FF221946204685F8C83485F88C
:102F5000BC2409F083FB2046C5F88C4408F0E0FD52
:102F600058B11B2100241C480CF05AFE19480BF0E4
:102F700011F920460DF50D7D30BD0123D5F88C14D7
:102F800028461A4607F0EAFD04460028E9D01E212B
:102F900012480CF045FE0F480BF0FCF820460DF5EA
:102FA0000D7D30BD15210E480CF03AFE09480BF09E
:102FB000F1F820460DF50D7D30BDDB6C002BAAD15C
:102FC000ACE700BFF8490420084A0420E41B0020B5
:102FD0001C450420302A0020381C0020181C00202A
:102FE000001C00203C493D4A3D4B48681268A3FB49
:102FF000023210B5920C642404FB02F24B681B1AD7
:103000009A42FBD83748FFF719F90128044622D025
:1030100041213448FFF71EF906213248FFF72CF909
:1030200004213048FFF716F904222F492D48FFF7F5
:10303000F3F901212B48FFF70DF923212948FFF768
:1030400009F914212748FFF705F900212548BDE8B3
:103050001040FFF7FFB82348FFF71AF9FF28D7D130
:1030600041212048FFF7F6F806211E48FFF704F932
:1030700004211C48FFF7EEF804221A481A49FFF70A
:10308000CBF921461748FFF7E5F823211548FFF74C
:10309000E1F814481421FFF7DDF821461148FFF745
:1030A000D9F810485621FFF7D5F821460D48FFF70B
:1030B000D1F821460B48FFF7CDF876210948FFF7F4
:1030C000C9F80A4B07481978FFF7C4F800210548EA
:1030D000BDE81040FFF7BEB8001000E0DC2900207A
:1030E00083DE1B43E8490420DC32002047480620E9
:1030F00010B5244A0024244924480EF0F9F8244845
:10310000244B2549C0F8A4342923C0F89014072182
:1031100080F8AD34214B1B4AC0F88044C0F8844489
:10312000C0F88C44A0F8984480F8B14480F8B844C2
:10313000C0F8A81480F8C8441949C0F89C340EF0AF
:10314000D7F81848184B4FF47A710E4A0360446060
:10315000047381601549C0E912440EF0C9F8214694
:1031600013480AF057FA074A124911480EF0C0F8FE
:1031700011491248FFF760F811491248BDE81040A4
:10318000FFF75AB86C2E0020A102000098320020F0
:103190001C45042000093D008822002090200020CA
:1031A0006D020000F84904208421002089020000FB
:1031B000D04A0420D1090000302A0020F049042020
:1031C000402A0020E8490420274B4FF0020C2DE94B
:1031D000F04F1C46A1B053264FF0C40B0DF1080A66
:1031E0000DF1440E0DF143084FF0010977460FCC65
:1031F000AAE80F00254602AB1C4C01930FCDAAE8AC
:103200000F000FCDAAE80F0095E80700184D8AE8D7
:1032100007000FCDAEE80F000FCDAEE80F000FCDC9
:10322000AEE80F0095E80700019D8EE807006146B3
:1032300003E015F8011F17F8016F204684F8A5B0C8
:1032400084F8309184F82F910AF024F83146204612
:103250000AF020F8012120460AF0F4F84545E8D1AB
:1032600021B0BDE8F08F00BF541C0020A02A002030
:10327000781B0020F8B5164B0126164C98271870BD
:10328000C043102184F8A570C5B2204684F830618F
:1032900084F82F6109F0FEFF2946204609F0FAFF65
:1032A000314620460AF0CEF81121204684F8A57058
:1032B00084F8306184F82F6109F0ECFF294620463C
:1032C00009F0E8FF31462046BDE8F8400AF0BAB8F8
:1032D00001330020A02A002070B5B8B9174D01268F
:1032E000C02304463146284685F8A53085F830616C
:1032F00085F82F6109F0CEFF2146284609F0CAFF64
:1033000031462846BDE870400AF09CB80B4C0125B8
:10331000C0262946204684F8A56084F8305184F8F8
:103320002F5109F0B7FF3146204609F0B3FF294677
:103330002046BDE870400AF085B800BFA02A0020F2
:103340002DE9F041012121200BF064F901200BF05F
:10335000E3F800212120DFF8C8800BF05BF90120A1
:103360000BF0DAF8012121202C4C0BF053F90A2044
:103370000BF0D2F898F8006001259827F643102149
:10338000204684F8A570F6B284F8305184F82F51A5
:1033900009F080FF3146204609F07CFF294620468F
:1033A0000AF050F898F8006011212046F64384F89E
:1033B000A57084F83051F6B284F82F5109F06AFFF5
:1033C0002046314609F066FF294620460AF03AF8C1
:1033D0001221204684F8A57084F8305184F82F51CA
:1033E00009F058FFC021204609F054FF2946204625
:1033F0000AF028F81321204684F8A57084F830518B
:1034000084F82F5109F046FF0021204609F042FFC1
:1034100029462046BDE8F0410AF014B8A02A002051
:10342000013300202DE9F04F484B97B0DFF834A16D
:1034300002AC0AAD0DF118090DF128080DF1160BBB
:103440000FCB07C4424A238006AC02F1100702F1F9
:1034500020060FCA07C423800EAC97E80F0007C5EB
:103460002B80982712AD96E80F0007C4394A012631
:103470002380394C0FCA84F8A57084F8306184F831
:103480002F6107C5122120462B8009F003FFC121BF
:10349000204609F0FFFE3146204602AD09F0D2FF7A
:1034A000132184F8A570204684F830610EAF84F8AB
:1034B0002F6109F0EFFE1221204609F0EBFE3146A4
:1034C000204612AE09F0BEFF26E04BF68032934252
:1034D00018D198F800200123C4210192204684F8D5
:1034E000303184F82F3184F8A510297809F0D2FE04
:1034F000019A2046114609F0CDFE012320461946C7
:1035000009F0A0FF013509F1010908F101080137AF
:103510005D4506F1010613D0DAF800300F4A9342F8
:103520000CD006D84AF644429342CED199F80020F6
:10353000D1E70B4A9342E5D13278CCE73A78CAE733
:1035400017B0BDE8F04FFFF7FBBE00BF941C002092
:10355000B41B0020A41C0020A02A0020007701003A
:1035600000EE0200E4320020A34BA449A44AA5487F
:10357000F0B52DED028B1B784FF0E04495B0A24ED4
:1035800003F5E06304601E20A04F1B0502250B60BD
:103590004FF47A73012193600BF078F80121212018
:1035A0000BF074F800211E200BF034F800212120CC
:1035B0000BF030F800231C463370022128460BF034
:1035C00065F807EE904AB0EE000B0134B8EEE71B49
:1035D0000CF0BAFC2846B0EE408B0BF045F833787F
:1035E00006EE100A0021284607EE103AB8EEC66B28
:1035F000B8EEC77BA6EE087BFCEEC77B17EE903AD1
:1036000033700BF043F8052C02D017F8015FD4E7B4
:10361000337801257E4CC027C3F11F033370FFF7B9
:1036200083FB20460EF078FC84F8A57029462046DE
:1036300084F8305184F82F5109F02CFE00212046E7
:1036400009F028FE2946204609F0FCFE714B84F85B
:10365000A57002211E78204684F830513F2E84F850
:103660002F5128BF3F2609F015FE2046314600267F
:1036700009F010FE29462046674C09F0E3FEFFF7EB
:10368000A3FD04F59267FFF75BFE644B00226449DB
:1036900064481D700AF0A2F9FFF7D4FBFF233146FE
:1036A000384684F8C86484F8BC3408F0D7FF38463C
:1036B000C4F88C7408F034FA00285BD12B462A46F3
:1036C000D4F88C14204607F049FA574BD4F88024DC
:1036D0001870002A55D000206D4611460123009035
:1036E0002846524A04F092FF00287AD1284640F238
:1036F00002234E4A484907F0A3FA4D4D04A905F1AB
:103700001000DDE90123C5E901239DF80C302B737E
:1037100007F022F9474B04A8009307F077F9A86C4B
:1037200000283FD0444904F0C5FF002843D10020C1
:10373000424F434E38703378A3B94249424A097820
:103740004248525CAB6C02EB410250F822108900F7
:10375000002B38D0184615B0BDEC028BBDE8F04008
:1037600005F016BAD4F88C040368DB689847002883
:10377000E1D1E2E730462C4BD4F880241870002ABF
:10378000A9D1D4F884146D460029AFD00C9201233E
:10379000264A284603F018F80028A7D0284603F048
:1037A00077F8A3E7E86C0028C1D0234A002303F090
:1037B0001DFA0028BBD0214F0123A86C3B70A0B19B
:1037C00005F016FBB5E7E86C38B10A4615B0BDEC5C
:1037D000028BBDE8F04002F039BD15B0BDEC028BA4
:1037E000F0BD284606F03EF880E7E86C0028A0D03F
:1037F00003F074F99DE700BF4C48062058440620AA
:10380000302A00205444062047480620401E00204D
:10381000A02A0020023300201C4504204F48062027
:10382000F4061400402A00205848062010270020E3
:10383000F84904206C2000200080EE364548062020
:103840005E48062075480620EC450620884706207D
:10385000F8B54D4D2B78002B78D0012B5CD04B4C1C
:1038600023784B4AD25C002A55D04A4A59004A482C
:10387000D25C4A4D02704A4800EB4300845C02EB84
:10388000430055F82000474D2860474D2C70002C10
:1038900054D1464C41F270774FF47A4654F8235095
:1038A0006D00434B8000DFF864E10B441144CEF817
:1038B0000050404D9A5C2F603F4B003A3F4D53F80B
:1038C00021C04FF001032E604FF000013C4D18BFA6
:1038D00001223C4C2B703C4D29603C4D29603C49F9
:1038E00008603C490B703C490B703C490B703C49EB
:1038F0000A703C4AC2F800C02278002A2DD13A4909
:103900000978002939D139490120394B0022087042
:103910001A6001232370F8BD364C204609F080FF61
:103920000028FAD0334809F0CDFF184C29782070D0
:10393000012995D12F480AF02DFA91E71B4C40F64A
:10394000B8374FF4FA4654F82350AAE70F4C2A48E8
:10395000FEF79EFC29782070EAE7284B1B78002BA5
:10396000D7D0274B1A782AB12649274A08881288C7
:10397000121A0A8000221A70CBE7204820490370EF
:10398000204B0A701A80BEE75B4806207548062067
:1039900084460620EC4506204A4806208847062033
:1039A0005C430620344F04205C480620384706203C
:1039B0002C440620684406208C43062060440620E0
:1039C00049480620534806202C4F04200446062070
:1039D00000460620634806205D480620524806201F
:1039E00048480620304F04207248062067480620C9
:1039F0005C460620402A0020F0490420504806205A
:103A00004B4806202A480620FE32002008460620A1
:103A10001B4810B509F004FF002800DC10BD184851
:103A200009F050FF1749C0B2174A012358280870FF
:103A300013701CD009D82A281DD05028EED1134A63
:103A4000BDE810401370FFF703BF7828E6D10C4C97
:103A5000204609F0E5FE0028FAD0094809F032FFB7
:103A60000B4BC0B20B4A1B7810708342D6D1BDE815
:103A70001040FFF7B9B9084B00221A7010BD00BF03
:103A8000402A00205A4806205B4806205948062054
:103A9000754806207448062064480620000000008F
:103AA0002DE9F04FAE4D0022AE4C9BB02B7822702A
:103AB000002B00F08C80AC4B1B7823B1AB4E3378DD
:103AC000002B40F079812B78002B7DD0DFF8DC9241
:103AD000A74BD9F800201B689A4275D2013B9A4245
:103AE00000F0CC814FF4FA33A24A13600CF02EF8A8
:103AF0000028FBD09F4B00249F4ED3F800B09F4F6F
:103B0000D6F80080DFF8A8A207E03168DAF80800EC
:103B1000A1EB0801814280F00382ABEB040138196C
:103B20000BF082FF0444A345EFD8954E954F3460C7
:103B3000954C2378002B40F0C081944FDFF87482BD
:103B4000BB6CD8F80010002B00F0F681184605F089
:103B50001FF88C4A2378002B40F0B881854BB86C55
:103B60001A68002800F0E081844905F0EDF9854AE3
:103B70002378002B40F09781D9F800407CB9844B22
:103B8000844A1B78D35C002B40F0E781824B42F6DD
:103B9000E06282481B68794918440AF0B7FD754B0A
:103BA00031681A68D8F800308A421344C8F80030E7
:103BB00002D07B4B00221A706D4B01341B68C9F890
:103BC00000409C4200F0DD811BB0BDE8F08F7548DD
:103BD00003F0FF06FEF732FB002840F09A81724B9B
:103BE0001B78002B00F03B81207800283FF463AF66
:103BF000782800F24A8123287FF65DAF24385428C4
:103C00003FF659AF01A353F820F000BFA1250000F3
:103C1000F7180000D1230000F7180000F718000083
:103C2000F718000069250000A1240000F718000023
:103C3000F7180000F7180000F7180000F718000048
:103C4000F7180000F7180000F7180000F718000038
:103C5000F7180000F7180000F7180000F718000028
:103C6000F7180000F7180000F7180000F718000018
:103C7000F7180000F7180000F7180000F718000008
:103C800093220000F7180000F7180000F718000052
:103C900063220000812300002F2300000523000081
:103CA000B7220000F7180000F71800009F2000005E
:103CB0006F20000017200000F718000011200000FE
:103CC000F7180000F7180000CF1F00001F1F0000AA
:103CD000F7180000031F0000DD1E0000491E000051
:103CE000F71800004F1E0000F7180000F71800003A
:103CF000F7180000F7180000F7180000F718000088
:103D0000F7180000F7180000F7180000F718000077
:103D1000F7180000F7180000F7180000F718000067
:103D2000F7180000F7180000F7180000F718000057
:103D3000F7180000F7180000F7180000F718000047
:103D4000F7180000F7180000F7180000F718000037
:103D5000F7180000F7180000F71800001D1E0000FB
:103D6000614806205A48062053480620634806202A
:103D7000144506206C460620644606205C4F04204D
:103D80000C4506201C4504205E480620F849042006
:103D900054480620EC4506208843062000002020D9
:103DA00064480620F04904206A4806205C44062046
:103DB000302A0020844306209D4B02A908A89D4C70
:103DC000009306939C4B0293FEF734FB06A940F246
:103DD000AF429A480AF0E6F8069B08A8DB689847C5
:103DE000009B02A8DB68984700233370944E237829
:103DF000002B40F08580934F934EBB6C3168002BB5
:103E000000F0B884184604F0C3FEDFF8348223784B
:103E1000002B6DD18D4B1B78012B00F09580B86C79
:103E2000002800F0A4804FF4FA32894904F068FCBD
:103E3000834F2378002B53D1864B1A781AB93268F6
:103E400002F5FA32326000212A781970002A7FF4D4
:103E5000BBAE7A481BB0BDE8F04F0AF025B97E48EA
:103E600009F0DEFC00287FF7BFAE7B4809F02AFD91
:103E70007A4BC0B2012220701A70B6E6784B1B68EC
:103E8000002B08BF4FF4FA332EE6F32800F08884A5
:103E9000FF287FF410AE714B1B78012B7FF40BAE23
:103EA000FFF7A0F807E6D2F88C040368DB689847B0
:103EB000634A00287FF45CAE5EE6D7F88C040368A2
:103EC000DB68984700287FF434AE36E6D2F88C04DD
:103ED0000368DB6898475A4A00287FF43BAE3DE60A
:103EE000D7F88C040368DB6898470028A1D1A3E7C2
:103EF000D8F88C040368DB689847002887D189E7E5
:103F0000D6F88C040368DB68984700287FF46FAF0D
:103F100071E75448FEF7BCF9504B20701E7064E600
:103F200001238AF80C3000E6F86C00283FF41FAE3D
:103F30004D4903F0B7F81AE6F86C00283FF409AED3
:103F40000A4602F083F904E6B86C00283CD04FF42E
:103F5000FA32464904F0D4FB6AE7454B42F6E06288
:103F600044481B68404918440AF0D0FB17E6F86C37
:103F700000283FF45DAF4FF4FA32354902F080F883
:103F800056E7B86C002800F0FE8304F031FF0028EB
:103F900000F00084384B18780021384B384A1B78E1
:103FA00029700121D1540BF025FE0BF06DFE354B2D
:103FB000354A4FF47A711B789160002B40F00384EE
:103FC000324B00221A70FFE5F86C00283FF430AF46
:103FD0004FF4FA32254902F053F829E71F4B1B78BA
:103FE000002B00F030841C4C204609F019FC0028FE
:103FF000FAD0194809F066FCC0B2254B254A1B7857
:10400000107083427FF457ADFEF7EEFE53E5134B7D
:104010001B78002B7FF44FAD1248FEF795F91E4B2D
:10402000024601210F481A60FEF714F943E500BF6C
:10403000F02200205E48062051180000983200202F
:104040001C450420F8490420004606204948062063
:10405000484C022059480620402A00205B48062090
:10406000E8450620F04904205C4F04204858002011
:104070008843062080A9232064480620544806204F
:10408000BC45062004330020302A00206A48062060
:104090007548062074480620104506207C4C23787D
:1040A000002B40F0A1837B48FEF7F2F87A4A237890
:1040B0001070002B7FF4FFAC01217648FEF7CAF8A0
:1040C000F9E4734B1B78002B7FF4F5AC01217148A8
:1040D000FEF7D2F806216F48FEF7CEF8EBE46C4B02
:1040E0001C78002C7FF4E7AC6C4B6D4E18780BF00D
:1040F00081FD01234FF055303370FEF7D7FE00B934
:1041000034704FF03330FEF7D1FE00B930704FF00D
:104110000F30FEF7CBFE00B930704FF0FF10FEF706
:10412000C5FE00B930704FF6FF70FEF7BFFE00B954
:1041300030704FF0AA30FEF7B9FE00B930704FF082
:10414000CC30FEF7B3FE00B930704FF0F030FEF720
:10415000ADFE00B930704FF0FF20FEF7A7FE00B9AA
:1041600030705048FEF7A2FE00B930704FF0FF30BB
:10417000FEF79CFE00B930700020FEF797FE002885
:1041800000F07583347820460BF034FD93E4404B07
:104190001B78002B7FF48FAC434C3E48FEF7D4F8DD
:1041A0002060FFF73FF994ED007A404A0121B8EE14
:1041B000477B3F4B374892ED004B9FED335B87EEDB
:1041C000046B85EE067B83ED007BFEF743F872E41B
:1041D000FFF73EFB6FE42E4C2378002B40F02B833F
:1041E0002C48FEF777F8334B334A1880137823B9FD
:1041F000324B00260027C3E90067314B1B68002BB8
:1042000040F0F6822F4B07EE900A41081880B8EE76
:10421000677B2D4B19802D4B83ED007B002840F0F0
:104220001F8310702378002B7FF445AC44E7184BB4
:104230001C78002C7FF43FAC1648FEF74BF8244B5B
:10424000B0F5FA6F188000F21483820021491148FA
:10425000FEF7E6F801210F48FDF7FCFF2BE40C4BBD
:104260001B78002B7FF427AC1B4B01221A700BF03C
:104270006DFC0028FBD0194E0024194FDFF8649024
:10428000D6F8008038E000BF112D4454FB211940BE
:104290005B480620F0490420694806204C48062067
:1042A000574806200000FFFFE4320020D0290020FC
:1042B00000390020304806204E480620F8380020FB
:1042C000104506202E48062032480620F0380020EF
:1042D000FE3200200839002064480620644606208B
:1042E0005C4F0420302A00203368D9F80820A3EB63
:1042F0000803934280F0B782C4F10B0138190BF028
:1043000093FB04440A2CEFD93978AF4AAF4B1170B4
:104310005B5C7A78C3F10103D7F80340002AAC4A0A
:10432000DBB214BF0120002002EB4102D054A948A7
:10433000A94A037002EB4102B878D05403EB410064
:10434000A64A42F820400CBF02220422A4481329A6
:104350004FEA410402703FF6AEABD7F807201C4489
:1043600000784FF4FA3E9F4B02FB00F053F82460B4
:1043700007EE900A9C4B9FED8E6BB8EE675B53F88F
:10438000217001239949BF0085EE067B2B700B70CD
:10439000974B93F800C0BBFE477BFCEEC77B17EE44
:1043A000903A0EFB1301DFF8B0E24EF824203244BD
:1043B000DFF8A8E2002918BF0133B6004EF8242028
:1043C0008C4A42F824008C4AC2ED007A8B4A116074
:1043D00000218B4A13608B4B8B4A1F608B4B116003
:1043E000C8221E608A4B9A60BCF1000F3FF463AB99
:1043F000884B02A9884A08A8009306930292FEF708
:1044000019F840F2AF4206A9844809F0CBFD069B9B
:1044100008A8DB689847009B02A8DB689847FFF76D
:104420004ABB7F4B1C78002C7FF445AB7D48FDF7E1
:104430002FFF00387C4B4FF0010118BF012018708E
:104440007848FDF707FF794A794B14801C70FFF715
:1044500032BB734B1B78002B7FF42DAB7148FDF7FB
:1044600017FF744B1870FEF705FF01216D48FDF72B
:10447000F1FEFFF720BB6A4B1B78002B7FF41BABD0
:104480006D4B68481978FDF7E5FE10216548FDF78A
:10449000E1FE14216348FDF7DDFE664B61481978A3
:1044A000FDF7D8FE654B5F481968FDF7E5FE1E2154
:1044B0005C48FDF7E1FE4FF4FA615A48FDF7DCFE77
:1044C000FFF7F9BA564B1B78002B7FF4F4AA554836
:1044D000FDF7DEFE00385A4B18BF01201870FEF7BA
:1044E000FBFE01214F48FDF7B5FEFFF7E4BA4C4B48
:1044F0001B78002B7FF4DFAA4A480126FDF7C8FE8F
:10450000504B514C07461870C0230221204684F8B6
:10451000A53084F8306184F82F6108F0BBFE3F2F8E
:104520003946204628BF3F2108F0B4FE31462046D8
:1045300008F088FF31463B48FDF78CFEFFF7BBBA19
:10454000374C2378002B40F07A813648FDF7FCFE8B
:1045500007EE900A39493D4AB8EE675B2378106050
:104560003B4A9FED157B9FED164B85EE076B91ED5A
:10457000007A3849B8EE477B87EE065B81ED006B29
:1045800084EE057B82ED007B002B7FF494AA93E5FB
:104590002448FDF77DFE031E154A4FF0010118BFA8
:1045A000012320481370FDF755FEFFF784BA00BFC2
:1045B000000000000040FF400000000000408F406D
:1045C000112D4454FB21194054480620EC45062087
:1045D0005C430620554806202C4406208C430620C8
:1045E0005648062088470620384706206A48062095
:1045F000043300201845062064440620E8450620C0
:1046000014450620884306205C4406208443062087
:10461000302A0020F022002051180000983200209B
:104620005B480620F0490420724806202A480620EC
:104630004B480620013300204F480620E43200207A
:104640007348062002330020A02A0020B845062027
:1046500000390020D02900206C440620984606200E
:10466000DFF86092FEF750FC894A40F20223894944
:1046700089F8000006A806F0E3FA874F079B0AA90D
:1046800007F110007B60089BBB609DF824303B73F2
:1046900006F062F9814B0AA8069306F0B7F9B86CE8
:1046A000002800F095807E4904F004F8002800F00E
:1046B0009880DFF814820123B86C88F80030002855
:1046C00000F0DD8004F094FB064688F80060754C2D
:1046D000704E2378002B6ED1734B1A78734B9B5C12
:1046E00003EB4203724A52F82310BB6C8900002B83
:1046F00000F0AE80184604F04BFA99F800000BF079
:1047000079FA98F800000BF075FA002369496A4AB3
:104710000B611361C1E90033C1E90233C2E900331F
:10472000C2E90233FFF7C7B9644B00275F4A01268D
:10473000604903F1140413F8010F28B110780E70CA
:10474000C0F101001F7010709C4202F1010201F1E2
:104750000101F0D15A4B1B78002B7FF4ACA9ABE4DC
:10476000584B18780BF046FA574B18780BF042FA72
:10477000FFF7A1B9F86C00283FF447AB0A4601F0F7
:1047800065FDFFF742BBF86C20B102F0A7F90028E5
:104790007FF400AC00234D4A18461370FFF7FCBBB2
:1047A000474B1B78002B7FF486A9F4214848FDF77E
:1047B00051FDFFF780B9D6F88C040368DB68984791
:1047C000002886D188E7434809F06EFCFFF7F8BB64
:1047D000F86C30B1324A002302F008FA00287FF466
:1047E00068AFDFF8E48070E73B48FDF751FD5DE41A
:1047F00007EE903A394B06EE900A39491B88B8EE1D
:10480000677BB8EE666B05EE903A83423548B8EEAA
:10481000655B2CBF0023012336EE456B81ED005B09
:1048200086EE075B0121117001702F4A2F490B7032
:1048300082ED005BF6E42848FDF74CFDD3E4264802
:10484000FDF782FD84E62248FDF722FDFFF7D5BB88
:10485000F86C00283FF451AF0A4601F0F7FC4CE732
:1048600001231370DEE4012389F80C304CE530702D
:1048700089E421461648FDF7EDFCFFF71CB9F86CFA
:1048800000283FF422AF02F029F906461DE700BFD9
:10489000102700201C450420F84904206C2000202B
:1048A0000080EE365E48062075480620EC4506205E
:1048B0008847062084460620BC450620BB450620C6
:1048C0005B480620584806204548062064480620D4
:1048D000F049042098320020E84904202E480620A0
:1048E000F038002068480620E83800204D480620AF
:1048F000024A034903480CF0FBBC00BF6C2E0020A9
:10490000D1090000144C042030B482B00C4602AB34
:1049100003E90600C37C002B30D072B6C37CDA07F3
:1049200008D54FF0E0214569D1F880212A40826204
:10493000C1F880219D0708D54FF0E0218569D1F8A5
:1049400084212A40C262C1F88421590708D54FF05A
:10495000E021C569D1F888212A400263C1F8882185
:104960001A0708D54FF0E021056AD1F88C212A40BA
:104970004263C1F88C21DB062FD462B683689C4267
:1049800035D0224B84609B69214AC3F30111C3F3E4
:10499000826352F821100133B1FBF3F2CCB194429F
:1049A00027D8B2FBF4F3B2FBF3F294422CD3B3F565
:1049B000817F20D3174CC460036803220020019933
:1049C00018615A6201221C6419661A6102B030BC77
:1049D00070479942EFD3531CE9E74FF0E022416A58
:1049E000D2F890310B408363C2F89031C5E7C468B8
:1049F000E2E70024DFE7022BFBD9023B5A0814024E
:104A000044EA02441C43D6E71A46E4E700C00F40DC
:104A100000230020FF7F7F00024A034903480CF077
:104A200067BC00BF6C2E0020D10900008C4B042015
:104A3000024A034903480CF05BBC00BF6C2E002007
:104A4000D1090000144B0420024A034903480CF02A
:104A50004FBC00BF6C2E0020D10900002C4B04205D
:104A6000024A034903480CF043BC00BF6C2E0020EF
:104A7000D1090000944B0420024A034903480CF07A
:104A800037BC00BF6C2E0020D10900009C4B0420D5
:104A9000024A034903480CF02BBC00BF6C2E0020D7
:104AA000D1090000B44B0420024A034903480CF02A
:104AB0001FBC00BF6C2E0020D10900001C4B04203D
:104AC000024A034903480CF013BC00BF6C2E0020BF
:104AD000D1090000344B0420024A034903480CF07A
:104AE00007BC00BF6C2E0020D1090000A44B04209D
:104AF000024A034903480CF0FBBB00BF6C2E0020A8
:104B0000D1090000244B0420024A034903480CF059
:104B1000EFBB00BF6C2E0020D10900003C4B0420ED
:104B2000024A034903480CF0E3BB00BF6C2E00208F
:104B3000D1090000444B0420024A034903480CF009
:104B4000D7BB00BF6C2E0020D10900007C4B042095
:104B5000024A034903480CF0CBBB00BF6C2E002077
:104B6000D1090000BC4B0420024A034903480CF061
:104B7000BFBB00BF6C2E0020D1090000C44B042035
:104B8000024A034903480CF0B3BB00BF6C2E00205F
:104B9000D1090000E44B0420024A034903480CF009
:104BA000A7BB00BF6C2E0020D10900004C4B042095
:104BB000024A034903480CF09BBB00BF6C2E002047
:104BC000D1090000CC4B0420024A034903480CF0F1
:104BD0008FBB00BF6C2E0020D1090000EC4B0420DD
:104BE00010B5054C04F1080008F078FD2046BDE83A
:104BF000104008F073BD00BF544B042010B5084CA2
:104C00000021204608F006FD04F10800002108F00C
:104C100001FD044A04490020BDE810400CF068BBC7
:104C2000544B04206C2E0020212A0000024A034924
:104C300003480CF05DBB00BF6C2E0020D1090000C2
:104C4000AC4B0420024A034903480CF051BB00BF9F
:104C50006C2E0020D1090000D44B0420024A0349E5
:104C600003480CF045BB00BF6C2E0020D1090000AA
:104C7000DC4B0420024A034903480CF039BB00BF57
:104C80006C2E0020D1090000644B0420024A034925
:104C900003480CF02DBB00BF6C2E0020D109000092
:104CA000844B0420704700BF036D0BB10120704797
:104CB000406D003818BF0120704700BF10B5044692
:104CC000806D18B10CF022FB0023A365236D2BB17E
:104CD00004F11800BDE8104005F098BE636D002B8C
:104CE000F6D110BD10B50446806D00B110BD4FF473
:104CF00080700CF003FBA065B0B10022236D027040
:104D00003BB101464FF48072184605F005FAA06DDC
:104D100010BD636D002BE9D001464FF48072184638
:104D200002F082FEA06D10BD014B1846A36510BDB8
:104D30004448062038B5056D6DB10BB1002038BD73
:104D40001146284603F024FF0028F7D02846BDE886
:104D5000384004F0BFB8446D002CEFD0204601F07D
:104D600075FA0028EAD02046BDE8384002F028B99C
:104D70008A79A2F150031B0622D402F26C72F0B5BC
:104D80004B7985B0046D01330D798E784F78DBB2A5
:104D900009784CB1204601960095CDE902710421B5
:104DA00004F02CF805B0F0BD406D0028FAD0019653
:104DB0000095CDE90271042102F046F805B0F0BD7E
:104DC0000020704710B50446006D80B1037813F0E1
:104DD000700F00D110BD002103F0DAFE606D0028D5
:104DE000F8D000220023BDE8104001F02FBA606D1A
:104DF0000028EFD090F8313013F0500FEAD00022A5
:104E00000023BDE8104001F021BA00BF036D10B5CA
:104E10000C4682B02BB30DF1060201A9184603F02F
:104E200037FA38B3BDF80430BDF8062053EA020162
:104E300020D0C2F3451C02F01F00D20AC3F3431175
:104E4000400084F801C0A2705A0A013903F01F0320
:104E500002F5EA622070012061712371A27102B033
:104E600010BD406D30B10DF1060201A901F094F8BA
:104E70000028D7D1002002B010BD00BF036D10B5CF
:104E80000C4682B02BB30DF1060201A9184603F0BF
:104E9000EFF938B3BDF80430BDF8062053EA02013B
:104EA00020D0C2F3451C02F01F00D20AC3F3431105
:104EB000400084F801C0A2705A0A013903F01F03B0
:104EC00002F5EA622070012061712371A27102B0C3
:104ED00010BD406D30B10DF1060201A901F04AF894
:104EE0000028D7D1002002B010BD00BF0369D3B1A4
:104EF0000E4810B41C68E46884420FD1186D18B1D4
:104F00005DF8044B04F020B8586D18B15DF8044BFF
:104F100002F0C8B800205DF8044B704718462346DD
:104F20005DF8044B18470020704700BFD12F0000E8
:104F3000006990B10368154A1B69934225D1036D3E
:104F400063B1187810F0080007D0D8695B69C01AFF
:104F500048BF6FF00040704718467047436D002B04
:104F6000FAD093F8310010F00800F6D018691968EB
:104F70005A69401A5B6862EB0303B0F1004F73F1AA
:104F80000003EAD36FF00040704718473930000043
:104F9000036963B11A68074992698A4208D1186D9A
:104FA00008B103F025BF586D08B101F097BD7047F7
:104FB00018461047652F0000036973B11A68084945
:104FC00052698A4207D1186D08B103F06DBC586D63
:104FD00018B101F025B9184610474FF0FF3070475F
:104FE0000D2F0000036D13B1586900217047436D08
:104FF00013B1D3E90001704718461946704700BF46
:10500000036D13B1D86900217047436D13B1D3E923
:105010000401704718461946704700BFF0B595B0B7
:1050200000224FF47A74244F1831054604A88DF8F5
:105030000C200097CDE90124CDE9122205F052FDA4
:10504000129B002B2DD05C20002609F0F9FB019B60
:1050500004464660C36004A9029B183040F8083C2F
:105060009DF80C3000F8043C144B40F8183C144BED
:1050700040F8103C05F02EFC124B4FF47A72A760FA
:105080002B606368A66501336E602E73AA602C6185
:1050900063600D4B04A8009305F0B8FC284615B0DA
:1050A000F0BD139B002BCED1064A2B732A602B61D7
:1050B000C5E90134EDE700BF84210020A8210020CC
:1050C00004220020582100206C200020036D13B121
:1050D000184603F0E9BB406D08B101F0A1B84FF0EC
:1050E000FF307047036D33B11B7813F0700F14BF9E
:1050F000012000207047406D30B190F8313013F03E
:10510000500F14BF01200020704700BF036D13B182
:10511000184603F0F5BA406D08B100F0B1BF4FF08A
:10512000FF307047036D13B1184603F061BE406D48
:1051300008B101F0D3BC7047036923B31968134A5F
:1051400010B58C6882B0944214D1186D48B1012218
:105150000DF1070103F0D4FA90B19DF8070002B0F9
:1051600010BD586D0028F8D001220DF1070100F0A4
:1051700087FFF1E701220DF107011846A047EBE791
:105180004FF0FF30EBE74FF0FF3070474D2F00003E
:10519000036D13B1184603F0D7BE406D08B101F09E
:1051A00081BF70478A79A2F150031B0622D402F214
:1051B0006C72F0B54B7985B0046D01330D798E7842
:1051C0004F78DBB209784CB1204601960095CDE9C5
:1051D0000271022103F012FE05B0F0BD406D0028FF
:1051E000FAD001960095CDE90271022101F02CFE62
:1051F00005B0F0BD00207047036D53B1187810F072
:1052000008000DD0D8695B69C01A48BF6FF0004034
:105210007047436DA3B193F8310010F0080000D13E
:105220007047186919685A69401A5B6862EB030392
:10523000B0F1004F73F10003F2D36FF000407047FC
:105240001846EDE700B5006983B08DF8071060B12E
:105250000368104ADB68934215D1036D43B1012204
:105260000DF10701184603F06FFE03B05DF804FB73
:10527000406D0028F9D001220DF1070101F012FF65
:1052800003B05DF804FB01220DF10701984703B05C
:105290005DF804FBD12F000038B504460C4B806D3F
:1052A000236018B10CF032F80023A365236D04F1DC
:1052B00018054BB1284605F0A9FB064B2846A3600C
:1052C00005F0A4FB204638BD636D002BF2D1F4E756
:1052D000A82100206C20002038B504460E4B806DBC
:1052E000236018B10CF012F80023A365236D04F1BC
:1052F00018056BB1284605F089FB084B2846A360CA
:1053000005F084FB20465C2109F09CFA204638BD5C
:10531000636D002BEED1F0E7A82100206C20002067
:1053200030B4029C11469C4634B1012C1CD0022C96
:105330000ED0002030BC7047056DF5B14FF0FF3343
:10534000934274EB0C04F4D3284630BC03F020BC29
:10535000026D0AB3D36959184CF10003002BE8D150
:10536000104630BC03F014BC026D62B15369591889
:105370004CF10003002BDCD1F2E7406D0028D8D0BF
:1053800030BC00F063BF406D0028D2D0D0E90023CC
:105390008A184CEB0303F3E7406D0028C9D0D0E92D
:1053A000042330BC8A184CEB030300F04FBF00BF4E
:1053B00070B5244B044605690360002D32D06E6839
:1053C000013E6E6076BB2B681F4ADB6A93422FD189
:1053D000A86D10B10BF09AFFAE652B6D23B305F1EC
:1053E000180005F013FB2569E5B12B68174A5B68C7
:1053F000934224D1164BA86D2B6018B10BF086FF99
:105400000023AB652B6D05F11806A3B1304605F0FE
:10541000FDFA104B3046AB6005F0F8FA5C212846E7
:1054200009F010FA204670BD6B6D002BD7D1DAE77A
:1054300028469847D7E76B6D002BE7D1E9E7284668
:105440009847EFE758210020FD2A0000193100009D
:10545000A82100206C20002070B5264B0446056969
:105460000360002D32D06E68013E6E6076BB2B6803
:10547000214ADB6A934233D1A86D10B10BF046FF8D
:10548000AE652B6D43B305F1180005F0BFFA256931
:10549000E5B12B68194A5B68934228D1184BA86D77
:1054A0002B6018B10BF032FF0023AB652B6D05F1BB
:1054B0001806C3B1304605F0A9FA124B3046AB606E
:1054C00005F0A4FA5C21284609F0BCF92046142115
:1054D00009F0B8F9204670BD6B6D002BD3D1D6E72B
:1054E00028469847D3E76B6D002BE3D1E5E72846C4
:1054F0009847EBE758210020FD2A000019310000F1
:10550000A82100206C20002090F81CC04160BCF154
:10551000020FC26001D18368184708F0F9B800BFD4
:10552000F0B4046840F201251E462561A3B121B301
:1055300011F8015B013B6566256FAF0707D415467F
:10554000013E676F1AB105F8017B2A460468656958
:10555000ED07F1D5002BEAD16EB10368196F890709
:10556000FAD41146013E5B6F002AF5D001F8013BE9
:105570000A46002EF1D1F0BC704790F83C50D9E7B4
:10558000324B334930B5D3E911542079C8771A6CBE
:1055900095F804C081F81CC0087752B1B2F5004FED
:1055A00023D32C4911442A4A1964D07682F81BC0AF
:1055B00030BD19680F24D86C8C6540F20134CA6183
:1055C0000C614FF47C544C6103210468246883F817
:1055D0003D10214B9C4226D1037F4260022BC260CA
:1055E00026D18368BDE8304018472D68E98B09044F
:1055F00022D492B2EA832168EC8BA4B2EC82CC8BE9
:10560000240405D5CC8BC2F3080204F47E44224363
:10561000CA83CA8B92B2CA8200210D4A1964D0761D
:1056200082F81BC030BD23461146BDE83040184704
:10563000BDE8304008F06CB8E98BC2F3080E92B2B6
:1056400001F47E4141EA0E01E983D4E7E02900201C
:1056500000800E400180FFFF4933000043682DE9C0
:10566000F04FD3E90041814D4FF0B80A22684FF066
:10567000020822EA01027E492260AA6911407D4A9D
:105680000A43AA6190F810E07B4A03EB0E0603EB95
:105690008E0E317C02EB01118968C1F800A090F8F0
:1056A00011C003EB0C050CF10A0C95F8241002EB69
:1056B00001118968C1F800A0817C03EB010903EBAB
:1056C000810199F838B002EB0B1BDBF808B0CBF87E
:1056D00000A0D4F800A05F684AEA070AC4F800A056
:1056E000347CDEF814E002EB04146468C4F800E0D3
:1056F00095F8244053F82CC002EB04146468C4F8F5
:1057000000C0C96B99F8384002EB0412526811606E
:105710009A6C99F8441011601A6A317F5B6B1160C2
:1057200095F830201A600F220368C3F810809A653C
:10573000C27C002A31D072B6C37CDC0708D54FF09A
:10574000E0214469D1F8802122408262C1F88021A1
:10575000990708D54FF0E0218469D1F884212240CF
:10576000C262C1F884215A0708D54FF0E021C4690C
:10577000D1F8882122400263C1F888211F0708D58B
:105780004FF0E021046AD1F88C2122404263C1F835
:105790008C21DE0655D462B60368384C8268A2427A
:1057A00059D0324A846092693549C2F30116C2F376
:1057B0008262344D51F826100132B1FBF2F2AA4256
:1057C00031D80022C260002403211C6107245962E1
:1057D00001211A641C661961C37C13B3DD0704D56B
:1057E000816A4FF0E022C2F800119C0704D5C16A1B
:1057F0004FF0E022C2F80411590704D5016B4FF0B5
:10580000E022C2F808111A0704D5416B4FF0E022DC
:10581000C2F80C11DB0604D5826B4FF0E023C3F80D
:105820001021BDE8F08F1849A1FB0251090DB2FB10
:10583000F1F2A24288BF0131B1F5817F0DD3134A45
:10584000C0E74FF0E022416AD2F890310B40836309
:10585000C2F890319FE7C268B5E70229B1D9023991
:105860004C08220242EA04420A43ABE700C00F4060
:10587000CFFFFFE3100000081023002000093D00C7
:1058800000230020FF083D0083DE1B43FF7F7F00D5
:105890000BB1FFF745BE70474368D3E900120968B2
:1058A000114200D1704710B502680446002005215E
:1058B0001061227C1344187C08F0E8FE627C636867
:1058C0000521134493F8240008F0E0FE6368A27CED
:1058D00005211344BDE8104093F8380008F0D6BE07
:1058E00000207047704700BF10B5044640F2D44115
:1058F00008F0A8FF204610BD012BF0B5054695B075
:105900003DD0022B40F2022001F104010CBF0346FE
:105910000023684605F094F9129B002B38D05C20D8
:10592000002608F08DFF214B04AF0446C0E9003685
:10593000019B3946183040F80C3C1D4B40F8103C98
:10594000029B40F8083C9DF80C3000F8043C04F041
:10595000C1FF184B4FF47A72A665A360164B6E60B8
:105960002B6063682E730133AA602C616360134B54
:105970003846009305F04AF8284615B0F0BD44F2C9
:1059800002230431684605F05BF9129B002BC6D157
:10599000139B002BC3D14FF47A71074A04AF2B73CA
:1059A0002A602B61C5E90131E1E700BFA821002091
:1059B0000422002084210020582100206C20002097
:1059C00010B5D0F884448EB00A4644B10023214675
:1059D0006846009302F01AFE80B90EB010BDD0F8F0
:1059E000881441B1234668460C9400F0EDFE50B98E
:1059F00000200EB010BD08460EB010BD684603F082
:105A00007FF80EB010BD684600F09CFF0028EFD074
:105A1000E3E700BF70B5D0F884548EB016465DB190
:105A200005F5896500230A4668462946009302F079
:105A30006BFD90B90EB070BDD0F888040028F9D085
:105A400000F589640A462B46684621460C9500F00D
:105A50003FFE48B900200EB070BD32462946684668
:105A600002F058FF0EB070BD32462146684601F084
:105A7000FDF80028EED0DDE710B5D0F884448EB0F4
:105A80000A464CB10020012321460090684602F0EE
:105A9000BDFD80B90EB010BDD0F8881441B101230E
:105AA00068460C9400F090FE50B900200EB010BD76
:105AB00008460EB010BD684603F0D4FE0EB010BD0F
:105AC000684600F0E5FE0028EFD0E3E730B5D0F8F7
:105AD00084448FB00A464CB10025012304F5896146
:105AE0006846009502F09AFC0FB030BDD0F88804EB
:105AF0000028F9D000F58961012368460C9401F073
:105B000037F90FB030BD00BF10B5D0F884448EB067
:105B10000A463CB1002321466846009302F076FD18
:105B20000EB010BDD0F8881431B1234668460C94ED
:105B300000F04AFE0EB010BD08460EB010BD00BF0A
:105B4000F8B5054690F8D00408B90146F8BDD5F877
:105B50008434002B4CD0DC69D5F89004013C00283B
:105B600054D00368DB6B9847E0B1D5F8900478B364
:105B700003681B6C9847A8B9D5F8900440B3036834
:105B800001215B6C9847074610B3D5F8840458BBD5
:105B9000D5F8886433466EB9D5F8900490B90020E2
:105BA0000146D3E7D5F88404E8B9D5F88834002B4A
:105BB000F5D00746184602F0AFF906463FB1D5F8D2
:105BC000900428B1036800215B6C984700B1A41BC6
:105BD000D5F88434FBB19B794FF40071994089B2B8
:105BE000A1FB0401F8BD002704F0FEFC0646E5E732
:105BF000D5F88834D5F89004B3B1D3F830440028F0
:105C0000AFD1184602F088F90646E0E7184604F0DE
:105C1000EBFC0646DBE7D5F88864002EBFD0D6F84B
:105C20003C14A1FB0401F8BD0028B8D01C4698E73D
:105C300090F8D03463B1D0F8843463B19A794FF4DA
:105C40000070D9699040013980B2A0FB0101704712
:105C5000184601467047D0F888040028F9D0D0F8DB
:105C60003C14D0F83004A1FB000170472DE9F0434B
:105C7000D0F890548DB04DB198462B680446284614
:105C8000DB699847B0F5405F064604D800263046E9
:105C90000DB0BDE8F0834FF400700BF02FFB07460A
:105CA0000028F3D00DF10409B6F1806F0246434697
:105CB000294648462ED901F0FBFB064638460BF034
:105CC00025FB002EE2D02B682846271D1B6A98472B
:105CD00094F8C034FF2B21D0D4F8C43404F5946573
:105CE00002932846D4F8C8340393B4F8C034ADF80E
:105CF000043099E80E0005F069FE94F8B134C4F858
:105D00009054002BC3D10123294638461A4604F08B
:105D100025FFBCE704F0BEF80646CFE704F2944541
:105D200094F8CC14284606F099FC2846C4F8905400
:105D300005F0F6FE0028AAD10123D4F890143846C5
:105D40001A4604F00BFFA2E770B5D0F8905484B067
:105D50000446002D40D090F8D03483B190F8D1346F
:105D6000FE2B6ED094F8D20436285AD92B68694697
:105D700028469B6C984784F8D00404B070BD90F816
:105D8000D134FE2B58D090F8D20436284FD994F84D
:105D9000C034261DFF2B24D104F2944594F8CC1472
:105DA000284606F05BFC2846C4F8905405F0B8FE7F
:105DB000002864D003212E2008F068FC3549364ABB
:105DC000364B48681268A3FB0232920C02EB820247
:105DD0004B681B1A9A42FBD8002084F8D00404B008
:105DE00070BDD4F8C83404F59465D4F8C414B4F87C
:105DF000C024284602936B460191ADF800200ECBDB
:105E000005F0E4FD94F8B134C4F89054002BD1D1DE
:105E10000123294630461A4604F0A0FE0028DCD1B2
:105E2000C8E708F021FC003818BF0120D5E708F0CA
:105E30001BFC0028ABD1CFE7194B9B689B03CBD54C
:105E4000A5E72B6828465B6D9847421C8AD0F8B9B5
:105E500094F8D134FE2BBFD103212E2008F016FC7C
:105E60000C490D4A0D4B48681268A3FB0232920C94
:105E700002EB82024B681B1A9A42FBD8ACE7012363
:105E8000D4F8901430461A4604F068FE002891D0E9
:105E90000120A2E7001000E0DC29002083DE1B4384
:105EA0000080004218484FF0290C184A0023184976
:105EB00010B4C0F89424072280F8B1C44FF0FF0C4E
:105EC000C0F8A8144FF47F41124CC0F8AC24124A19
:105ED000A0F8D014A0F89C3480F8B53480F8CC3405
:105EE00080F8D2C40460C0F8A0240C490C4A5DF8C4
:105EF000044BC0F88434C0F88834C0F8903480F87B
:105F0000BC340BF0F5B900BF4840042088220020C3
:105F100000093D00282200209020002025370000A5
:105F20006C2E002070B500F1240384B08C4604462A
:105F300001AD164693E8070085E807004FEA4C12CA
:105F40002946206A01F004FF012806D1324629467D
:105F5000206A01F0E1FE04B070BD002004B070BD05
:105F600010B5044600F0BAFD002384F8313084F8FF
:105F7000333010BD38B514460D46002200F124011F
:105F8000006A01F0C9FE034620B1428901202A803F
:105F90001B89238038BD00BF38B514460D4600224A
:105FA00000F12401006A01F0B7FE034620B1C28966
:105FB00001202A809B89238038BD00BF38B50D465B
:105FC00090F8311009B1002038BD382204460BF09A
:105FD000B7FC012340222562184684F8333084F848
:105FE000312038BDF0B40D460978202903D115F8C9
:105FF000014F202CFBD0156095602C782F2C11D0F0
:1060000084B16E1C3C2C1D4F35462AD8212C12D849
:1060100004F1FF3CBCF11E0F16D80020F0BC704705
:1060200015F8014F202CFBD02F2CF9D01D60114604
:10603000F0BC01F05FBDA4F1220C5FFA8CFC27FAE2
:106040000CFC1CF0010FE8D12E2C01D0202C0DD11E
:1060500016F8014B002CE5D02F2CE3D03C2C354614
:10606000D4D95C2CD9D003D97C2CD6D09660EFE75C
:106070003E3C012CFAD80020F0BC704701210005FD
:106080002DE9F04F90F8333083B00546DC0774D526
:1060900058060F46904640F1B080D5E90023D5E977
:1060A000041018EB020443F10003A14270EB030358
:1060B000C0F0A980B8F1000F5BD0464605F1180981
:1060C000D5E90032D5F820A0DAF838441C40C4F3F2
:1060D000080B002C70D1134370D195F831305A065B
:1060E0004CBFDAF83424EA69AA619AF84504023A06
:1060F000DAF82C14630A824001EB54211144BBF1FD
:10610000000F45D1B6F5007F42D3DAF81C22914248
:106110003ED0B6F5806F58D34FF0010B0BFA00FB61
:10612000ABEB030B730A9B4528BF9B4691424FEA9A
:106130004B240AD801EB0B039A4206D20AF50470ED
:10614000019106F0BFFE0199B8B1DAF814025B467E
:106150000268D2F814A03A46D04770B123462744CB
:10616000D5E900125B1842F10002361BC5E9003286
:10617000A8D1404603B0BDE8F08F95F832304FF01B
:10618000FF3043F0020385F8323003B0BDE8F08FF2
:10619000CBF5007400220AF50470B44228BF3446DF
:1061A00006F0BCFE0028E8D000EB0B012246384682
:1061B00008F0ACFA2346D2E7AA6996E795F833309F
:1061C0005B060ED5AA6901328EE7DAF814023A4668
:1061D00003681B6998470028CFD04FF400731C4612
:1061E000BDE74A465046A96901F0F4FD0028C4DB2A
:1061F0000CD0D5F820A0AA6977E795F831301907B7
:106200007FF558AF49E7A1EB020853E795F8313025
:1062100013F0500FB1D0A8EB06084046AAE700BF24
:10622000F0B583B00122044685690DF10701D0E97C
:106230000067FFF725FF0128A5610CBF9DF8070047
:106240004FF0FF30C4E9006703B0F0BD2DE9F04F17
:106250001F4690F8313083B00446D0F81880002BE8
:1062600051D01646D0E9001CBC4508BF91425CD015
:1062700056EA07024DD01D0704D5D0E90402B0420A
:10628000BA4140D394F83320751ED4F820A001926F
:1062900047F1FF309AF845240932D2B2C2F1200EFC
:1062A000D540A2F1200900FA0EFB20FA09F045EAD8
:1062B0000B0505430198400633D4481E20FA02F22C
:1062C0004CF1FF3051EA0C0C00FA0EFE20FA09F0F6
:1062D00042EA0E0242EA000201D0954229D25B0650
:1062E0004CBFDAF83434E369A36104F1180906E01D
:1062F000A169013D206A01F06DFD002803DD4A46D9
:10630000002DF5D107E00020C4F8188003B0BDE8E7
:10631000F08F002383610120C4E9006703B0BDE86A
:10632000F08FE3692B44A361F5E7012003B0BDE8DA
:10633000F08FAD1AD9E700BF2DE9F04F174690F85E
:1063400031208FB00546002A40F0D7808B4691F867
:10635000311011F0500F00F0D08003F003019A4685
:10636000032900F0CA80013103F0080041EA00036C
:106370000293002F00F0CB80396901F10E08B64975
:10638000A1FB0818DBE900104FEAD808014308F127
:1063900002085FFA88F805D000200021CBF8182009
:1063A000CBE900010024029B264643F040030393FF
:1063B000202206A95846FFF763FE00B3202840F0CC
:1063C0009C809DF918209DF81830002AC0F2A28008
:1063D00034B9DBF80020A2F12009DBF81820019283
:1063E000444501D20134E4B2002B00F01381202295
:1063F00006A958460026FFF743FE0028DED11AF40E
:10640000007F7AD0029B9B0777D5002F75D044453B
:1064100017D2DDF804A0202206A95846FFF730FE67
:10642000631C002861D0202867D12CB9DBF800203C
:10643000DBF818A0A2F12009DCB2A045EBD8CDF81A
:1064400004A03822002128469BF833400BF078FA4C
:10645000DBF82030C4F38014019A2B620823002655
:1064600085F82C4085F831303B68C5E909297B6007
:10647000BE81B8F1000F33D008F1FF39B346DFF821
:10648000DCA15FFA89F9012259462846FFF74AFD47
:10649000044690B390F90020002A2EDB2022002130
:1064A0000BF04EFA002E00F0BC80BBF1010F00F0A3
:1064B000D780C123A3461E3404F81E3CBB8938464E
:1064C0001BB9D7E901239A4205D006F04FFD2BF8FE
:1064D000020FA345F2D101365FFA86FBD845D2D828
:1064E000284600F0FBFA06460DE05846DBF8186037
:1064F00000F024FB002840F0918000231E4685F820
:10650000313085F8333030460FB0BDE8F08F4FF0B2
:10651000030847E756BB444538BF0024852B7FF46A
:1065200047AF31463822284601260BF009FA9DF87C
:106530001C209DF8193085F8303002F03703D20660
:1065400058BF43F0080385F83130DBF80030DBF842
:106550002020203B2A62DBF81820C5E909239BF89C
:106560003330C3F3801385F82C3021E7C02B28D0BB
:10657000C12B7FF43CAF3A4606A9284601F02EFA1B
:10658000E8B1BB89DBB9D7E901329A4217D11AF4D5
:10659000006FB2D11AF4884F70D195F83330980754
:1065A0006CD41AF4806FA8D11AF4804FABD028466F
:1065B000D5E90423FFF74AFE0028A4D19DE706464B
:1065C000F6E6029B85F833309DF819309B0702D51B
:1065D000039B85F833300B9BEB61DDE90823C5E9AC
:1065E0000423DDE90C23C5E90223002FCFD04FF0AF
:1065F00000033A69BB813B687B609DF81B309A427F
:106600007FF4F5AEBE8ABDF81C30F61AB6FA86F6EF
:106610007609CDE6002F7FF4F2AE6EE7CBF8186076
:106620000BE78523237085F8309084F80190DAF821
:106630000030002B46D00DF113020DF1160105A814
:106640009847BDF814306381BDF8163023819DF85A
:10665000133023753FE700BF898888880C4B0420DE
:10666000C02384F801B02370029B63F07F0385F898
:1066700033303B69E370BB8AA3802CE795F8313057
:10668000D9063FF53AAF13F001017FF436AF1AF4A3
:10669000806F89D095F8332092077FF52EAF002BBD
:1066A0003FF42BAFD5E90032134304D0002200237E
:1066B000A961C5E90023284600F082FC00283FF4C8
:1066C0001CAF20E745F621436381E381638202E743
:1066D0002DE9F043002597B0994690F831300192AA
:1066E0001495ADF81450002B3ED191F831300F467F
:1066F00013F0500F38D01378044616462F2B37D09E
:106700004FF0000801AB02AA31462046FFF76AFCB1
:1067100050B3019E3378002B3ED0002302AA3946A5
:106720002046FFF709FEF8B1A44608AD04F1300792
:10673000DCF800000CF1100C5CF80C1CAE465CF8A8
:10674000082C10355CF8043CBC45AEE80F00EFD1D6
:10675000DCF8000008AF2860204600F0BFF984F89C
:10676000318084F83380CDE7002017B0BDE8F08396
:1067700016F8011F2F29FBD00196B1B93822204607
:106780003D6A0BF0DDF8012340222562184684F8AB
:10679000333084F83120E8E74B4602AA39462046D8
:1067A000FFF7CAFD17B0BDE8F0833822002108A822
:1067B0003D6A0BF0C5F8012308AF10958DF85330F2
:1067C00040238DF851309BE719B101F58961FFF73E
:1067D0007FBF0846704700BF90F8313063B991F829
:1067E000313013F0500F07D00B6813F01F0C03D19A
:1067F00013466246FFF7A0BD002070478169F8B5D7
:106800000446006A01B10131012201F0A9F9012811
:10681000054632D901230146206A1A4601F000FAE2
:10682000064650B3A3695BB394F83320510612D5E2
:10683000591CA94218D022F04002E16984F83320A3
:1068400005E0206A01F0E8FA3946B0B1A3694F1CAF
:1068500099423A46F5D34FF0FF322946206A01F0BB
:10686000DBFA50B1A16911B93046A561F8BD2A46DD
:10687000206A01F0D1FA0028F6D100263046F8BD92
:1068800094F8333043F0400384F83330ECE700BF32
:1068900090F833309A0736D5C16970B50546A1B96D
:1068A0000024214607E0037803F07F03037095F886
:1068B00030308B4229D3013401222846FFF732FBC6
:1068C000E1B20028EFD1002070BD5B06006A34D52C
:1068D00090F84534D5E902240933013ADBB244F19A
:1068E000FF34C3F1200CDA40203B04FA0CFC24FAFC
:1068F00003F342EA0C021A430023013201F090F93B
:106900000028CDD1DFE70020704700232C6A85F8EE
:106910003130204685F8333006F0D4FA0028D2D042
:1069200004F5047006F0CEFA0028CCD0D4F8400468
:106930000368BDE870401B6A184701F08DFA002813
:10694000AED1C0E790F83130DB0601D400207047AB
:1069500010B5002288B000230446FFF777FC08E05A
:1069600020281BD19DF900309DF80020002B15DB5D
:1069700032B1202269462046FFF782FB0028EFD182
:1069800094F833300822204643F0020384F8312083
:1069900084F83330FFF77CFF08B010BD002008B04A
:1069A00010BD00BF2DE9F0414FF0000882B04A4F02
:1069B00006464446414600223046FFF7B3FA0546F4
:1069C00030B10178C02969D0C1292BD0852909D0DF
:1069D00096F83230002043F0010386F8323002B0DE
:1069E000BDE8F08196F8313003F0370383803B68CF
:1069F00083B10DF103020DF1060101A89847BDF81E
:106A00000630AB812B82BDF80430EB816B829DF8A0
:106A100003306B75326A92F8103243F0010382F84A
:106A200010322978A1F185000022B0FA80F04009E7
:106A300001E00422A95CE303012A02F1010243EA16
:106A4000540311FA83F39CB201D10028F1D11F2A1B
:106A5000F0D908F1010896F830305FFA88F18B42DE
:106A6000A9D2012206F12401306A01F055F900286B
:106A7000AED0356A4480284606F024FA0028A7D014
:106A800005F5047006F01EFA0028A1D0D5F84004E0
:106A900003681B6A98470028A1D199E796F833301C
:106AA00013F0400F437814BF43F0020303F0FD03DB
:106AB0004370D6E90401D6E90732C5E90201D6E9F7
:106AC00002016B61C5E9060192F8103243F001033F
:106AD00082F810322978A5E70C4B042038B590F8DD
:106AE000313043B390F93320044690F83330002A14
:106AF0000CDB056A284606F0E5F978B994F83230DF
:106B0000002043F0010384F8323038BD03F07F03E6
:106B100080F83330BDE83840FFF744BF05F5047016
:106B200006F0D0F90028E9D0D5F8400403681B6AC4
:106B300098470028E2D0012038BD00BF70B590F81A
:106B4000313005465A064CD480682B6AD3F83C3461
:106B50001844B0F1806F01D3002070BD2846FFF7C4
:106B60004DFE0028F8D0286A0024AE6990F845341C
:106B7000023E9E40D0F82C341E443119052200F507
:106B80000470013406F0CAF94FF4007200210028A5
:106B9000E2D00AF0D5FE286A012390F845249340FC
:106BA0009C42EAD395F831305B0615D495F8332032
:106BB00062F07F02D5E9023185F83320D0F83C2419
:106BC0009B1841F10000AB60D5E90431E8609B18E7
:106BD00041F10001C5E904312846BDE87040FFF7E6
:106BE0007DBF006A01F03EFAAFE700BFF0B51E4678
:106BF00083B052EA060336D090F8333004469B0740
:106C000031D5C16979BB006A1546013A90F845341F
:106C100046F1FF3C0933DBB2C3F12007DA40203BE9
:106C20000CFA07F72CFA03F33A431A4301320192A4
:106C300000F096FF0128074615D90146019A012365
:106C4000206A00F0EDFF70B194F833302046E76120
:106C500063F03F03C4E9025684F8333003B0BDE863
:106C6000F040FFF73BBF002003B0F0BD70B5044615
:106C700090F831009CB0002310F0180F0C931A9379
:106C800003D0206A0B6A984202D000201CB070BD6D
:106C900040F601236846FFF71BFD0028F5D0A44607
:106CA00004F130060EADDCF800000CF1100C5CF8BD
:106CB0000C1CAE465CF8082C10355CF8043CB4455E
:106CC000AEE80F00EFD1DCF8000009AA04F12403BC
:106CD00028609DF8305007CA83E8070094F83330E5
:106CE000204684F8305063F07F0384F83330FFF798
:106CF000F5FE0028C9D00021022208230EA8159114
:106D00008DF86B208DF86930FFF7C2FDBEE700BF3C
:106D100038B591F8313013F0500F02D100252846D4
:106D200038BD40F602230446FFF706FB0028F5D0E5
:106D30001023204684F83130FFF700FF0546002875
:106D4000ECD0A169002200232046E161FFF77EFA22
:106D5000C12294F8313084F83320002BDFD0412356
:106D6000204684F83330BDE83840FFF71BBE00BF33
:106D7000F0B5002597B01F4690F831300192ADF87C
:106D800014501495002B46D191F831300E4613F073
:106D9000500F40D01378044611462F2B3ED001AB44
:106DA00002AA2046FFF71EF9002834D0019B1B7869
:106DB000002B41D0002302AA31462046FFF7BCFA3F
:106DC00030B947B302AA31462046FFF7A1FF10B3FE
:106DD000A44608AD04F13006DCF800000CF1100CFC
:106DE0005CF80C1CAE465CF8082C10355CF8043CD2
:106DF000B445AEE80F00EFD1DCF8000008AE286023
:106E00002046FFF7ADF8019901AB02AA2046FFF733
:106E1000E9F80028CAD1002017B0F0BD0131019176
:106E20000B782F2BFAD0316A08A8FFF7C7F8002893
:106E3000F1D0019908AEB2E702AA31462046FFF729
:106E400067FF17B0F0BD00BF2DE9F04F0E4690F878
:106E5000311083B009079DF830B09DF834909DF84B
:106E600038809DF83C7040F18580A2F2BC7294B2EB
:106E70007F2C7FD85A1E0B2A7CD80BF1FF321E2A9A
:106E800078D8B8F13B0F98BFB9F1170F8CBF4FF00E
:106E9000010A4FF0000A3B2F88BF4AF0010ABAF1FD
:106EA000000F67D105460193FFF718FE002861D057
:106EB000019B51464BEA431B7B0817F001074BEA45
:106EC0004424D34643EA481818BF6427A4B248EACA
:106ED000C92806F001091FFA88F800222846FFF7A2
:106EE00021F8002846D090F800C0BCF1850F45D0AD
:106EF0000CF14003DBB2012B3CD8ACF1850100233F
:106F0000B1FA81F1490902E0042310F803C04FEA05
:106F1000CB32012B03F1010342EA5B021CFA82F23D
:106F20001FFA82FB01D10029EED11F2BEDD90AF106
:106F3000010A95F830305FFA8AF18B42CDD20122F6
:106F400005F12401286A00F0E7FE98B12C6AA0F848
:106F500002B0204605F0B6FF60B104F5047005F0FC
:106F6000B1FF38B1D4F8400403681B6A03B0BDE830
:106F7000F04F1847002003B0BDE8F08F95F831308E
:106F80002A6A03F03703838092F8103243F001033A
:106F900082F81032B9F1000F02D0A0F810804482BC
:106FA000B20703D50775A0F808804481730703D59D
:106FB0004775A0F80C80C48190F800C09DE700BF21
:106FC00090F833309A0762D570B5C56982B004462F
:106FD000A5B313F0400634D0006AA26890F845C407
:106FE000013AE1680CF1090C41F1FF315FFA8CFCC8
:106FF000CCF1200E22FA0CF2ACF1200C01FA0EFEBC
:1070000021FA0CFCA16942EA0E0242EA0C020132AA
:1070100019B3013D6D1A01312A44019172BB63F02D
:107020007F03204694ED007B84F8333084ED027BAF
:1070300084ED047BFFF752FD02B070BD012002B069
:1070400070BD816961B90195C1612946206A00F06E
:1070500003FFC8B194F83330E1E70195E161DDE762
:1070600001AA006A019600F0B5FE00280CDB10D1E1
:10707000019D002DE9D194F83330D0E70023019928
:1070800000F0CEFD0028E5D1002002B070BD002048
:1070900070474FF0FF32A169206A00F0BDFE002862
:1070A000E6D1F1E72DE9F04390F8333083B00446A0
:1070B0009D0740F1A18091461A070E4600F1958088
:1070C000B9F1000F00F0288123684D46206AA169BC
:1070D000D0F8382402EA0308C8F30807B8F1000F13
:1070E00040F09480002900F0D48094F833305B069F
:1070F00040F1EC8090F845C4D4E902320CF1090C5F
:10710000013B5FFA8CFC42F1FF32CCF1200E23FAF6
:107110000CF3ACF1200C02FA0EFE22FA0CFCE26930
:1071200043EA0E0343EA0C031344994280F0D580EE
:107130000131A16190F845240239D0F82C349140F6
:107140001944B5F5007FC0F08A80B5F5806FC0F0B6
:10715000A680012393406A0AA3EB0803934228BF49
:107160001346D0F81C228A424FEA432809D35F18FD
:10717000BA4206D2002280F810224FF0FF32C0F847
:107180001C22D0F8140232460768BF6AB84798B389
:1071900043464644A5EB0805D4E90072D4E904014E
:1071A000DB1942F1000298429141C4E9003207D252
:1071B00094F8331061F07F01C4E9043284F833108D
:1071C000002D83D1D4E9020198429141C0F096800C
:1071D000534B1B68002B00F09D8094F833304846D9
:1071E00063F07F0384F833300DE0D0E90423FFF728
:1071F0002DF800287FF464AF94F83230002043F07B
:10720000010384F8323003B0BDE8F08390F84524E0
:1072100002394FEA5828D0F82C349140414419449F
:10722000002F8ED0C7F50078012200F50470A84524
:1072300028BFA84605F072FE0028DDD03844474438
:107240004246314607F062FAB7F5007F206A9FD1C7
:1072500000F5047005F036FE002899D1CCE762688D
:10726000636900920193226923689342DDE9002358
:107270009A4112D2012200F5047005F04FFE002859
:10728000BAD02A4631463844A84607F03FFA2B4682
:107290007FE7E16949B3A1614CE70522EBE7D0F84C
:1072A0001C328B4206D1002380F810324FF0FF339E
:1072B000C0F81C32D0F81402324603685B6A984763
:1072C000002899D04FF40073984662E704F1180241
:1072D00000F080FD00288FDB04D12046FFF78EFAF6
:1072E000002889D0A169206A24E72046FFF786FAA2
:1072F000002881D0A169206AE1611BE794F833106E
:107300004846C4E9023261F07F0384F8333003B0A9
:10731000BDE8F083484676E7D4E9003252E700BF83
:107320000C4B042069B170B5054608460C460AF0BE
:10733000E7FB2B680246214628465B68BDE87040A3
:10734000184770478368C3F3080383B1002110B462
:107350000269D1540133B3F5007FF9D10168D0E956
:1073600003321C681846636A5DF8044B1847012015
:10737000704700BF82680346006940F2FF1CC2F3F9
:10738000080281546245586801EB7001986800F169
:107390000100C3E9011001D001207047D8681968C5
:1073A00010B404684A1C646A1A601A6923465DF8BE
:1073B000044B184738B58368CAB20D460169C3F358
:1073C000080340F2FF1C0446CA546345416802EBBF
:1073D00071024260826802F10102826005D0290ACE
:1073E0002046BDE83840FFF7C5BF0168C0684A1CA9
:1073F00003685B6A2260226998470028EFD138BD94
:10740000F8B50023064601601D46C0E90133A8B265
:1074100005F0C0FEA842044607D0C1B23046FFF7CF
:10742000A9FF00283BD10020F8BD6C1CB4F5803FBB
:1074300004D12AE00134B4F5803F04D0A0B205F0B5
:10744000A9FEA042F6D0671BB7F5007F1DD34FF60B
:10745000FF713046FFF7AEFF0028E4D0B9B23046E6
:10746000FFF7A8FF0028DED02546B5F5803FCED136
:107470003046BDE8F840FFF765BFC5F30721304649
:107480000135FFF777FF0028CDD0A542E9B230469D
:10749000EBD2FFF76FFF0028EFD10020F8BDC4F357
:1074A00007213046FFF766FF0028BCD00135DCE736
:1074B0002DE9F04F1F4689B00B680D460490144625
:1074C000C16002610846DB699847B0F5801F0090F3
:1074D000C0F0D88000230122009E01335200DBB2AD
:1074E00001D09642F9D81C2B009640F2B780A3F148
:1074F0000B08012248FA02F1C8F347088A400291BA
:107500000792013301225B109A40069204229A40AE
:107510000392022202FA03F30193009A0021039BD3
:107520002046029E4FF0010AD31A4FF400724AF629
:10753000552BF34003FA06F90593019E0AF000FA71
:10754000FF2384F8BFA184F8C0A1B14484F8C431FA
:10755000224684F8C53107230021284684F8C23129
:10756000FE23C4F8C66184F8C3312B68C4F8CA91FD
:107570005B6AA4F8FEB19847002863D04FF400720C
:10758000002120460AF0DCF9009B84F86D804FF062
:1075900000086366F421059B04F17800069AE36510
:1075A0002023266423726372A372EB23A6654646EA
:1075B00023707623C4F848906370902384F86EA0FB
:1075C000A3704523E370582323714623637141233D
:1075D000A3715423E371042323664FF48073A4F84A
:1075E0006830092384F86C308023C4E9142284F8BD
:1075F0006F304FF4C3720AF0A3F9A4F8FEB1A8F1FA
:107600006A03012B06D9B8F1700F03D014F80830C3
:1076100003EB760608F10108B8F5007FEFD12B687F
:107620002246DDF8049028465B6A4946984748B1EF
:107630002B684946224628465B6A0C31CDF80490F7
:10764000984740BB2FB13B680F22B84938465B686A
:1076500098470026304609B0BDE8F08F1A2B4FF04E
:10766000080800F2A6814FF48043CDF8088001930A
:107670004FF4004303934FF4807307934FF4005388
:1076800006934AE7002FE4D03B681522A849384604
:107690005B689847D7E742460021204609F1010A76
:1076A0000AF04EF94AF6552309F1090204F2FF19CE
:1076B000A4F8FE3100239346A04601E018F8013FEC
:1076C000C14503EB7606F9D12B6822465146284680
:1076D0005B6A98470028B5D02B6822460AF10C0156
:1076E00028465B6A98470028ACD00AF101039B4505
:1076F00002D09A462378DFE74FF40072002120463B
:107700009B460AF01DF900220AF1030A114623469E
:1077100001E013F8011F984501EB7606F9D12B68BB
:107720002246594628465B6A984700288AD02B682B
:1077300022460BF10C0128465B6A9847002881D04D
:107740000BF101018A456AD1231F04F5FE7243F84B
:10775000046F9A42FBD12B68224628465B6A984701
:1077600000283FF46FAF2B680BF10D01224628462D
:107770005B6A984700283FF465AF2FB13B680C2245
:107780006C4938465B689847069A0021019B204661
:10779000002613444FF400729946059B4FEA830874
:1077A0000AF0CEF823464FF0FF3208F20728F821FE
:1077B000B7F1000B4FEA582A03F8011B4FEA98383B
:1077C000C4F8012018BF4FF0010BDA605A609A60CC
:1077D000C3F80F2002E00136B24523D0B6FBF8F320
:1077E00008FB136343B9BBF1000F05D03B680122CE
:1077F000514938465B6898472B6809EB06012246D9
:1078000028465B6A984700283FF41CAF002EE2D15F
:1078100031464FF4007220460AF092F8DBE78B46BF
:10782000217874E7002F34D03B6802224349384660
:107830005B689847059E079A0736F60806F2FF131D
:10784000B2EB532F4FEA5329FFF4FDAE4FF4007211
:10785000002120460AF074F807232370B9F1000FC5
:1078600000F08A804FF0000808E0B8F1000F01D165
:1078700084F8008008F10108C1457BD9039A2846A5
:107880002B6802EB080122465B6A98470028ECD17E
:10789000D8E6059E079A0736F60806F2FF13B2EB04
:1078A000532F4FEA5329FFF4D4AE4FF400723946F8
:1078B00020460AF045F807232370B9F1000FD1D113
:1078C000039B079A04989918FFF79AFD00283FF444
:1078D000C0AE029A4FF400739340049A92689A42A1
:1078E0003FF6B7AE4FF00208029B4FF40072002142
:1078F00008FA03F9039B204699440AF021F88122F3
:107900000323049909F1FF3984F82020822223708F
:1079100084F84020C4E90D864A684FF00108636589
:1079200062648B68A3650023E3650EE0CC1F002032
:10793000681F0020801F0020901F0020A81F00202B
:10794000079B98453BD208F101082B6809EB080119
:10795000224628465B6A9847064600283FF472AEE6
:10796000B8F1010FECD14FF400720021204609F06C
:10797000E7FFE8E7002FA3D03B68162214493846FA
:107980005B689847039B079A04989918FFF738FD9E
:1079900000283FF458AE029A4FF400739340049AC3
:1079A00092689A423FF64FAE0A493846FFF7BAFC52
:1079B00098E74FF48072CDF808800792A1E5002F78
:1079C0003FF448AE04493846FFF7ACFC42E600BF3E
:1079D000941F0020AC1F0020BC1F00202DE9F041A7
:1079E0000C46154601F11E08AB89284634F8027F83
:1079F0001BB9D5E901239A420ED005F0B7FA05F07C
:107A0000C9FB0646384605F0C5FB864209D1444508
:107A1000EAD10120BDE8F081B7FA87F04009BDE85E
:107A2000F0810020BDE8F0812DE9F04F90F8313071
:107A300083B08846002B4FD090F830300746012B9A
:107A400053D9013A0B464FF0020A00248E18DFF892
:107A5000A0B00022514638460193FEF763FA002891
:107A60003AD00278C12A37D1054600F11E09019BA0
:107A700035F8020F24B300F5105292B2B2F5806FC0
:107A80002AD20BEA8424C0F30900204300F5803099
:107A90001946324605F0E0FA0346E8B100244D45A8
:107AA000E6D10AF1010A97F830205FFA8AFA5245C6
:107AB000CFD2A3EB08009846002388F800300FE0EF
:107AC00000F5205292B2B2F5006F02D30028DFD148
:107AD000EFE7B2F5806F06D30023184688F8003030
:107AE00003B0BDE8F08F0446D9E70020E4E700BF0B
:107AF00000FC0F0070B50C4600234FF6FF7522689E
:107B000019461E46A3812361626017E005F02EFA34
:107B1000A84222D005F03EFB2369F203A18901337C
:107B200042EA5602060A236152FA80F083B2C0F399
:107B30004E0040EAC33016FA80F086B22046002993
:107B4000E4D1D4E901239A42E0D12069A682013828
:107B5000FE288CBF0020012070BD002070BD00BF3A
:107B60002DE9F84F07468A469146002942D0A1F1F7
:107B70000208D7F83034434542D908F007030125FD
:107B8000C8F3C80B9D40EDB246464446D7F82C14C6
:107B90000022384601EB143105F0C0F9E8B10BF1D1
:107BA000FF3B834400F2FF101BF8011F0AE04A4527
:107BB0002BD0A04510D0D7F83054A54214D913F0DB
:107BC000FF050CD0013429424FEA4503A4EB06021D
:107BD000EDD0A0452646EED10120BDE8F88F5845EE
:107BE0004FF00105E0D101E00026344601254FF0B9
:107BF000000BCBE7D0F82084D7F830344345BCD80D
:107C00004FF000080125C346BEE7BAF1000F04D1CA
:107C1000B9F1010F08BFC7F82064B01CBDE8F88FA8
:107C20002DE9F8438046881E15461E468318D8F86D
:107C30003024934237D8CEBBD8F82034834288BF53
:107C4000C8F8200400F007030124D8F82C74C0F30E
:107C5000C8099C4007EB1031E4B2012240468F185E
:107C600005F05CF9F8B109F1FF3E864400F2FF101F
:107C70001EF801CF1CEA040F8CEA040C4FEA4404FE
:107C800014BF01220022B2420DD0013D8EF800C087
:107C900018D014F0FF04EDD17045A1464FF0010457
:107CA000E6D13946D9E70020BDE8F883D8F820149A
:107CB0008B42C7D98142C5D3934228BF0023C8F85D
:107CC0002034BFE70120BDE8F88300BFF8B5D0F845
:107CD000303401338B4201D20020F8BD07460C46F8
:107CE00000F50476002505E0D7F83034013501337E
:107CF000A342F1D3D7F824140022304601EBD4116B
:107D000005F00CF9A4000028E6D0C4F308040459D7
:107D1000631CE9D1681CF8BD38B50C460B6890F8B7
:107D200045C400F50470D0F82812023B656803FAD8
:107D30000CF3294003EB5123D0F81C12194405F031
:107D4000EDF818B16368C3F30803184438BD00BFE9
:107D50002DE9F8430C46D0F8383449680B401144FB
:107D60006160134490F8451401F10902D2B2D34086
:107D70002BB380465D1E00F5047905E02368013DC4
:107D800003F1010323601AD3267A002EF6D1D8F826
:107D9000303432462768484601339F4212D8D8F81B
:107DA000241401EBD71105F0B9F8BF0050B1C7F3A7
:107DB0000807C3595A1C09D0013D2360E4D20120B1
:107DC000BDE8F8834FF0FF30BDE8F8833046BDE8EA
:107DD000F88300BF38B5D0F8303401338B4202D27B
:107DE0004FF0FF3038BD0C46D0F82414154600F58E
:107DF0000470002201EBD41105F090F80028EFD0B8
:107E0000A400C4F3080403595A1C02D001202B60BB
:107E100038BD002038BD00BF01291BD938B5D0F8C6
:107E200030340C4601338B4201D2002038BDD0F8EB
:107E30002414154600F50470012201EBD41105F05D
:107E40006DF803460028F0D0A4000120C4F3080414
:107E50001D5138BD00207047D0F8303401339942AD
:107E600001D9002070472DE9F04F054683B00C463C
:107E700000F504790F464FF00008D5F824140022CD
:107E800048464FEAD41B01EBD41105F047F890B1F6
:107E9000A300C3F30803C2580193531C16BF164630
:107EA0004FF0000A4FF0010A012C04D9D5F8302414
:107EB0000132944203D9002003B0BDE8F08FD5F819
:107EC000241401224846594405F028F80028F2D02D
:107ED000019B40F80380BAF1000F12D00134B44284
:107EE00008D00023E21B39462846FFF799FE0028F8
:107EF000E1D03746D5F830340133B342DBD33446D2
:107F0000BBE7621C534639462846D21B03B0BDE886
:107F1000F04FFFF785BE00BF2DE9F8430025064668
:107F2000D0F82C1400F504782C46002240464F1C53
:107F300004F0F4FFA8B100F1FF3E04F58059D6F833
:107F4000300405E079B90834844209D24C4516D092
:107F50001EF8011FFF29F5D1083408358442F5D3F6
:107F6000401BBDE8F8830822012319424FEA430C65
:107F700018BF0135013A5FFA8CF3F6D1E3E73946D1
:107F8000D3E700BFF8B500234FF0FF3600F50477C4
:107F90001546C0F84014044641601A46C0F8141251
:107FA000194680F844340370C66080F81032C0F877
:107FB0001C62384604F0B2FF042D0DD8064658B1B5
:107FC000BDB16B1E00EB031393F8BE2112F07F02CC
:107FD00002D193F8C2310BB90020F8BD00EB0516B1
:107FE0003846D6F8B651294604F098FF06460028D0
:107FF000F2D005221A49F01C09F0F4FC0028EBD15C
:1080000096F86C30092BE7D1336D01462B44C4F848
:108010002434736DC4F82834B36D2B440125C4F89F
:108020002C34F36DC4F83034336EC4F8343496F81D
:108030006D20C4F82004204602F1090384F8452489
:1080400005FA03F35A1EC4F83C34C4F838242A460F
:10805000FFF786FD4023284684F84434F8BD00BF6E
:10806000DC1F002010B50446D0F83414FFF72EFEB4
:1080700094F845340933DBB2984010BD70B590F9DF
:10808000023082B00446002B0DDBA56805F1280004
:1080900004F018FF00283BD16378002043F001036F
:1080A000637002B070BD80680122A169283004F0BD
:1080B00035FF0028F0D0A58805F00F056B0100EB17
:1080C0004515C35CE52BE7D023781B0701D5E36991
:1080D000EB61236A15491A0C6B830E68AA8266B19C
:1080E0000DF103020DF1060101A8B047BDF80430FF
:1080F000BDF806202B836B82EA82A378A56803F083
:108100007F0305F12800A37004F0DCFE0028C3D033
:1081100005F50E7004F0D6FE0028BDD0286803686F
:108120001B6A98470028B7D0BBE700BF0C4B042060
:10813000024638B552F8105F04468068294602F0BE
:1081400047F950B155B123690135AB42A37818BF47
:1081500003F0BF0363F07F03A37038BDA37843F03F
:108160004003F7E7F8B5047814F0200404D11A4B63
:10817000054642699A4202D300273846F8BDFFF708
:10818000D7FF07460028F7D0A8682E698279023EFB
:10819000416996400E440179A9B1214606E009F0F3
:1081A000CFFBA868E1B202798A420BD9314405229B
:1081B0002830013404F0B2FE4FF400720021002890
:1081C000EDD1D9E782794FF400736969384693405D
:1081D00011FA83F36B61F8BD00FE1F0010B5044671
:1081E00080680A462830A16904F098FE20B1A3886F
:1081F00003F00F0300EB431010BD00BF10B5037870
:1082000004462BB1FFF73AFF00232370A37010BD83
:10821000002301202370A37010BD00BF38B5037880
:1082200005460C4613B1FFF729FFF0B1A8680022FC
:10823000A969283004F072FEB8B1AA8802F00F02D2
:1082400000EB421352015D6880589968DA6820603B
:108250006560A160E26018695D699969DA69206109
:1082600001206561A161E26138BD002038BD00BF19
:1082700030B589B00D4614466946FFF7CFFF28B1E7
:10828000BDF81020BDF80E302A80238009B030BD23
:1082900030B589B00D4614466946FFF7BFFF28B1D7
:1082A000BDF81820BDF816302A80238009B030BDF3
:1082B0000B7813F0700F01D100207047F0B540F635
:1082C000022389B00D46044601F016F938B10122A7
:1082D00010232046A2702370FFF744FF10B900203E
:1082E00009B0F0BD2269237822626BB1636933B1B2
:1082F000A378002223F02003C4E90422A3702046BF
:10830000FFF7BCFE0028EAD0A0680122A16928304E
:1083100004F004FE0028E2D0B4F804C010220CF0EF
:108320000F0C4FEA4C1300EB4C1C8CF80B20C05880
:10833000A768236A97F806E09E1EDCF80410DCF8B4
:108340000820DCF80C3006FA0EF6EE46AEE80F0018
:10835000DCF81000DCF81410DCF81820DCF81C3015
:10836000AEE80F007B6907F128000122F1184FF0F9
:108370002033CDF80130CDF80530ADF8093004F0E8
:10838000CDFD84460028AAD02E27EE468DF8007039
:108390007646BEE80F00CCF80000CCF80410CCF80C
:1083A0000820CCF80C308DF80170BEE80F00CCF836
:1083B0001000CCF81410CCF81820CCF81C302B6A24
:1083C0001A0CADF81A30ADF814200FCECCF82000FE
:1083D000CCF82410CCF82820CCF82C300FCECCF8D8
:1083E0003000CCF83410CCF83820CCF83C30A468FD
:1083F00004F1280004F066FD00283FF470AF04F596
:108400000E7004F05FFD00283FF469AF2068036838
:108410001B6A09B0BDE8F040184700BF2DE9F041E4
:10842000002694B0984603780192ADF814600B963C
:10843000002B41D10B780D4613F0700F3CD0137810
:10844000044616462F2B3BD0002728E0019E3678A5
:10845000002E50D001F050F8034602AA29462046CB
:108460002BB9B8F1000F27D0FFF722FF20B3A646A3
:108470000DF12C0CBEE80F00ACE80F00BEE80F00B9
:10848000ACE80F00DEF8005020462378CCF800500E
:108490000BB1FFF7F3FD019E0BAD2770A7703146BE
:1084A00001AB02AA204601F073F9064602AA29464A
:1084B00000232046002EC9D1002014B0BDE8F08171
:1084C0000136019633782F2BFAD0AD682422002193
:1084D0000BA809F035FA0D95EB79102B03D0202B62
:1084E0000FD00C2BE8D120238DF82C3001230BADBD
:1084F0008DF82E30A8E702AAFFF7DAFE14B0BDE827
:10850000F0814023F0E700BF2DE9F041002594B051
:108510009846037801920295ADF83850002B37D178
:108520000B780E4613F0700F32D0137804461546C0
:108530002F2B31D000271EE0019D2D78002D40D03B
:1085400000F0DAFFA6460DF1080C08B36646257860
:10855000BEE80F00ACE80F00BEE80F00ACE80F006B
:10856000DEF800302046CCF800300DB1FFF786FD74
:10857000019D2770A770294601AB0BAA204601F088
:1085800007F905460BAA314600232046002DD3D11A
:10859000002014B0BDE8F0810135019529782F291C
:1085A000FAD0A9B9B5682422204609F0C9F9A56016
:1085B000EB79102B03D0202B22D00C2BE8D12022DA
:1085C0001FE043460BAA00F097FF14B0BDE8F0810E
:1085D000B6682422002102A809F0B2F90496F379C2
:1085E000102B03D0202B03D00C2BD1D1202300E063
:1085F00040238DF80830012302AE8DF80A3099E748
:108600004022012322701846A370C2E719B101F578
:108610008961FFF779BF0846704700BFCB6870B526
:108620000D46044693B906780EB1184670BD8D68A4
:108630002422314609F084F9A560EB79102B18D07B
:10864000202B10D00C2B14D0304670BD24220021DA
:1086500009F076F901201023A0702370D5E90223D8
:10866000A260236270BD4022012322701846A370CD
:1086700070BD2022F8E700BF70B505780DB100206D
:1086800070BD0E4604462422294609F059F9A66019
:10869000F379102B0BD0202B03D00C2B07D02846BE
:1086A00070BD4022012322701846A37070BD2022A5
:1086B000F8E700BF09B338B5837804469B071AD59D
:1086C000036AC3B980680D46013904F12002837939
:1086D0000933DBB2D940013101F0C8FE58B1A378AB
:1086E000227863F01F03E561A3702AB12046BDE83C
:1086F0003840FFF7C3BC002038BD0020704700BFE2
:108700002DE9F04F2DED028B837883B00546DF070E
:1087100040F18C808846017892460E0700F19180E6
:108720008C0608D583685A894369C3EB42139BB210
:108730009A4528BF9A46BAF1000F00F0AF806A69E7
:1087400005F11003880656464FF0000908EE103A6E
:10875000AF68C2F3080B3DD5396A01EB5221BBF17A
:10876000000F51D1B6F5007F4ED37A6B91424BD0BA
:10877000B6F5806FC0F082802878730A800605D431
:108780003879A0EB0900834228BF034691424FEAA3
:1087900043240CD8C818824209D207F12800CDE939
:1087A000001304F08FFBDDE9001300283ED0F86AC7
:1087B000026857694246B847002837D06A69361BB5
:1087C000A04422446A6169D02978C2F3080BAF68DB
:1087D0008806C1D497F8059009EA5229BBF1000F29
:1087E00036D1B9F1000F33D1002A33D14A064CBF3C
:1087F0003A6A2A6A2A61023AB87979698240494418
:108800001144BBF1000FADD0CBF50074002207F18D
:108810002800B44228BF344604F080FB30B100EB9E
:108820000B012246404605F071FFC7E76B784FF019
:10883000FF3043F002036B7003B0BDEC028BBDE868
:10884000F08FC36942699B1A9A4528BF9A4672E71E
:108850002A69D0E70B0705D5AA78540602D52A69FC
:108860000132C7E718EE102A3846296901F06EFE7A
:108870000028DBDB0CD0AF682A69BCE7F86A424607
:1088800003681B6998470028D0D04FF4007495E71F
:108890002B7813F0700FC9D0AAEB060A504603B02C
:1088A000BDEC028BBDE8F08F70B582B001220446AA
:1088B0000DF10701D0E90456FFF722FF01280CBF94
:1088C0009DF807004FF0FF30C4E9045602B070BDB8
:1088D000436913F4F07F30B5044683B0C3F3431506
:1088E00009D0012907D120334361A068383000EB5B
:1088F000451003B030BD01220DF107012046FFF7FE
:10890000FFFE40B2012803D163691F336361ECE7C6
:108910000020EEE72DE9F04103789AB0002613F02D
:10892000180F0896119606D0174683688A68044681
:108930000D469A4203D000201AB0BDE8F081FFF73F
:108940009DFBA6460DF1440CBEE80F00ACE80F00FD
:10895000BEE80F00ACE80F00DEF800303246A16937
:10896000CCF80030A36803F1280004F0D7FA0028FF
:10897000E1D0A288EC4694F8008002F00F0200EBF0
:10898000421E5201DEF804108058DEF80C30DEF88A
:108990000820ACE80F00DEF81410DEF81820DEF82E
:1089A0001C30DEF81000ACE80F0018F008033A465F
:1089B000294640F09B8008A8FFF730FD0028BAD078
:1089C000109EBDF8243000250E990122A3809DF849
:1089D0002330A068E3700B9B2830A161E3608DF821
:1089E00020508DF8225004F099FA0028A3D0A388D3
:1089F00003F00F0300EB4310DDF80D30C0F80D302D
:108A0000DDF81130C0F81130DDF81530C0F8153040
:108A1000DDF81930C0F81930BDF81D30A0F81D3050
:108A20009DF81F30C3779DF80B30C372002E3BD0EA
:108A3000A068B31E2A46817928308B4050F8141C58
:108A4000194404F06BFA054600283FF474AF006A3D
:108A50006F46696AAA6AEB6A0FC7286B696BAA6BD3
:108A6000EB6B0FC73146A06801F092FD00283FF480
:108A700062AFA068236A82792830023B50F8141C48
:108A800093400122194404F049FA064600283FF4B5
:108A900052AF6D460FCD30627162B262F3620FCD9C
:108AA00030637163B263F36300210222082311A8CB
:108AB00019918DF846208DF8443000F0D3FE00283F
:108AC0003FF439AFA46804F1280004F0FBF9002852
:108AD0003FF431AF04F50E7004F0F4F900283FF4D0
:108AE0002AAF206803681B6A984725E740F60123F0
:108AF0006046FFF709FD00287FF463AF1BE700BF66
:108B00000378DA0601D400207047436930B5044683
:108B100083B033B18378002223F02003C0E904221C
:108B2000837000230FE06361A3686A0138339A5CA5
:108B300003EB4513EAB1E52A04D02E2A02D0DB7AF2
:108B40001B0722D5636913F4F07FC3F3431503F1C8
:108B50002003E8D101220DF107012046FFF7D0FDE7
:108B600040B2012803D163691F336361DCE7637896
:108B70005BB9A3780822204643F002032270A37059
:108B800003B0BDE8304000F06DBE002003B030BD42
:108B90002DE9F041037804460769002B39D00D46D2
:108BA0004169A94242D0002D37D018072AD5E26981
:108BB000AA422ED3D4F808C06E1EA2789CF80600F4
:108BC00012F0400F00F10900C0B226FA00F630D1D1
:108BD0004A1EC24009B196422FD25B064CBFDCF858
:108BE0002030236A236104F1100806E02169013E68
:108BF000A06801F0ABFC00280BDD4246002EF5D149
:108C0000A2780CE09A06D5D5A3685B89B5EB431F23
:108C1000F6D900202761BDE8F0818278056122F055
:108C2000200201206561A270BDE8F0810120BDE84D
:108C3000F081236A33442361F1E7B61AD3E700BF1A
:108C40002DE9F0410E46154600212422044698469F
:108C50009DF8187008F074FEB068336A00F13802AD
:108C6000A58005F00F0502EB4512C4E90203D17A95
:108C70000B0711D401F017012170D37A13F0180FEC
:108C800002D141F00801217008F00303E770012BC5
:108C900038D0022B06D0F3B1002318462370A370FE
:108CA000BDE8F08103232178CD06F5D4CE07F3D4B7
:108CB00008F0080118F4806F43EA0103A370416BC8
:108CC000958AA161518B41EA054112D019BB63F02D
:108CD0007F03A37010E018F4806FDDD108F0080363
:108CE00043F00103A370416B938AA161518B41EA68
:108CF00003412162D369E36118F4804F04D101205C
:108D0000BDE8F0810223CEE7E1692046FFF740FF8E
:108D10000028F4D1C0E701F03BFC0028BCD0A378C8
:108D2000D5E700BF0378002B45D12DE9F0470B783C
:108D300084B00C4613F0700F30D04B6913F01F0550
:108D40002CD106469046A94601220DF10F0120467E
:108D5000C3F3431A5F09FFF7D3FC40B24FEA4A124C
:108D600001281BD16369A1681F3301F1380C6361CD
:108D70001CF802200CEB4A1C82B12E2A12D0A2F160
:108D8000E500B0FA80F0400960B99CF80B1011F0D2
:108D9000080E12D00F2907D00546D5E7002004B0F1
:108DA000BDE8F0870025CFE75106CDD502F01F05BD
:108DB0009CF80D90C8E70020704785B10CF10A01BE
:108DC00001E01CF8012F4FEACE13614543EA5E0330
:108DD00052FA83F35FFA83FEF3D1CE45DED14346E8
:108DE000BAB2214630460095FFF72AFFD7E700BF09
:108DF00003780BB1FFF742B9012070472DE9F04726
:108E00000E46017882B009079DF828709DF82C90D5
:108E10009DF830A09DF8348018D5A2F2BC7294B2AF
:108E20007F2C13D85A1E01930B2A0FD87A1E1E2AA4
:108E30000CD8BAF13B0F98BFB9F1170F06D8B8F1AB
:108E40003B0F03D80546FFF719F918B9002002B007
:108E5000BDE8F087A8680122A969283004F05EF80F
:108E60000028F3D0019B4FEA5802A98847EA431330
:108E7000F70701F00F0142EA4A1243EA442300EBEC
:108E800041109BB242EAC92248BF4382B40792B262
:108E900008D518F001080382C28118BF4FF064089A
:108EA00080F80D80710701D50383C282AC6804F19C
:108EB000280004F007F80028C8D004F50E7004F06C
:108EC00001F80028C2D0206803681B6A02B0BDE820
:108ED000F047184783789B0727D5036A10B50446E7
:108EE00082B0ABB1016911BB019301621946A06860
:108EF00001F04EFBB0B1A378616963F07F03227883
:108F0000E161A37022B12046FFF7B8F802B010BDAE
:108F1000012002B010BD6FF070422169A06801F01D
:108F200027FB68B9002002B010BD00207047002365
:108F300001AA8068019301F009FB0028F2DBEAD165
:108F4000019B002BD7D0D1E72DE9F0478378054668
:108F50009C0777D588461907914600F1B5806B6963
:108F600013EB09026ED2B9F1000F40D04F464FF01B
:108F7000000AA868C3F308062969447914EA53244F
:108F80003FD1002E3DD100296ED0AA78520676D569
:108F9000EA699A4273D901312961023982794369B8
:108FA00091401944B7F5007F53D3B7F5806F70D364
:108FB00003797A0A1B1B934228BF1346426B8A42ED
:108FC0004FEA432407D35E18B24204D24FF0FF3277
:108FD00080F828A04263C06A42460668B66AB04775
:108FE00080B36B693F1BA04423446B61C1D1EA6924
:108FF0009A4276D2AA784846EB6162F07F03AB7062
:1090000025E0827902394369914019442144002EB8
:10901000C8D0C6F500740122BC4228BF3C462830A7
:1090200003F07CFF70B1304426442246414605F0EF
:109030006DFBB6F5007FA868D3D1283003F042FF5E
:109040000028CED16B78002043F001036B70BDE89F
:10905000F087C6F500746A69EB69BC4228BF3C46DC
:109060009A4205D30522DAE7296A21B3296194E7F8
:10907000AB7813F0200F14BF05220122CFE705F1D2
:10908000100201F063FA0028DCDB24D0A86829690B
:1090900083E7436B8B4204D14FF0FF3380F828A065
:1090A0004363C06A424603685B6A98470028C9D098
:1090B0004FF4007495E72846FFF73AF80028C1D02E
:1090C0002969A868296268E7C169FFF761FD00287E
:1090D0007FF445AFB6E72846FFF72AF80028D5D138
:1090E000B0E7054B1B682BB1AB78484663F07F03B4
:1090F000AB70ACE74846AAE70C4B04202DE9F04FD3
:1091000084468DB01446156898460646894603AFD6
:1091100001934FF0000EBCE80F000FC7BCE80F0032
:109120000FC7DCF8003065603B604346A4F80CE0F4
:10913000002B3FD04FF0010AA9EB0A0103A889B226
:109140004901FFF725FD50B3002103A8FFF7C0FB3D
:10915000074620B300250DE003F008FF804658467F
:1091600004F018F88346404604F014F8834516D1FD
:109170000D2D18D0EAB239463046013500F0E4FE34
:10918000A38983462046002BE6D1D4E901329342DD
:10919000E2D1BBFA8BF040090DB0BDE8F08F0020A2
:1091A0000DB0BDE8F08F0AF1010A019B5FFA8AFA5F
:1091B0005345C1D20120EFE72DE9F04F07468DB0AE
:1091C00016469A460DF10C0C02F1150402F1200529
:1091D00001914FF000090FCFACE80F000FCFACE8C2
:1091E0000F003B68CCF800304FEAC91314F8012F88
:1091F00043EA5903A54252FA83F35FFA83F9F3D1A4
:1092000033684FF000087360A6F80C80BAF1000FC5
:109210004ED00127019B03A8D91B89B24901FFF752
:10922000B7FC002855D0002103A8FFF751FB002808
:109230004FD0059A574500F1010B4FF0010492F809
:1092400028304FF0000543F0010382F828304FF03A
:109250000F030CBF47F040023A46C3724FF00003C1
:10926000027003734FF0000380F80D90438306E013
:10927000ABF80000013401350BF1020BE4B2B08908
:1092800018B9D6E901239A4216D0304603F06EFE93
:10929000042DEBB2ECD90A2B02D8ABF80300E9E7B6
:1092A0000D2CABF80500E5D10137FFB2BA45B1D2BC
:1092B00001200DB0BDE8F08FB8F1000F06D008F125
:1092C00001084FF6FF705FFA88F8E1E74FF00108F8
:1092D000DEE700200DB0BDE8F08F00BF02464FF082
:1092E000203152F8163B2DE9F043C0F8161086469F
:1092F00084685160C2F807101A782E2A14BF012022
:10930000002003D113F8012F2E2AFBD0611E9942B1
:109310000BD90A4602E09342114606D01146013AA3
:1093200091F800C0BCF12E0FF5D19C424FF0000522
:1093300040F2868007260827A946A84606E00133A2
:109340000A264FF0080910279C425BD91A782E2A6A
:1093500008BF9942F3D0222A0DD07C2A0BD0A2F16B
:109360005B0CBCF1020F06D9A2F12A0CBCF1050F6F
:1093700021D82D2A1FD002F0C002802A5DD04E4590
:109380002FD299422CBF002001200A2E08BF40F0A6
:109390000100002847D09EF81630202B40D09EF8C0
:1093A000143001207E21312273448EF81500997506
:1093B000DA75BDE8F083A2F13A0CBCF1050FDAD9F9
:1093C000A2F1210CBCF15D0FD5D84E45D9D3A2F145
:1093D000610CBCF1190F28D8203A3D43D2B2EDB24E
:1093E00001E000205F2209F1010CF144013389F80A
:1093F00016205FFA8CF2062A914698BF8EF8142048
:109400009C42A3D89EF81630202B09D00028C6D045
:1094100018EA050F18BF02258EF81550BDE8F08335
:109420000020BDE8F0830B468EE7A2F1410CBCF1B1
:10943000190F98BF47EA0808D5E70133002083E7F2
:10944000A846DFE72DE9F84F4FF0620900250F46E7
:109450000446DFF8A0B04FF07E0A91F8148001F1C5
:109460001606B8F1030FDBF8003028BF4FF00308F1
:109470002B449DB208F10403DBB205F00F02581E25
:109480002D09092A02F1370198BF02F13001FA18BB
:10949000C3B291759845F0D107EB0803002120462F
:1094A00083F816A0FFF774FB01212046FFF710FA9E
:1094B00003460B2230469BB193F800C01946BCF11D
:1094C000000F13D0DB7A1B07EED408F009FA00284E
:1094D000EAD109F1FF3919F0FF09C2D1484603E08A
:1094E0006078B0FA80F04009BDE8F88F0120BDE84F
:1094F000F88F00BF644606202DE9F04F2DED028B5A
:109500008BB0CDE902038B6807930B7813F0700FD3
:1095100053D0029B1B78002B4FD1136990469A4A77
:109520000E460C33A2FB0323C3F3870298F81530D1
:109530009807049200F0A780571CFFB20023304622
:1095400019461C460693FFF723FB08F11603A346B2
:10955000A146A24608EE103A0594756900213046EE
:10956000FFF7B6F9C5F34F15034620B30278E52A95
:1095700029D042B3BC4238BF00242E2A2BD090F809
:109580000BC0BCF10F0F54D01CF0080C23D1B9F163
:10959000000F40F0D5800B2218EE101A08F0A0F949
:1095A0000028DAD198F8153013F0010300F0E480B8
:1095B00001230593D1E7737883B100200BB0BDEC94
:1095C000028BBDE8F08F002C08BFAA46BC4201D236
:1095D0000134E4B212B14FF00009BEE7039B9A05D3
:1095E000EBD503F00303013B012BE6D8002C08BFA9
:1095F000AA46BC4203D348E0DCB2A74245D00021D2
:109600003046FFF765F9631C0028F5D17378002B0D
:10961000D3D1A74239D9079D05E02B7904EB031478
:10962000E4B2A74231D93046FEF79CFD0028F4D1C0
:10963000C3E7B9F1000F19D102F01F0B0499594586
:109640008BD112F0400988D0437B89460693BBF149
:10965000010F82D1691C4B464246304689B2FFF762
:109660004DFD002808BF4FF0000976E70BF1FF3BE6
:109670005FFA8BFB5A45AED1437B069A9342E6D004
:109680004FF0000969E7012758E7059B2BB14146D8
:109690003046FFF7D7FE00288FD0013F42463046C4
:1096A000FBB20AEB03051F46ADB22946FFF784FD66
:1096B000002882D069013046FFF76AFA00283FF49B
:1096C0007CAF00213046FFF703F9044600283FF441
:1096D00074AF2022002108F033F9D8F81620D8F80A
:1096E0001A302260636098F82030B8F81E20A37208
:1096F000228198F8153003F018032373234B1B685D
:10970000002B3BD00DF123020DF1260109A898474B
:10971000BDF824302382BDF82630E3819DF8233044
:109720006373079A92F8283043F0010382F82830D7
:10973000039B2A46314602980097FFF781FA3DE7DE
:10974000BBF1010F7FF439AF0A3001E013F8012FAC
:109750004FEACC11984241EA5C0152FA81F25FFA79
:1097600082FCF3D1069B63457FF427AF4F46039BF2
:1097700019053FF522AFDBE71F46F8E745F6214321
:10978000238223836382CCE74FECC44E0C4B04202E
:109790002DE9F0411F460B7882B00C46202B154670
:1097A00003D114F8013F202BFBD02C60237863B346
:1097B0002F2B2AD04FF00008294E211D204601AA48
:1097C00003F09CFC044670B1019BB3F5803F40D28E
:1097D0007F2B08F1010831D83C2BD9B229D8212997
:1097E00005D81F2909D8002002B0BDE8F081223930
:1097F000C9B226FA01F1CA07F5D42E2B01D0202BCD
:109800001CD123780BB12F2BD7D12B69013BFE2B19
:10981000E9D82378202B03D114F8013F202BFBD06B
:109820002F2BF9D028463C6002B0BDE8F041FFF78D
:1098300055BD5C29D7D005D97C29D4D0C5F8108076
:10984000AC60DEE73E390129F8D8002002B0BDE85F
:10985000F08108F10208AC60C5F81080D1E700BFC4
:1098600001210005F0B500238BB0019383789A079E
:1098700024D5016A054619B1806800F089FEE8B177
:1098800001212846FEF7AAFCC0B1421E00F10A0CD5
:109890000024E30112F8011F43EA5403944551FAEE
:1098A00083F3DCB2F5D1E52600230670AF682B7098
:1098B00007F12800AB7003F005FB10B900200BB0D6
:1098C000F0BD07F50E7003F0FDFA0028F6D03868F9
:1098D00003681B6A98470028F0D0EB78002BEED085
:1098E000294601A8FEF79AFE0028E7D0EB78002B66
:1098F000E4D0012721E001A8FEF7EAFF7B1CF9B2C2
:109900000028DBD0C27A0F2AD8D102785FFA83FC14
:109910009FB202F01F038B42D0D1437BA342CDD133
:109920000670A96891F8283043F0010381F82830C7
:1099300053060DD4EB786345C0D3A98801A8C91B91
:1099400089B24901FFF724F900210028D3D1B5E7F6
:10995000AC6804F1280003F0B5FA0028AED004F595
:109960000E7003F0AFFA0028A8D0206803681B6AC5
:109970009847A4E72DE9F843DDF82090A2B1054609
:109980000C469846571801E0BC420DD02B68204683
:1099900049465E6AC0472146024628460134B04720
:1099A0000028F1D1BDE8F8830120BDE8F88300BFAD
:1099B000486810B50C4630B10B894A8901339BB217
:1099C0009A420B8101D9206810BD03680122034926
:1099D0005B68984700232068238110BD901F0020FA
:1099E0002DE9F04F054687B08846924600214FF496
:1099F0000072406A07F0A4FF286A28B103680C22AD
:109A00003A495B689847286A6B6A4FF00009EE692B
:109A10000AF1FF32DFF8E0C0E968ADF814904C1CA1
:109A2000CDE903304FEA5A13ADF816303368DF6AD8
:109A3000674526D16AB301EB0A07DFF8C0A00AE048
:109A40002146039A30460134D84700283FD0A74228
:109A50001ED033680498D3F824B00028F0D0BDF8A5
:109A60001430BDF8162001339BB29A42ADF8143081
:109A7000E6D80368514601225B689847ADF8149018
:109A8000DEE703AB214630460093194BB847F0B1EF
:109A9000286A20B10368022216495B689847B8F12A
:109AA000100F4FF0F8016A6A4FF001030CBF042059
:109AB0000C201170FF216A6AD15401339842FAD107
:109AC000E8696A6A0368E9685B6A984718B9002020
:109AD00007B0BDE8F08FD5E90231E86919446A6A38
:109AE00003685B6A984707B0BDE8F08F801F0020CD
:109AF000F1770000A81F0020B5770000901F00201C
:109B000038B5436A4FF40075044600212A461846CA
:109B100007F016FF4FF02031EB22A0F80B50C0F8F1
:109B200003100346C0F80710902102707620997048
:109B30000222587094F82B1059734AF65521208D43
:109B40001A74F822D8815A752269DA61A269A3F8D9
:109B5000FE111A6238BD00BF70B504464FF40072A2
:109B60000021406A07F0ECFE656A2269216805F26F
:109B7000BF1003F021FAA369226905F2C31021681E
:109B80001A44013A03F018FA94F82A204AF65523A9
:109B900085F8C2212269E069C5F8C621626AA16917
:109BA000A5F8FE310368C5F8CA1100215B6ABDE85B
:109BB0007040184770B546694FF4807390F82BE0F9
:109BC0000446A6F58072456A4360B2FBFEF202F2DB
:109BD000011C4FEA1C214FEA410C81600CF1A100ED
:109BE00098420ED98033F21AB2FBFEF202F2011152
:109BF000090A4FEA410C0CF1A1008342F2D3C4E9F7
:109C000001311B1AA2F6F57103F18000B1F5704F16
:109C100020614FD20CF1210C8133204602FB0EC291
:109C2000E360B2F5803FA26134BF0423062384F8C9
:109C30002A3001232385FFF78FFF08B9002070BD6C
:109C40002046FFF75DFF2922A1684FF0203385F8F9
:109C500026204622C5F82F30802085F83620542251
:109C6000C5F82B30C5F83230312385F8382036223C
:109C7000E982412185F8393085F837104FF40071B9
:109C800085F8240085F83A200F4BE069C5F82730A5
:109C90000368A5F81110626A21695B6A9847002879
:109CA000CCD062682046E3681021D21ABDE870402B
:109CB000FFF796BE206A0028C0D00368132203492C
:109CC0005B689847002070BD87D61200541F0020A3
:109CD000F8B546694FF4005390F82BC04FF480421A
:109CE000A6F58041036142F2090E0446456A4260CE
:109CF000B1FBFCF101F18103DB0983600EEB430052
:109D0000904240F2B68002F50052B11AB1FBFCF16C
:109D100001F18103DB090EEB43005F008242F2D3C5
:109D2000C4E901234FF6F473994240F2978001FB96
:109D30000C2CA2F500522046D21B92B202F5005321
:109D400022854D4AE360ACF50053944594BF4FF033
:109D50000B0C4FF00C0CA36184F82AC0FFF7FCFE3B
:109D600008B90020F8BD2046FFF7CAFEA1682922E5
:109D70004FF020338020696285F84220542146222A
:109D8000C5F84B3085F840004120C5F84730C5F88C
:109D90004E30022385F85220332285F854103221A8
:109DA00085F8552085F8530085F85610EB62E06978
:109DB000324B334A2B630368C5F843205B6A626AFF
:109DC000216998470028CCD0E069216903680631F1
:109DD000626A5B6A98470028C3D04FF40072002182
:109DE000606A07F0ADFDE069264A0368C5F8FC210A
:109DF00021695B6A0231626A98470028B1D0E06944
:109E0000216903680831626A5B6A98470028A8D014
:109E10004FF0FF33E0691C4AC5E97A331B4B2A60D7
:109E2000C5F8E43103682169626A5B6A01319847C9
:109E3000002896D0E06921690368626A07315B6A8D
:109E4000984700288DD0A268204694F82B30202116
:109E500003EB4202BDE8F840FFF7C2BD206A0028CC
:109E60003FF47FAF0368132209495B6898470020DD
:109E7000F8BD5F0056E700BF0004FB0001000600CC
:109E800087D61200000055AA525261417272416198
:109E9000541F002038B504460D68C161084662624F
:109EA000EA692362904700F2FF736061DB0A062BC8
:109EB000236024D9102B13D80223B0F5800F84F827
:109EC0002B3020462ED2FFF775FE0546206A05B3DB
:109ED00020B103680D2219495B689847284638BDB0
:109EE000202B23D9402B23D9802B23D9B3F5806F86
:109EF00022D9B3F5004F8CBF80234023DDE7206AD1
:109F000020B1036814220E495B6898470025284653
:109F100038BD0028FAD003680F220A495B689847C9
:109F2000284638BDFFF7D4FE0546CFE70423C4E733
:109F30000823C2E71023C0E72023BEE7341F002018
:109F40001C1F0020441F0020042A04D801EB4202F9
:109F5000B2F8010070470A2A03D801EB4202908848
:109F600070470C2A03D801EB4201C88870470020D3
:109F7000704700BFF8B504780E467CB114F0600459
:109F8000174607D0012A09D92F22002301200A7081
:109F90004B70F8BD2146FEF721F918B90023184689
:109FA0003370F8BD0346A446082111E0027B11423C
:109FB00003D00EF1200E5FFA8EFE651CBD42EDD27D
:109FC0000CF1010C06F804E0ECB2BCF10C0F10D05F
:109FD000BCF1080F11D013F801EBAEF14102192AC0
:109FE000E4D9BEF1200FE8D10CF1010CBCF10C0F4B
:109FF000EED1002320463355F8BD1A78202AF8D038
:10A0000010214FF02E0ED8E72DE9F04F00248BB031
:10A01000037889460194002B55D0C3780646002B5F
:10A0200058D0014601A89046FEF7F8FA00284AD019
:10A03000F078002843D008F1FF38CB464FF0010AF2
:10A04000C844B18801A8A1EB0A0189B24901FEF711
:10A050009FFDC0B3002101A8FEF73AFC98B3C37A74
:10A060000F2B30D103785FFA8AF103F01F038B4284
:10A0700029D1471C0025042DEBB23FD83B8874BB87
:10A0800003F5205189B2B1F5006F3ED3A3B1184654
:10A090005946424602F0E0FF8346A0B10024013554
:10A0A00002370D2DE7D10AF1010AF1785FFA8AF340
:10A0B0001FFA8AFA9942C4D2ABEB0900D9460023B1
:10A0C00089F8003003E00023184689F800300BB00F
:10A0D000BDE8F08FFFF74EFF0BB0BDE8F08F03F542
:10A0E000105189B2B1F5806FEDD20A4AC3F309036A
:10A0F00002EA8420184300F58030C9E70A2B94BF98
:10A10000B7F80330B7F80530B9E7B1F5806FDAD2A8
:10A110001C46C4E700FC0F00FFF776BF2DE9F843AB
:10A12000DDE90887C3B181460C4615465E1802E09A
:10A13000C047B44210D0D9F8003021462A464846DC
:10A140001B69984703463A46204629460134002BAE
:10A15000EED11846BDE8F88301231846BDE8F88320
:10A1600010B41468B4F5807FA44628BF4FF4807CF7
:10A1700001EB4C00814207D231F8023B13B953681E
:10A18000013353608842F7D8A4EB0C0414605DF8E7
:10A19000044B704710B41468802CA44628BF4FF0BD
:10A1A000800C01EB8C00814207D251F8043B13B9BB
:10A1B0005368013353608842F7D8A4EB0C04146051
:10A1C0005DF8044B704700BF2DE9F843C37904469E
:10A1D0000D461746202B59D0102B30D00C2B51D1C7
:10A1E000027AC1F34E01836900F50E7911FA85F107
:10A1F000A2F1020248468EB2B2FA82F2C1F34621BF
:10A20000520901EB03085200414602F087FE002884
:10A2100038D0C6F30806731C865DB3F5007F23D0E3
:10A2200018440378EA07E26946EA03234CBF1B0996
:10A23000C3F30B039A4240D20020BDE8F883027AB0
:10A24000C1F30721836900F50E70A2F102021944DF
:10A25000B2FA82F25209520002F060FE90B16D0033
:10A2600005F4FF75435B25E0227A08F101014846B9
:10A27000A2F10202B2FA82F25209520002F04EFE3C
:10A280000028CED14FF0FF30BDE8F883027A816913
:10A2900000F50E70A2F1020201EBD511B2FA82F2C2
:10A2A0005209520002F03AFE0028EBD0AD0005F44E
:10A2B000FE754359E2699A42BED301203B60BDE876
:10A2C000F88300BF2DE9F843C37905460C461646CE
:10A2D000202B48D0102B2DD00C2B41D1C1F34E0197
:10A2E000836900F50E7911FA84F11FFA81F8C1F340
:10A2F0004621CF18037A4846022B394614BF012263
:10A30000032202F00BFE58B314F00104C8F3080353
:10A310003FD0C25C02F00F0242EA0612C25401337F
:10A32000B3F5007F3AD0C6F30712034401201A7038
:10A33000BDE8F883027AC1F30721836900F50E7046
:10A34000022A194414BF0122032202F0E7FD03464A
:10A3500030B16400012004F4FF741E53BDE8F8839B
:10A360000020BDE8F883037A816900F50E70022BA6
:10A3700001EBD41114BF0122032202F0CFFD0346EA
:10A380000028EDD0A400012004F4FE741E51BDE8A5
:10A39000F883C6540133B3F5007F15D12B7A791CAD
:10A3A0004846022B14BF0122032202F0B7FD0346E8
:10A3B0000028D5D0C6F30712002CB7D1197821F0A8
:10A3C0000F0141EA1212B1E7C6F307120344F5E7A1
:10A3D0002DE9F041C46882B005460E468C42904695
:10A3E00040D301270134EB6901AA2846A34205D2D4
:10A3F0009FBBEC6801273C44A3422ED3A64218BF62
:10A40000012C214629D9FFF7DFFE002825DBE9D002
:10A41000019B002BE6D107B1EC60EB69A3421CD392
:10A420006FF0704221462846FFF74CFF0746A0B167
:10A430003EB96B6A002B01DB013B6B62C8F8004040
:10A440000CE0012E09D0EB699E4206D83146224627
:10A450002846FFF737FF0028EBD10027384602B027
:10A46000BDE8F0810C460027BCE700BF2DE9F047AE
:10A47000C4689246C26984B00134012C8CBF0023A9
:10A480000123944288BF43F0010353BB05460E46A7
:10A49000A0464FF001090AE0A04518BF4FF000099F
:10A4A000EB690134A342A0461BD3012C19D92146E4
:10A4B00003AA2846FFF788FE0028B0FA80F310DBD5
:10A4C000039A5B09002A18BF43F00103002BE3D174
:10A4D000621CA2EB0801B14208D01446EB69A3420A
:10A4E000E3D20023184604B0BDE8F087B9F1000FAD
:10A4F00000D0EC60EA69A242F4D36FF070422146CA
:10A5000028460193FFF7DEFE019B81460028E9D033
:10A5100004F1FF3C444522462846614664460CD976
:10A52000BCF1010FDED9EF69BC45DBD80193FFF721
:10A53000C9FE019B0028EBD1D4E76B6A002B01DB3D
:10A540009B1B6B624B46CAF80080CBE701290CD9F4
:10A5500010B4C4698C4203D35DF8044BFFF734BEDA
:10A560004FF0FF305DF8044B70474FF0FF307047FD
:10A5700001290BD910B4C4698C4203D35DF8044B94
:10A58000FFF7A0BE00205DF8044B70470020704725
:10A5900070B5054682B00C461DE0EB699C421FD8A1
:10A5A000FFF712FE064621460022002E284617DB42
:10A5B000EB699C4214D8FFF785FE621E80B16B6A7E
:10A5C000002B03F10103A8BF6B62EB68A342019C5F
:10A5D00088BFEA602EB1012C214601AA2846DCD8AA
:10A5E000002002B070BD00BF2DE9F0470646406A6A
:10A5F00084B000281BDAF2790C2A1BD1F7697B1C86
:10A60000022B40F2CD8002240025214602AA3046CA
:10A61000FFF7DAFD002804F1010306DB57D1A7425A
:10A620001C465CD0F2699342EFD94FF0FF3004B082
:10A63000BDE8F087F169002096F8383201313469BD
:10A64000DB07CDE9021000F1858000214FF0FF33D8
:10A65000202A06F5127786F83812C6F8443242D01E
:10A66000D6F800804F4BD8F80020D6F818A095698E
:10A670009D4278D1002C00F082800AEB0409136916
:10A6800051463A46404698470028CED00299B1F547
:10A69000807F8E4628BF4FF4807E07EB4E0CBC4572
:10A6A0000BD9039D3B46002233F8024B0CB9013510
:10A6B00002469C45F8D802B103950AF1010AA1EBC4
:10A6C0000E01D14502915AD0D8F80020D7E7029A5E
:10A6D000002AA4D1A74205F101051C46A2D12846B3
:10A6E00004B0BDE8F087D6F800A02E4BDAF80020C1
:10A6F000D6F8189095699D4246D1002C3FD009EBC1
:10A700000408136949463A465046984700288CD0B9
:10A71000DDF808C0BCF1800FE64628BF4FF0800E80
:10A7200007EB8E02BA420BD9039D3B46002153F83A
:10A73000044B0CB9013501469A42F8D801B1039592
:10A7400009F10109ACEB0E03C845029317D0DAF802
:10A750000020D6E706F50E7002F0B4FB00283FF4A7
:10A7600064AFF27971E7234602AC3A465146019450
:10A7700040460D4C0094A84700283FF456AF03987C
:10A78000706204B0BDE8F087234602AC3A46494601
:10A7900001945046054C0094A8470028EFD144E7A7
:10A7A000002044E75D7F0000A17F0000D57F00000E
:10A7B00070B500230446154601204FF0FF3204F126
:10A7C00028062160E371E060E162C4F83C1284F87D
:10A7D000283084F838326263C4F84422CDB1042DA5
:10A7E00001D9002070BD1A461946304602F096FB8A
:10A7F0006FF0704300F5DF722B441D0102EB031371
:10A800000028EED019790029EBD0525D5206E8D12C
:10A810009D6800222946304602F080FB0028E0D0E7
:10A82000B0F80B30B3F5007FDBD1037C5A1E2372E6
:10A83000012AD6D8417B4B1E0129217163714FF04B
:10A840000003A37144D0012252000133D2B2DBB223
:10A85000914204D0082BF7D10020A37170BD1E4691
:10A86000A371C18A216109B9416A2161C289B0F825
:10A8700011302A4463815B01A26190F810C003F299
:10A88000FF1301FB0C2202EB53232262B0F81320CA
:10A89000636102B9026AED1AAB18F3405A1CE26117
:10A8A0004FF0FF32626240F6F47293420CD94FF6D9
:10A8B000F47293420AD9C26A202322620120E37112
:10A8C0002163C4F8401270BD0C23F7E71023F5E7AD
:10A8D0001E46C6E7F8B500268F6B0D460446C0E954
:10A8E0000E669FB10146242000F036F9068086707E
:10A8F0008446AD6BA0630FCDACE80F000FCDACE884
:10A900000F002B68CCF800302046F8BDCB6B002B35
:10A91000FAD00146382000F01FF980F831704786E0
:10A920000246EB6BE06303F130071E68103353F807
:10A930000C5C103253F8080C53F8041CBB4242F86C
:10A94000106C42F80C5C42F8080C42F8041CECD184
:10A950001B6820461360F8BD884270B5044621D0BC
:10A96000806B0D4618B1FDF749FC002841D1E06B22
:10A9700018B1FBF7F5FA002841D1AE6BA6B121461C
:10A98000242000F0E9F80023844603808370A0634C
:10A99000AD6B0FCDACE80F000FCDACE80F002B680E
:10A9A000CCF80030204670BDEB6B002BFAD021466E
:10A9B000382000F0D1F880F831604686E063EB6B18
:10A9C00003F1300C1E68103353F80C5C103053F850
:10A9D000081C53F8042C634540F8106C40F80C5CDC
:10A9E00040F8081C40F8042CECD11B68036020469A
:10A9F00070BD0023A363AE6B002EC0D1D4E700234B
:10AA0000AE6BE363002EBAD1CEE700BF10B50446AB
:10AA1000806B10B1FDF7F2FB30B9E06B10B1FBF7C2
:10AA20009FFA20B9002010BD0023A36310BD0023AE
:10AA3000E36310BD002952D02DE9F0410446806B3C
:10AA40000D4617461E4610B1FDF7D8FBA0BBE06BC4
:10AA500010B1FBF785FAB8BBD5F88084B8F1000FC8
:10AA600011D02146242000F077F8334600263A46DC
:10AA700006808670A063D5F88014FDF7C7FD58BB2B
:10AA8000A063BDE8F081D5F8843493B12146382025
:10AA900000F062F8334680F831803A46A0F8328000
:10AAA000E063D5F88414FBF78FFEA8B9E063BDE836
:10AAB000F0810020BDE8F0810023D5F88084A363F5
:10AAC000B8F1000FCDD1DEE70023D5F88084E36331
:10AAD000B8F1000FC5D1D6E70120BDE8F081002014
:10AAE000704700BFF8B50446806B0D46174610B19D
:10AAF000FDF784FB38BBE06B10B1FBF731FA38BBD4
:10AB0000AE6B76B12146242000F026F800213A46AB
:10AB100001808170A063A96BFEF704F988B9A06376
:10AB2000F8BDE86B0028FBD02146382000F014F86F
:10AB30003A4680F831604686E063E96BFBF74CFEED
:10AB400020B10120F8BD0023A363D9E7E063F8BD7D
:10AB50000023E363D4E700BF084670472DE9F041C6
:10AB6000002604469846C0F88814C0F88064014660
:10AB70004FF490601746FFF7EFFF424680F84464B9
:10AB8000054680F87964A0F87A64C4F88404D4F89F
:10AB90008814FDF7F7F9A0BB0026214640F26C406F
:10ABA000C4F88464FFF7D8FF0223C6714246A0F8B8
:10ABB0004864054680F84A640372C4F88004D4F8F7
:10ABC0008814FFF7F5FD38B900231A4A18461360B8
:10ABD000C4F88034BDE8F08105F589663046FDF79C
:10ABE0000DFB29463046FDF747FD0028ECD0124BFF
:10ABF0001A68AAB91D600F4BAFB101201C60BDE8F7
:10AC0000F08105F589663046FBF7AAF929463046FA
:10AC1000FBF7D4F90028BFD0084B1A68002AE9D006
:10AC2000044B002FE9D11A68002AE6D00120BDE8C4
:10AC3000F08100BF1C4C0420204C0420104B042049
:10AC400070B500254FF47A7604464560057386603A
:10AC5000C0E91255034D40F8105BFFF7EBFE2046AC
:10AC600070BD00BF842100204FF0FF30704700BF4F
:10AC7000407C7047007D7047407D704701207047E1
:10AC8000007F70472DE9F0471E46C37C05460C4601
:10AC9000022B9146089F28D02B68214628461B6E20
:10ACA000984798B1AC61B9F1000F12D004EB0908D4
:10ACB00001E0A0450DD039462046B0472B6801463B
:10ACC0002846DB6D013498470028F2D10020BDE80A
:10ACD000F087AB69287F4B44AB610028F7D12B6824
:10ACE00028465B6EBDE8F047184783698B42D3D195
:10ACF000D9E700BF704700BF043002F0B5B800BF0D
:10AD000010B50446202103F09DFD204610BD00BF74
:10AD10002DE9F0411F46C37C05460E46022B144622
:10AD200024D02B68314628461B6E984778B1AE6117
:10AD300087B1002601E0B7420CD02A682146284698
:10AD40000136D26D04F5007490470028F3D100203D
:10AD5000BDE8F081AB69287F3B44AB610028F7D1A7
:10AD60002B6828465B6EBDE8F041184783698B422B
:10AD7000D7D1DDE72DE9F041204E074600F1040868
:10AD8000356805F51675ADB203E03368EB1A1B04A0
:10AD900010D4404602F06CF8FF280446F5D1FD219E
:10ADA000404602F07FF8BB7CCBB900230120FB7446
:10ADB000BDE8F0811E23B87C7B740028F8D0387C75
:10ADC000012102F009F8FF21404602F06BF84046ED
:10ADD00002F022F800231846BB74BDE8F08101217F
:10ADE000387C01F0F9FF2146404602F05BF840460E
:10ADF00002F012F80023BB74D7E700BF64460620B8
:10AE00002DE9F041C37C012B35D0867C04464EB140
:10AE1000043002F02DF8B0F1FF0518BF01252846D7
:10AE2000BDE8F081071D4FF00108384601F0D6FF5C
:10AE30003146207C01F0D0FFFF21384602F032F885
:10AE4000384684F8128002F013F8A37CB0F1FF05B5
:10AE500018BF0125002BE2D04146207C01F0BCFF49
:10AE6000FF21384602F01EF8384601F0D5FF28468B
:10AE7000A674BDE8F08100252846BDE8F08100BF3A
:10AE80002DE9F843204F0446884691463D68061D4B
:10AE900005F59675ADB203E03B68EB1A1B040DD4C3
:10AEA000304601F0E5FFFF282075F5D0FE281AD0C6
:10AEB0001823A07C637430B9BDE8F8831D23A07CFF
:10AEC00063740028F8D0207C012101F085FFFF2168
:10AED000304601F0E7FF304601F09EFF00231846A0
:10AEE000A374BDE8F8834A464146304601F0CCFFE2
:10AEF000207538B9304601F0BBFF304601F0B8FF8D
:10AF00000120D9E72523D4E764460620F0B50027C1
:10AF100083B00C2104463A46C77400F05BF8B0B920
:10AF2000A67C1EB90126304603B0F0BD05460121BE
:10AF3000207C01F051FF201DFF21019001F0B2FFA4
:10AF4000019801F069FF3046A57403B0F0BD0923F4
:10AF5000A67C6374002EE6D0251D207C01213E4690
:10AF600001F03AFFFF21284601F09CFF284601F03E
:10AF700053FF3046A77403B0F0BD00BFC27C022A65
:10AF800003D0012A04D00120704703685B6E184784
:10AF9000FFF7BCBF38B503680D460D4904461A6A71
:10AFA0008A420CD1C27C022A04D0012A0BD0012093
:10AFB000257738BD5B6E98470028F8D138BD90479B
:10AFC0000028FBD0F3E7FFF7A1FF0028F6D0EEE75B
:10AFD000BD8D00002DE9F041036882B00F46354970
:10AFE000019206461A6A8A425ED1C27C022A41D088
:10AFF000012A5BD0B47C002C47D0351D0C2F11D01A
:10B00000DFF8B480D8F8004004F59674A4B204E0E8
:10B01000D8F80030E31A1A0434D4284601F028FF87
:10B02000FF28F5D10DF1040802AC47F04001284695
:10B0300001F038FF14F8011D284601F033FFA04548
:10B04000F8D1002F28464FF00A040CBF9521872124
:10B0500001F028FF284601F00BFF2846013C01F0D3
:10B0600007FF0306A4B2307501D5002CF5D102B05C
:10B07000BDE8F0815B6E98470028BBD1FF2002B08D
:10B08000BDE8F081002FCDD0F8E7351D284601F04E
:10B09000A5FE2146307C01F09FFEFF21284601F0ED
:10B0A00001FF0123B374A9E79047E5E7FFF72EFFFF
:10B0B000E2E700BFBD8D0000644606202DE9F047A1
:10B0C00088B005464FF00008174601AC2E1D85F8E4
:10B0D000128085F8118085F8158084E80E009DF8AF
:10B0E0000400287401F074FE0121287C01F074FE34
:10B0F0006C490723C5E9021394E8070005AB83E810
:10B10000070030460ECB01F073FEAC7C85F813804F
:10B11000002C67D00A240121287C01F05DFEFF216C
:10B12000304601F0BFFE611E11F0FF04F7D1214649
:10B130000A24287C01F050FE002228461146FFF721
:10B1400049FF012804F1FF3304460AD013F0FF043D
:10B15000F2D10123A87C6B74002851D108B0BDE85E
:10B16000F0874FF4D57208212846FFF733FF4207D6
:10B1700057D56C752B68DFF830A19B6D534561D1B5
:10B18000687DA0F10204DFF82491B4FA84F4D9F8C0
:10B190000030640903F5FA68A4071FFA88F805E08F
:10B1A000D9F80030A8EB03031B0449D4372100224F
:10B1B0002846FFF70FFF224629212846FFF70AFFFE
:10B1C0000028EDD12B689B6D534565D1687D022821
:10B1D00049D0AB7CCBBB07230120C5E9027308B083
:10B1E000BDE8F087304601F0F9FD2146287C01F0EA
:10B1F000F3FDFF21304601F055FE0123AB7489E7D2
:10B20000287C012101F0E8FDFF21304601F04AFED3
:10B21000304601F001FE00231846AB7408B0BDE8CB
:10B22000F087022304246B75304601F021FE631E73
:10B23000287513F0FF04F7D1AA289BD0062389E7CD
:10B24000172387E7284698479BE70121287C01F0D0
:10B25000C3FDFF21304601F025FE304601F0DCFD44
:10B260000023AB74B7E700223A212846FFF7B2FE6D
:10B27000A8B9304601F0FCFD00F0C000C02801D1A3
:10B2800003236B75304601F0F3FD304601F0F0FD0D
:10B29000304601F0EDFD9CE72846984797E71223DA
:10B2A00058E700BF801A0600B98A000064460620ED
:10B2B000F8B500220D463A210646FFF78BFEE0B9AD
:10B2C000371D2C1D384601F0D3FD04F8010DA542B1
:10B2D000F8D1B47C14B901242046F8BD307C01219A
:10B2E00001F07AFDFF21384601F0DCFD384601F01F
:10B2F00093FD00232046B374F8BD1223B47C73740D
:10B30000002CE9D0341D307C012101F065FDFF21C6
:10B31000204601F0C7FD204601F07EFD00231C46BB
:10B32000B3742046F8BD00BF70B5164682B0002247
:10B330000446FFF74FFEB0B11B236374A07C08B92D
:10B3400002B070BD251D207C012101F045FDFF21CB
:10B35000284601F0A7FD284601F05EFD00231846AF
:10B36000A37402B070BD0546102231462046FFF797
:10B3700087FD0028E2D0A67C002EE1D0207C0121B0
:10B3800001F02AFD201DFF21019001F08BFD0198A5
:10B3900001F042FD3046A57402B070BD0368254A35
:10B3A000DB6C934200B585B00FD16A460921FFF7E7
:10B3B000BBFF38B19DF8003013F0C00308D0402B1C
:10B3C00027D0002005B05DF804FB69469847F0E7F8
:10B3D0009DF809309DF80A2003F003039DF806103C
:10B3E0009DF807005B0001F0030180009DF808C094
:10B3F00043EAD2139DF8052040EA812002F00F02B3
:10B4000040EA9C1013440130073B984005B05DF8BA
:10B4100004FB9DF809009DF8073001309DF80820D5
:10B4200003F03F0300EB034000EB0220800205B075
:10B430005DF804FB9995000003680A4630B59B6DE2
:10B4400083B0164D0446AB4224D1407D03284FF013
:10B450001201204618BF5202FFF7BCFD20B901239C
:10B460001846E37403B030BD0C23A07C637400283D
:10B47000F8D0251D207C012101F0AEFCFF212846DB
:10B4800001F010FD284601F0C7FC00231846A37404
:10B4900003B030BD01919847019AD7E7B98A0000FF
:10B4A000F8B51446C27C06460D46012A1F4602D155
:10B4B00083698B4205D029463046FFF7BDFF80B136
:10B4C000B56187B1002501E0AF420CD021464FF4B1
:10B4D00000723046013504F50074FFF7D1FC0028F6
:10B4E000F2D10020F8BDB369307F3B44B36100283E
:10B4F000F8D13046BDE8F840FFF708BD2DE9F84F18
:10B500009B46C37C06460C46012B1546DDF8289069
:10B51000DDF82C8002D183698B4205D0214630466C
:10B52000FFF78AFFB0B1B461BBF1000F15D004EB97
:10B530000B0A02E0C847A2450FD04FF4007229461B
:10B540003046FFF79DFC0746424620462946013417
:10B55000002FEFD10020BDE8F88FB369307F5B4446
:10B56000B3610028F7D13046BDE8F84FFFF7CEBCF5
:10B5700003682DE9F0415F69164B9F421FD1C37CE0
:10B5800004460D461646012B02D18369994205D027
:10B5900029462046FFF750FF70B1A5614FF40072B5
:10B5A00031462046FFF76CFC30B1A369207F0133A0
:10B5B000A36148B1BDE8F0810020BDE8F081BC4640
:10B5C0000123BDE8F04160472046BDE8F041FFF7A8
:10B5D0009DBC00BFE192000003680A4630B59B6D38
:10B5E00083B0164D0446AB4224D1407D03284FF072
:10B5F0001901204618BF5202FFF7ECFC20B90223C4
:10B600000120E37403B030BD0E23A07C63740028D6
:10B61000F8D0251D207C012101F0DEFBFF2128460A
:10B6200001F040FC284601F0F7FB00231846A37404
:10B6300003B030BD01919847019AD7E7B98A00005D
:10B6400003682DE9F043DB6C1746414A85B0044698
:10B650000E46934245D16A460921FFF765FE05462D
:10B66000B5B19DF80A305A0618D5637D032B01D079
:10B6700076027F02324620212046FFF7ABFC28B934
:10B680003A4621212046FFF7A5FC70B326236374B8
:10B69000A57C9DB9284605B0BDE8F08303F03F03C3
:10B6A0009DF80B205B0043EAD2137A1C324313420D
:10B6B000DBD02723A57C6374002DEBD0251D207CD7
:10B6C000012101F089FBFF21284601F0EBFB284610
:10B6D00001F0A2FB00231D46A374284605B0BDE877
:10B6E000F083694698470546BAE702462621204678
:10B6F000FFF770FC0028C9D1DFF8588042F21077BC
:10B7000004F10409D8F800301F44BFB204E0D8F8AF
:10B710000030FB1A1B0417D4484601F0A9FBFF2890
:10B720000646F4D1A37C002BB4D00121207C1D4619
:10B7300001F052FB3146484601F0B4FB484601F0A7
:10B740006BFB0023A374A5E728236374A0E700BF65
:10B75000999500006446062070B5002282B00E461E
:10B7600009210446FFF736FCB0B11B236374A07CAB
:10B7700008B902B070BD251D207C012101F02CFB11
:10B78000FF21284601F08EFB284601F045FB0023EF
:10B790001846A37402B070BD0546102231462046FB
:10B7A000FFF76EFB0028E2D0A67C002EE1D0207CC3
:10B7B000012101F011FB201DFF21019001F072FB1E
:10B7C000019801F029FB3046A57402B070BD00BF9E
:10B7D00070B5002282B00E460A210446FFF7FAFB3C
:10B7E000B0B11B236374A07C08B902B070BD251DE5
:10B7F000207C012101F0F0FAFF21284601F052FBE4
:10B80000284601F009FB00231846A37402B070BD5E
:10B810000546102231462046FFF732FB0028E2D0D1
:10B82000A67C002EE1D0207C012101F0D5FA201D5C
:10B83000FF21019001F036FB019801F0EDFA30464E
:10B84000A57402B070BD00BF70B5051D1646044654
:10B85000284601F027FB4FF400723146284601F0DC
:10B860002BFBFF21284601F01DFBFF21284601F09C
:10B8700019FB284601F0FCFA00F01F032075052B88
:10B8800004D02023A07C637410B970BD012070BD6A
:10B89000207C012101F0A0FAFF21284601F002FBE3
:10B8A000284601F0B9FA00231846A37470BD00BF02
:10B8B0002DE9F041174D06460F4600F104082C68AB
:10B8C00004F51674A4B203E02B68E31A1B040CD42D
:10B8D000404601F0CDFAFF28F6D13A46FC21304629
:10B8E000FFF7B2FF18B1BDE8F08124237374B07C78
:10B8F0000028F8D0307C012101F06EFAFF2140468B
:10B9000001F0D0FA404601F087FA00231846B374DC
:10B91000BDE8F08164460620036870B59B6D16464D
:10B92000224A82B004460D4693423CD1407D032812
:10B930004FF01801204618BF6D022A46FFF74AFB58
:10B940000546B0B10D236374A07C08B902B070BD88
:10B95000251D207C012101F03FFAFF21284601F03E
:10B96000A1FA284601F058FA00231846A37402B041
:10B9700070BD3246FE212046FFF766FF0028E3D067
:10B98000A67C002EE2D0207C012101F025FA201DAA
:10B99000FF21019001F086FA019801F03DFA30464E
:10B9A000A57402B070BD9847C1E700BFB98A000016
:10B9B00010B4047F34B104680123A46AA4465DF87E
:10B9C000044B60475DF8044BFFF7A6BF10B584B089
:10B9D00004460DF1040C8CE80E009CE80E00FFF705
:10B9E0006DFB20B19DF8053003F00103237704B00F
:10B9F00010BD00BF00207047002070470020704736
:10BA0000704700BF084B0021084A094810B49963E9
:10BA10001C6B146012685DF8044B1A639A6C22F078
:10BA200081029A640170704700002C40084B04208A
:10BA300040480620034B586A80F08070C0F30060D5
:10BA4000704700BF00002C40014B1878704700BFC2
:10BA5000404806202B4A2C4B526AD3F800312B4920
:10BA6000C2F3C22203F03F03013270B5284C4FF4F9
:10BA70007A75A4FB034305FB00F09B08B1FBF3FEC2
:10BA8000BEFBF2FEB0EB1E1F35D201231E465B004B
:10BA90001A01BEFBF2F2824201D9FF2BF6D9BEFB9E
:10BAA000F3F2360290422AD24FEA430C012200E020
:10BAB000A446154603EB0C040132BEFBFCF18142A7
:10BAC00017D9102AF4D1F0254FF47A731149124A8C
:10BAD00003FB0CFCBEFBFCF30B60104BD16A0B406C
:10BAE0002B43334343F46023D362536A1B07FCD5D3
:10BAF00070BD2D01E8E7724600260123D2E79C467F
:10BB00000025E1E700C00F4000800D4000EC695EB9
:10BB1000ABAAAAAA484A042000002C400F00F0FF5C
:10BB2000014B1878704700BF00330020014B1868A4
:10BB3000704700BF084B042010B4074C8C460FCC54
:10BB4000CCF800000120CCF80410CCF80820CCF888
:10BB50000C305DF8044B7047DC4A042010B4074CED
:10BB60008C460FCCCCF800000120CCF80410CCF8A7
:10BB70000820CCF80C305DF8044B7047EC4A0420E8
:10BB8000024B01201B680B60704700BFFC4A042079
:10BB9000704700BF10B504460C2102F053FE20464A
:10BBA00010BD00BF044B1B7823B1044B1878023042
:10BBB000C0B27047012070473D4806203E4806202D
:10BBC000184B1A7812F0C0020FD0402A01D0002082
:10BBD0007047587ADA79197A013002F03F0300EBA6
:10BBE000034000EB0120800270475A7A9979D87996
:10BBF00002F0030293F808C001F003018000520034
:10BC000040EA812000B593F80AE040EA9C105B7995
:10BC100042EADE12013003F00F031344073B984061
:10BC20005DF804FBEC4A0420404A0520404938B541
:10BC3000D2F800413F4B44F080043F4DC2F8004130
:10BC4000D2F8004124F03F04C2F80041D2F800418C
:10BC500044F01804C2F80041D2F8004124F08004F6
:10BC6000C2F80041D3F8802042F00C02C3F88020D3
:10BC70005A6A22F460525A62DA6942F48032DA6116
:10BC80005A6A42F400625A62C1F8CC01C1F8D0018C
:10BC9000C1F8BC01C1F8C001C1F8C401C1F8C801B4
:10BCA000AA6C264B42F00042AA64EA6A1343EB6294
:10BCB000EC6A14F08074FBD14FF4C870FFF7CAFE31
:10BCC0001B4B47F2B80241F2B801C3F8CC411C4803
:10BCD000C3F8D041C3F8BC41C3F8C041C3F8C44164
:10BCE000C3F8C841C3F8BC23C3F8C023C3F8AC23CE
:10BCF000C3F8B013C3F8B4231249C3F8B823124BE6
:10BD00006863C1F8F8314FF0E0234FF480420F49E7
:10BD1000602081F86E00C3F80C21EB6A064A43F0FC
:10BD20000063EB62D36A1B01FCD438BD00800D4078
:10BD300000801F4000C00F4000002C400080000128
:10BD40000B007F11003400204598000000E400E063
:10BD50002DE9F04102F034FC174E184D0746DFF88C
:10BD6000748004E002F02CFCC01B40451BD8346BEF
:10BD70002C40F7D0124A0021124B1170326B1A601E
:10BD80001968114A31631B68134209D00F491F24F7
:10BD90000F4B40F27A2200200C701A60BDE8F0814F
:10BDA0000120BDE8F081064A064B1470326B1A6020
:10BDB0001B683363EAE700BF00002C4002007F11DC
:10BDC0003F480620084B042000007F11003300206C
:10BDD000CC4A042040420F002DE9F843264C0F4680
:10BDE0002378002B38D1254B5A6AD2052BD5234D09
:10BDF000DFF89480AB6A43F48033AB6202F0E0FB7F
:10BE0000064604E002F0DCFB801B40452AD86B6A42
:10BE100013F48069F6D007F13C0C184807F50F774A
:10BE2000436A5B05FCD5ACF1400353F8042F9C45F5
:10BE30000262FAD10CF1400CBC45F1D10123184645
:10BE40002370BDE8F8839A6A22F480329A629A6A73
:10BE500042F400329A62CAE7FFF77AFF0028C2D1A3
:10BE6000BDE8F88306492124064B4FF47E7248460C
:10BE70000C701A60BDE8F8833F48062000002C4093
:10BE800000330020CC4A042040420F002DE9F0414D
:10BE9000074688461F4C02F093FB1F4E054604E000
:10BEA00002F08EFB431BB34224D8636AD907F7D450
:10BEB000BB02C4F8088020D427F0FF03154C174EAE
:10BEC000E36002F07DFB144F054604E002F078FBCE
:10BED000401BB8420ED8236B3342F7D0226B104B75
:10BEE0001A601A6822631A68D20703D51B6813F414
:10BEF000702F0BD00020BDE8F081A26CFBB222F0C5
:10BF0000FF02A264A26C1343A364D5E70120BDE83D
:10BF1000F08100BF00002C4040420F0001000F00E4
:10BF2000084B0420154B30B50D4685B01968FFF756
:10BF3000ADFF08B3124B05F10F041A69009259695D
:10BF4000019199690291DB690393002301E05EF896
:10BF5000102C03F0030C01334FEACC0C23F0030E3A
:10BF60000F2B22FA0CF20EF1100104F8012D0DEB4B
:10BF7000010EECD10023EB7305B030BD004B042063
:10BF800000002C4010B5037ADB0705D5154B1B6864
:10BF9000B3B1BDE810401847134B1B783BB9134BA6
:10BFA0005C6A84F08074C4F30064204610BD0F4BBB
:10BFB0000F4C1B6B1C40B4FA84F46409204610BD7E
:10BFC0000C4B1C78002CF0D00B4B0C481968FFF779
:10BFD0005DFF0028E9D0054B1C6984F48074C4F32C
:10BFE0000024E2E7044B04203F48062000002C40D8
:10BFF00002007F113C480620004B042000001A0D6F
:10C0000008B5044B04481968FFF740FF08B1034B1B
:10C01000186908BD004B042000001A0D00002C40D8
:10C0200008B5074B07481968FFF730FF30B1064BDA
:10C03000186980F48070C0F3002008BD012008BD9D
:10C04000004B042000001A0D00002C402DE9F047A1
:10C05000294B8946DFF8C0A0284ECAF8003002F00C
:10C06000AFFA274D0446DFF8B480264F06E002F011
:10C07000A7FA001BB84229D803F050FE31682846C1
:10C08000FFF704FF0028F2D0D8F81030DB05EED51A
:10C0900000234FF40072CAF80030D8F8283023F497
:10C0A0008033C8F82830184BC8F804201B78CBB16F
:10C0B00049461648FFF7EAFE30B915490E24154BDC
:10C0C00040F257420C701A60BDE8F087104A0A210E
:10C0D0000020104B117040F24B42CAF800001A6069
:10C0E000BDE8F0874FEA492908484946FFF7CEFEE8
:10C0F0000028E9D1E1E700BF619E0000004B042069
:10C1000000001A0D40420F003E48062020003A1958
:10C1100000330020CC4A0420044B042000002C40B3
:10C120002DE9F041254C00212548A36A23F48033F2
:10C13000A362FFF7ABFE054648B922490920224B0E
:10C1400040F23D2208701A602846BDE8F0811F4B7E
:10C15000DFF88080C8F8003002F032FA636A0646E1
:10C16000D80118D41A4F04E003F0D8FD636AD9014E
:10C1700011D402F025FA831BBB42F5D9114A0A21DA
:10C180000025114B11704FF410722846C8F800506A
:10C190001A60BDE8F0810022084BC8F800205A6AF6
:10C1A0009207D1D5586B9A6AD96A22F4803241F04D
:10C1B0008061D96258639A62C6E700BF00002C40D4
:10C1C0000000DB0C00330020CC4A042075980000EE
:10C1D00040420F00044B04202DE9F0478246894677
:10C1E000364E02F0EDF9364D0446DFF80081354F4A
:10C1F00004E002F0E5F9031BBB4227D8316828466A
:10C20000FFF744FE0028F4D0D8F81030DA05F0D556
:10C2100001232D4D2D4F51462B7000232C483B60A0
:10C220002C4BC8F80090C8F804302B4BC8F83830B5
:10C23000FFF72CFE0446A0B928490420284B40F201
:10C240009F12087020461A60BDE8F08723490A2033
:10C25000234B4FF4CC72002408701A602046BDE8CE
:10C26000F087204BDFF88890C9F8003002F0A8F979
:10C270002B780646BBB1DFF84C8003E003F04EFD9F
:10C280002B7883B102F09CF9831B4345F6D9002338
:10C29000C9F8003011492520114B4FF4D172002408
:10C2A00008701A60DAE73B6800229B07C9F8002093
:10C2B000F0D53A680C4B1A42D0D0EBE7004B042083
:10C2C00000001A0D40420F0040480620084B042091
:10C2D00011003A064000010002007F1100330020E7
:10C2E000CC4A04208998000000007F1100002C40F7
:10C2F000044B04202DE9F041324D1446AB7A13F083
:10C30000400012D103F03F03EA7A5B0043EAD21304
:10C31000621C0A43134208D02B4927242B4B40F2BE
:10C3200002320C701A60BDE8F081294B1B780BB902
:10C33000490264022748FFF7A9FD40B922490F24AA
:10C34000224B40F20A320C701A60BDE8F08121469F
:10C350002148FFF79BFD40B91B4910241B4B40F2BD
:10C360000D320C701A60BDE8F08100211B48FFF708
:10C370008DFD38B914491124144B4FF444720C70DC
:10C380001A60E2E702F01CF9154E164D0446DFF87C
:10C390005C80154F31682846FFF778FD18B1D8F852
:10C3A0001030DB05D1D402F00BF9001BB842F1D9F3
:10C3B00005492824054B40F2133200200C701A6006
:10C3C000C3E700BFEC4A042000330020CC4A04201D
:10C3D0003E48062000001A2000001A2100001B26FB
:10C3E000004B042000001A0D40420F0000002C40BA
:10C3F0002DE9F04F12F0030483B018BF012401901F
:10C400000093002B08BF44F001045CB14049252093
:10C41000404B40F2F512002408701A60204603B029
:10C42000BDE8F08F3C4B15463C4A0E46DFF80C91B8
:10C43000136002F0C5F8DFF808810746DFF804B1A1
:10C44000DFF8F0A006E002F0BBF8C01B504544D86E
:10C4500003F064FCD9F800104046FFF717FD0028F0
:10C46000F1D0DBF81030DA05EDD5009A2C4B2B49D2
:10C4700003EA024300222B4F0A6043F400730121B8
:10C48000DFF8C4803970C8F80020CBF80050CBF832
:10C490000430254BCBF83830244B1B7843B331465E
:10C4A0000198FFF7F3FC81460028B7D0204B1B4AC8
:10C4B000136002F085F83B780546DBB11D4E03E0C2
:10C4C00003F02CFC3B78ABB102F07AF8401BB04291
:10C4D000F6D90023114A1360A0E70D4B0A22002170
:10C4E0000E481A704FF4FC720A4B01601A6095E70F
:10C4F0007602D4E70023094A1360D8F800309B077E
:10C500008CD5D8F800200C4B1A4208BF4C4685E762
:10C5100000330020CC4A0420619E0000044B04201C
:10C520000000FF1F4048062002007F113E48062001
:10C530008998000040420F0000007F11004B04204A
:10C5400000001A0D00002C40084B0420F8B50646E8
:10C55000007A0C461546C0071F4613D483B10F441A
:10C5600001E0BC420CD033682A46214630461B69A4
:10C57000013405F5007598470028F2D10020F8BD78
:10C580000120F8BD900712D0002BF9D00F4401E034
:10C59000BC42F5D033682A46214630461B69013437
:10C5A00005F5007598470028F2D10020E7E7064816
:10C5B000FFF71EFF0028E3D104490C24044B40F28E
:10C5C000A1320C701A60F8BD37003A120033002017
:10C5D000CC4A0420F8B50646007A0C461546C0073A
:10C5E0001F4613D483B10F4401E0BC420CD0336822
:10C5F0002A46214630465B6A013405F500759847A6
:10C600000028F2D10020F8BD0120F8BD900712D01B
:10C61000002BF9D00F4401E0BC42F5D033682A4624
:10C62000214630465B6A013405F5007598470028BD
:10C63000F2D10020E7E70648FFF7DAFE0028E3D151
:10C6400004490E24044B40F23D420C701A60F8BDC0
:10C6500027003A1900330020CC4A04202DE9F04F7E
:10C660000025DFF8C0929B4C91B0DFF8BC829A4E57
:10C670000172457289F80050257088F800503570B5
:10C68000FFF7D2FA29462846FFF700FC50B90121EE
:10C69000924B40F28E22054621701A60284611B056
:10C6A000BDE8F08F03258E4F4FF4D5713846FFF764
:10C6B000EDFB00284ED1013DF6D13378002B3DD063
:10C6C000DFF868B201F07CFF864E0546DFF860A215
:10C6D000854F00213046FFF7D9FB50B900251721BF
:10C6E0007E4B4FF42A72284621701A6011B0BDE8C3
:10C6F000F08F59465046FFF7C9FB0028EED001F0F5
:10C700005FFF401B794BB842E8D81A69002AE0DA8B
:10C710001969774A11601B695A0002D5012388F80C
:10C72000003000217348FFF7B1FB054610BB022122
:10C730006A4B40F2B12221701A60AFE7FFF774FA3A
:10C7400029462846FFF7A2FB3378002BB8D14FF4D7
:10C75000401BB7E7654B1B69B3F5D57F07D00621B2
:10C760005E4B4FF42572002521701A6096E7012375
:10C770003370A5E700216048FFF788FB054630B914
:10C780000321564B4FF42D7221701A6086E7574EE5
:10C790005A4B32695A4F13405A495B483B60FFF786
:10C7A000C1FB054630B907214C4B40F2B92221703C
:10C7B0001A6073E755495648FFF7B4FB054630B990
:10C7C0000821464B4FF42F7221701A6066E73968D2
:10C7D0005048FFF75BFB054630B905213F4B40F25F
:10C7E000BF2221701A6059E739683E48FFF74EFBB7
:10C7F00038B91421394B40F2C322002521701A6048
:10C800004CE702214448FFF741FB05460028F0D0E1
:10C81000B36A69466FF07F4023F00603B362B36AE0
:10C8200043F00203B3624FF010137364FFF7D4FCBC
:10C830009DF80D309B0743D5002841D0274E69460F
:10C84000364894F800803768FFF7C6FC9DF8103032
:10C8500003F00F03012B36D1A8B34CF25030304C0B
:10C860000523C4F8CC31C4F8D031C4F8BC31C4F8C5
:10C87000C031C4F8C431C4F8C831FFF7EBF8002365
:10C8800047F2B802C4F8CC31C4F8D031C4F8BC3196
:10C89000C4F8C031C4F8C431C4F8C83141F2B80397
:10C8A000C4F8BC23C4F8C023C4F8AC23C4F8B03324
:10C8B0000123C4F8B423C4F8B82389F80030EDE6A6
:10C8C00046F2A810CBE746F2A81084F80080376043
:10C8D000C5E700BF003300203D480620CC4A0420B5
:10C8E00000001A0800001A3740420F0000002C40D8
:10C8F000FC4A04200000090200001A030000FFFFA8
:10C90000004B0420EC4A042000000909DC4A042002
:10C910000000090A00001B0700001A06F1FFFF8053
:10C9200000801F403C4806203E4806200000304062
:10C9300000000229374B5A6A92052DE9F0410F4653
:10C940000DD49A6A22F480329A6272B69A6A42F4DC
:10C9500000329A629A6A42F480329A6262B601F0B8
:10C960002FFE2C4EDFF8C480054604E001F028FEBF
:10C97000431B434537D8746A14F40064F6D007F1BA
:10C980003C0C244807F50F77436A1B05FCD5ACF136
:10C990004003026A43F8042F9C45FAD10CF1400C85
:10C9A0006745F1D101F00CFE1A4F1B4D0646DFF82A
:10C9B0007C8004E001F004FE831B43451DD83C6BE2
:10C9C0002C40F7D03B6B154A136013683B63136828
:10C9D00013F002031BD01268114B1A420CBF012046
:10C9E0000020BDE8F0810F491A250F4B40F2563266
:10C9F00020460D701A60BDE8F0810A491D250A4BDA
:10CA000040F2613220460D701A60BDE8F081184690
:10CA1000BDE8F08100002C4002007F11084B04208B
:10CA200000007F1100330020CC4A042040420F0058
:10CA30002DE9F047294B8946DFF8C0A0284ECAF8F7
:10CA4000003001F0BDFD274D0446DFF8B480264FCD
:10CA500006E001F0B5FD001BB84229D803F05EF9ED
:10CA600031682846FFF712FA0028F2D0D8F81030C3
:10CA7000DB05EED500234FF40072CAF80030D8F879
:10CA8000283043F48033C8F82830184BC8F8042005
:10CA90001B78CBB149461648FFF7F8F930B915496C
:10CAA0000C24154B40F2BD320C701A60BDE8F087C3
:10CAB000104A0A210020104B117040F2B132CAF81E
:10CAC00000001A60BDE8F0874FEA49290848494646
:10CAD000FFF7DCF90028E9D1E1E700BF619E000023
:10CAE000004B042000001A0D40420F003E48062073
:10CAF00030003A1200330020CC4A0420044B0420BA
:10CB000000002C402DE9F04100221D4C0D464272E0
:10CB10001146A36A1B4823F48033A362FFF7B6F9DA
:10CB200040B919490924194B40F2D3320C701A60EC
:10CB3000BDE8F081002DFBD0154B164E336001F09F
:10CB40003FFD636A0746DA0116D4DFF84C8004E043
:10CB500003F0E4F8636ADB010ED401F031FDC01B81
:10CB60004045F5D9084A0A210020084B117040F2CF
:10CB7000D73230601A60DBE7002328463360D7E7FE
:10CB800000002C400000DB0C00330020CC4A0420C5
:10CB900075980000044B042040420F000A4B1B789C
:10CBA00010B504461BB9637A43B9012010BDFFF7E5
:10CBB000CFF80028FAD0637A002BF6D02046012166
:10CBC000BDE81040FFF79EBF3F4806202DE9F04129
:10CBD0000446007AADF5007D164610F0010513D02D
:10CBE00093073CD0012338486A46FFF701FC002830
:10CBF0003AD04FF400726946304601F087FD28466E
:10CC00000DF5007DBDE8F081DFF8CC800F4698F887
:10CC10000030002B35D1637A012B39D022682B49A3
:10CC2000126A8A424AD198F80020002A34D1002B97
:10CC300039D139462046FFF7FBFEE8B10123676092
:10CC4000637231462046FFF775FEA8B1636805465A
:10CC50000133284663600DF5007DBDE8F0810123B6
:10CC60001948FFF7C5FB38B919490B20194B4FF488
:10CC70005D72002508701A6028460DF5007DBDE83C
:10CC8000F081FFF765F80028F6D0637A012BC5D153
:10CC90006268BA42C2D1D4E7FFF75AF80028EBD055
:10CCA000637A002BC5D001212046FFF72BFF002817
:10CCB000BFD128460DF5007DBDE8F08120469047A4
:10CCC0000028F6D0B5E700BF11003A11DDA9000039
:10CCD00000330020CC4A04203F4806202DE9F041D3
:10CCE000047AADF5007D0F46904614F001041DD086
:10CCF00012F0030F06D0684611464FF400728046CA
:10CD000001F004FD0123424639462C48FFF770FB31
:10CD1000044630B92A490D202A4B40F211420870CE
:10CD20001A6020460DF5007DBDE8F081264D0646CF
:10CD30002B782BBB737A022B29D032682349126AD5
:10CD40008A4236D12A7832BB002B2BD13368394640
:10CD500030461B6E98470028E3D002237760737239
:10CD6000336841463046DB6D98470028D9D0736858
:10CD700004460133204673600DF5007DBDE8F08167
:10CD8000FEF7E6FF0028CCD0737A022BD5D172686B
:10CD9000BA42D2D1E4E7FEF7DBFF0028C1D0737AB4
:10CDA000002BD3D001213046FFF7ACFE0028B8D0CD
:10CDB000CCE7304690470028B3D0C7E701003A18C7
:10CDC00000330020CC4A04203F480620DDA90000A3
:10CDD000012101F05BBC00BF01F01CBC08B503469B
:10CDE00053F8040B93E80600F7F78EFD08BD00BF6B
:10CDF00084B00DF1100C0CE90E00024623B1184668
:10CE0000136004B0F8F72ABC024B1846136004B054
:10CE1000F8F724BCE02900200268D37C13B3D807BC
:10CE200004D5906A4FF0E021C1F80001990704D5BC
:10CE3000D06A4FF0E021C1F80401580704D5106B07
:10CE40004FF0E021C1F80801190704D5506B4FF0ED
:10CE5000E021C1F80C01DB0604D5926B4FF0E02312
:10CE6000C3F81021704700BF0068F8F715BD00BF78
:10CE70000268FF2312685366D36D13F4F81FFBD0CA
:10CE8000506FC0B2704700BF4FF0FF0C006808B58C
:10CE9000134680F83CC00A460021F8F7F9FC002050
:10CEA00008BD00BF03681A685166D36D13F4F81FFC
:10CEB000FBD0536F704700BF134600680022F8F79D
:10CEC000E7BC00BF30B5037883B0DC071DD504464E
:10CED000406804F110020368E16801925B6A9847B8
:10CEE000019A0546A8B12378990708D56068D4E966
:10CEF0000231194403685B6A984750B1237823F0E4
:10CF000001032846237003B030BD0125284603B035
:10CF100030BD0025284603B030BD00BFF8B54368DA
:10CF20000BB3C36804460F4615468B4206D110F872
:10CF3000103B05F003052B432370F8BDFFF7C2FF3C
:10CF400088B16B0705D504F1100630460023E76071
:10CF5000EFE7606804F110063946036832461B6942
:10CF600098470028F1D10020F8BD00BF10B5044655
:10CF7000808982B018B10023A38102B010BDD4E92A
:10CF800001318B42F9D201AA184600F0B7F880B1FE
:10CF9000019B6060B3F5803F01D298B2EDE7980A3B
:10CFA000C3F30903A0F52150A3F5105380B2A38168
:10CFB000E3E74FF6FF70E0E7B1F5807F21D8102955
:10CFC0002ED840234FF0200CB2FBF3F1B1F5806F67
:10CFD00020D203FB112300B5B2FBFCFEB3FBFCF334
:10CFE0000CFB1E224FEA910CDBB201322CF03F0CFD
:10CFF000C9B2037042EA0C028170D2B242705DF88D
:10D0000004FB3F239C46802910D9B1F5FC7F0FD843
:10D010001B01D9E7FF21FE23417003708170704727
:10D02000202916D880234FF0200CCDE7DB00CBE77A
:10D03000B1F57C7F04D9B1F5FC6F03D89B01C3E740
:10D040005B01C1E7B1F57C6F94BFDB01C3EB032348
:10D05000BAE720239C46D6E77F28A2EB010205D839
:10D0600012B10A4602F8010B10467047B0F5006F86
:10D070000FD2012A40D94FEA901C00F03F030A4624
:10D080006CF03F0063F07F0302F8020B10464B7018
:10D090007047B0F5803F16D2022A2DD9C0F3851C07
:10D0A00000F03F03CA1C63F07F0300B54FEA103E57
:10D0B0006CF07F008B706EF01F0E4870104681F888
:10D0C00000E05DF804FB032A16D94FEA904CC0F348
:10D0D0000532C0F3851300F03F0062F07F026CF070
:10D0E0000F0C63F07F0360F07F004A700A1DC87068
:10D0F00081F800C08B70B7E70022B5E788423DD2C7
:10D10000034610B490F900001C7800282DDA04F0D2
:10D11000E000C02834D004F0F000E02834D004F05F
:10D12000F800F02826D104F00704042018448842AF
:10D1300020D8013313F8011B01F0C00C01F03F01AE
:10D14000BCF1800F41EA841414D18342F2D1A4F1DE
:10D1500080010F4B99420DD8A4F55843B3F5006FE9
:10D1600008D314605DF8044B7047581C14605DF8D8
:10D17000044B704700205DF8044B70470020704757
:10D1800004F01F040220D1E704F00F040320CDE7D0
:10D190007FFF10007E283ED94FF0350C002330B4BD
:10D1A000284C04E034F82120824220D80B46ACEB16
:10D1B0000302012A03EB5201F4D89BB234F8232076
:10D1C000904216D24B2400231F4D04E035F8212055
:10D1D00082421ED80B46E21A012A03EB5201F5D80F
:10D1E0009BB235F8232082421FD030BC70478C465A
:10D1F000DDE704EB8304821AE3789A42E2DA94F9D9
:10D200000230012B16D0D3B19BB2034430BC98B28C
:10D2100070470C46DFE7A0F16103192B8CBF002398
:10D220000123A0EB431398B2704705EB8305688890
:10D2300030BC704702F00102831A98B2D5E74EF273
:10D24000A033E2E7481E0020B41C002090F8A32081
:10D2500090F8A200101A704790F8A23090F8A3201E
:10D260009A4205D95A1C034480F8A220987E704740
:10D270004FF0FF30704700BF90F8A23090F8A32025
:10D280009A4202D91844807E70474FF0FF307047B1
:10D29000704700BF0346B0F8300178B193F82F21F2
:10D2A000882A03D9012200205A60704702F1010C3C
:10D2B00001201A4483F82FC182F8A510704700BFDF
:10D2C00038B5B0F830410CB9204638BD90F82F3150
:10D2D0000546C3F18904A2420DD8144605F1A50004
:10D2E0002246184401F012FA95F82F3120462344C3
:10D2F00085F82F3138BD01224260EFE72DE9F04F6C
:10D30000D0F814A01524017E8146437E83B00AEB39
:10D310000111384A0AEB0313374F097A93F8283082
:10D3200002EB01150901E86852F8018002EB0311D4
:10D33000D5F804B01B01CE68D558CBF80040C8F82A
:10D340008400D8F804304A6803432C490192C8F895
:10D3500004301460C5F884606B6833436B60284BFD
:10D360004C683A68A3FB0232920C02EB8202520034
:10D370004B681B1B9A42FBD84FF0090C1F4ADFF881
:10D3800080E0D8F80830034202D0AB6833422FD196
:10D39000C5F8886054683968AEFB0131890C01EB2F
:10D3A000810153681B1B9942FBD8C5F884605468FF
:10D3B0003968AEFB0131890C01EB810153681B1BFD
:10D3C0009942FBD8BCF1010CDBD1604699F81830CA
:10D3D000019A0AEB0313DB68CBF8003099F8193097
:10D3E0000AEB031ADAF82C30136003B0BDE8F08FB3
:10D3F0000120EBE710230020DC290020001000E0D2
:10D4000083DE1B430E4A10B51168046905E0DB0199
:10D4100007D413685B1A102B08D8636913F0007FD8
:10D42000F5D14FF4FE430120636110BDFFF766FFA5
:10D430000028FAD04FF4FE4301206361F5E700BFF6
:10D44000644606202DE9F04790F82FA10569BAF14E
:10D45000000F4FD081468846FFF7D4FF002849D0FF
:10D46000374E0024376818E06B69190551D4DA0487
:10D4700055D4580559D4990441D43268D21B322A64
:10D480003DD8544507D9EA6D520704D19B0555D4C0
:10D49000B8F1000F52D002F041FC5445E4D8EA6DD7
:10D4A000500702F00703DFD413E099F8A5200133F9
:10D4B000022442F48062042B2A661ED08A4503F1BE
:10D4C000010309EB01020ED992F8A520042B2A666C
:10D4D000CAD00121002CE8D02146013301348A450D
:10D4E00009EB0102F0D8B8F1000FBDD04FF4007382
:10D4F0002B66B9E70420BDE8F0870124B4E72B6967
:10D500004FF40072042043F440732B612A66BDE897
:10D51000F0872B69042043F440732B61EBE72B6900
:10D52000052043F440732B61E5E72B694FF400724B
:10D53000022043F440732B612A66DCE70020DAE71F
:10D5400064460620F8B506690446D6F8145115F469
:10D55000706301D0C6F81431A8070BD5D6F8702136
:10D5600011043ED50023012184F8A230234484F81D
:10D57000A3109A76EB0710D594F83071FFB194F8A8
:10D580002E7194F82F31BB4227D97B1C274484F895
:10D590002E3197F8A530C6F8603115F4407F0DD0D4
:10D5A00094F8A30018B1D4F83C3103B19847002394
:10D5B000A4F8A230A4F82E3184F83031F8BDD4F8A4
:10D5C000383103B19847002384F82E31012384F8C1
:10D5D000303194F82F31BB42D7D80023C6F86031E0
:10D5E000DBE794F8A330872BC4D8591CC9B2BDE738
:10D5F0000148FFF7A7BF00BFA02A00200148FFF79E
:10D60000A1BF00BFE02B00200148FFF79BBF00BF78
:10D61000202D002070B472B621B9036813B10279CD
:10D620000F2A45D9294C2188002341FA03F212F030
:10D63000010208D00133102BF7D162B6002203712A
:10D64000026070BC70474FF0010C0CFA03FC41EA19
:10D650000C01218062B61E4D5FFA83FC1D4940F229
:10D66000824680F804C0EC6F194483F0030344F051
:10D67000C0044901EC67A5F59F35174CA5F58075E9
:10D68000266084F81AC084F81EC084F818C084F894
:10D690001FC00160C1E90022C1E90222C1E90422E0
:10D6A000C1E906225A5D42F0C0025A5570BC70476B
:10D6B000064C218841FA02F5ED07B5D5054D154414
:10D6C000B3EB451FB0D162B6BBE700BF28480620C8
:10D6D00000C00F408074000200800E4003790F2BC1
:10D6E00011D8094A937672B60849012290F804C00D
:10D6F0000B8802FA0CF223EA02030B8062B61022B6
:10D70000002302710360704700800E402848062005
:10D71000EFF3108272B6437F5BB9017F012930B409
:10D720000BD0032913D00123437702B962B630BC72
:10D7300070470AB962B670477047124C2168B1B1A0
:10D74000114943610B68086083615861EBE70F4D35
:10D750000F492C688CB143610B68836158614FF0AD
:10D76000E0234FF080540860C3F8044DDBE7064B1C
:10D7700020601860C0E90511D5E7C0E905442860BC
:10D78000EDE700BF6C4B0420784B0420744B042061
:10D79000704B042070B5EFF3108272B60C4C206809
:10D7A00080B10C4E00254369236073B19D6102B9BD
:10D7B00062B6836845779847EFF3108272B62068A7
:10D7C0000028F0D102B962B670BD3360EFE700BF48
:10D7D000744B0420704B0420FFF7DCBF0449054A5A
:10D7E0004968054B1960136801331360704700BF27
:10D7F000001000E0644606206046062001207047C5
:10D80000B0F84630B0F848209BB292B2934202D2B0
:10D81000013AD01A7047416B01390A44D01A704757
:10D82000016972B6B0F84A20B0F84C3092B29BB29F
:10D830009A423CBF806B1218C86AD31A62B6C0F312
:10D8400002601844704700BFB0F84A100246B0F8B2
:10D850004C3089B29BB2994210B4046914D00133A0
:10D86000906B116B984298BF0023994206D85B1ABF
:10D87000526AD05CC0B25DF8044B7047126A5DF822
:10D88000044BD05CC0B2704772B6B0F84A0080B2A8
:10D89000814201D062B6E2E7E36A13F0E06F03D1A0
:10D8A0004FF0FF3062B6E6E7E36901200024116A19
:10D8B000A2F84A00C3F30900DBB2A2F84C404B7057
:10D8C000F0E700BFB0F84A100246B0F84C3089B219
:10D8D0009BB2994230B4046925D00133946B9C42C9
:10D8E00016D9106B1FFA83FC984217D9106AC05CD6
:10D8F000C0B2956DA2F84CC045B199421CD3CB1A69
:10D90000D16B994202D3D36DC5F8883030BC7047D3
:10D910004FF0000C106B63469842E7D8181A556A0E
:10D92000285CC0B2E5E7084672B6B2F84A1089B280
:10D93000884204D062B6D0E70C44E31AE0E7E36A19
:10D9400013F0E06F03D14FF0FF3062B6DEE7E0691D
:10D95000C0F30900F9E700BF90F8443043B110B5B7
:10D96000044602F0DBF994F84430002BF9D110BDE5
:10D97000704700BF38B5D0E90453D3E903120968F2
:10D98000114228D090F84420044632B102F0C6F982
:10D9900094F84430002BF9D1636900210E4AA96143
:10D9A000207E03EB0010007D02EB0010456805208F
:10D9B0002860657E03EB051393F8343002EB031205
:10D9C000A36D52681060A4F84A10A4F84C1013B16B
:10D9D000E26DC3F8842038BD1023002007EE901AB2
:10D9E0009FED9A7A0421B6EE005AF8EE677A9FED21
:10D9F000986A41F6FF7CC7EE275A2DE9F0478E461C
:10DA00000569012407EE901AF8EEE77A85EEA77A09
:10DA100077EE057AFDEEE77A17EE903A6345A8BFF8
:10DA20006346012BB8BF012307EE903AF8EEE76A90
:10DA300076EEC76AC6EE877AF5EEC07AF1EE10FA96
:10DA400048BFF1EE677AF4EEC67AF1EE10FA03D829
:10DA5000B0EE676A8E461C4601312129D2D10021E1
:10DA6000436902F40076A0F84A10B3F85AC08E4217
:10DA7000A0F84C10B3F85860A0F84610A0F8481071
:10DA800080F84410816BDF68A1EB0606A1EB0C0166
:10DA9000C0E90F6139681E6941EA0601396014BFA7
:10DAA00001210021817640F0AC80017E694E03EBBC
:10DAB0000118DFF8C09198F81470D8F81CA006EB94
:10DAC0000717B968C1F800907968D8F818700F6026
:10DAD000BAF1000F03D0D8F82010CAF80010477E22
:10DAE000D92103EB071898F834C006EB0C1CDCF8BE
:10DAF00008703960DCF80410D8F838700F60417E87
:10DB000003EB0111CF6B0FB1096C39600EF1FF31DE
:10DB1000BEF1080F4FEA0161CCBF4FF0000E4FF08D
:10DB2000010E01F0F85144EA4E4421435C6829613A
:10DB3000597801F110030021E960474941F8234079
:10DB400041694FF0010E454C02F0030C4F7891F8FB
:10DB50005610434B39554FF002174469617803EB77
:10DB6000511301F01F019B000EFA01F11960EF62E1
:10DB7000AB6A43F08803AB6253073ED44CF4701396
:10DB800002F00F01042908BF43F0804397062ED509
:10DB9000817E43F0805300293AD11607AB6103D54B
:10DBA0002B6943F000532B616B69D10623F080533E
:10DBB00048BF43F080536B61D30503D52B6943F411
:10DBC00000532B61A36883B1264E3478002C3AD0E1
:10DBD000611E254DC9B22B1F05EB810101E0994261
:10DBE00025D053F8042F9042F9D1BDE8F087817E0B
:10DBF0000029D2D043F0A003CFE71C4B4CEA03032B
:10DC0000BEE7477E4FF2D901124E03EB07186AE7D1
:10DC1000417E43F0A00304EB011191F8341006EBB0
:10DC20000116B668316821F440413160B5E7631CE4
:10DC3000DBB20F4A3370137845F8240043F0020337
:10DC40001370BDE8F0870123074DF2E7001BB74BC7
:10DC5000EC78AD60102300200034002000E400E0E8
:10DC60004038003842480620F44B042010003C00A5
:10DC70007648062038F00100EFF31380B8B9EFF3CF
:10DC800010834BB9EFF305823AB94FF48073EFF389
:10DC9000118050B1984208D270470F2AF7D9054B2E
:10DCA0009B5CEFF311800028F4D1184670474FF0C9
:10DCB000FF30F1E7F0E300E0036D2DE9F0410446A9
:10DCC0000F46066913B1426DC3F88420A37E2BB1C1
:10DCD00072B6B36943F00053B36162B6B4F846500C
:10DCE000636BADB20135AB424CD84FF000084546EE
:10DCF000B4F848309BB29D4219D028E073691B02EA
:10DD000010D5B4F84830626B9BB201339A4236D9D1
:10DD10009AB2E16A99422DD9E169CB5CDBB2F36139
:10DD2000A4F84820B4F848309BB2AB420FD1FFF7BB
:10DD3000A3FF6369B3F856308342DFDAFF28F1DDD1
:10DD400001F0ECFFB4F848309BB2AB42EFD0E36A8D
:10DD5000AB421AD9FFB2E3695F5572B6012084F86D
:10DD60004400A4F84680B36943F40003B36162B68B
:10DD7000BDE8F0815B1AA16ACB5CDBB2CFE7002281
:10DD80001346C6E71FFA85F8B2E7ED1AFFB2A36A99
:10DD90005F55E2E7FFF790BF0269536913F4401F34
:10DDA00070B543D0D36A13F0E06FC3F3026E3AD07C
:10DDB000B0F84A50B0F84C60ADB2B6B207E0016AB4
:10DDC00001F803C00EF1FF3313F0FF0E1DD0D1692F
:10DDD0006B1C846BB0F84CC0C1F309019C4298BF26
:10DDE00000231FFA8CFC9C45ECD0046B5FFA81FC8D
:10DDF0001D469C42A3EB0404E1D8436A03F804C027
:10DE00000EF1FF3313F0FF0EE1D1ABB2A0F84A30B0
:10DE1000836D43B1B54254D3AD1B016CA94202D806
:10DE2000C16DC3F884105369D90245D49669330291
:10DE300028D553691D0225D5B0F84650B0F84830B2
:10DE4000ADB29BB206E0C169C95CC9B2D161D16A09
:10DE50004C0512D4AB4238D0446B0133C16A9C42AA
:10DE600098BF00239942A3EB0104ECD8816A095DB5
:10DE7000C9B2D161D16A4C05ECD599B2AB42A0F8D8
:10DE8000481025D0710216D553695B0213D50021C5
:10DE9000036D80F8441013B1416DC3F88810837E80
:10DEA0002BB172B6936923F00053936162B6936904
:10DEB00023F48003936170BD536943F4801353616D
:10DEC000B4E7816B891B0D44A7E79BB2A0F84830EB
:10DED000936923F400039361936943F4800393618E
:10DEE000D0E700BF0148FFF757BF00BF402A00201E
:10DEF000704700BF704700BF704700BF704700BF4A
:10DF000070B51A4C1A4D2368AB4202D0194AD16839
:10DF100029BBA369AB4202D0164AD169C9B9236BA8
:10DF2000AB4202D0134AD16A69B9A36CAB4209D0A3
:10DF3000104AD16B31B101211B680F48D163BDE894
:10DF40007040184770BD01211B680C48D16298478A
:10DF5000EBE701211B680A48D1619847DFE70121FF
:10DF60001B6804F10800D1609847D2E7C036002052
:10DF7000E41F00200041084010370020F836002040
:10DF8000E036002038B5064CA4F1600554F8083C92
:10DF90002046183CDB689847AC42F7D138BD00BF3B
:10DFA0001037002003682DE9F041044688B0174679
:10DFB000002B4BD000229A600122DA60304D04A879
:10DFC000DFF8E0801D4451F8083B2D1102935B6897
:10DFD00005EB45069847F60006F1080058F80630AC
:10DFE0004044DB6801909847264A04A9DDE9010313
:10DFF000029248F806309B689847029B04A8DB68A9
:10E0000098472368032220481F609A601F4A23799B
:10E010001F4C535513785178C0F828428B4228BFC3
:10E020000B469178D2788B4228BF0B46934228BF8B
:10E030001346184C4FF0E0224FF08061012084F825
:10E040007A30C2F80C1108B0BDE8F081124AD36EE4
:10E0500043F44053D3660122104B1A60104A134612
:10E060000260403298680028A8D0103393422360A1
:10E07000F8D100231846236008B0BDE8F08100BF46
:10E0800000BFF7BFE41F002000340020602E0020F6
:10E0900041BD000000E400E000C00F400040084027
:10E0A00000410840C0360020F8B5036843B3154C62
:10E0B0000746154E1C44241104EB4405ED0073592A
:10E0C00005F10800DB6830449847104B002101221D
:10E0D00073513B689960DA60FF230D4A135513783A
:10E0E00050789478834228BF0346D078094AA342E7
:10E0F00028BF2346834228BF034682F87A3039601E
:10E10000F8BD00BF00BFF7BFC0360020E41F0020ED
:10E11000602E002000E400E010B4064B0020064C06
:10E12000064A1C609C611C639C6405495DF8044BB5
:10E1300003F0DEB8C0360020E41F00206C2E002063
:10E14000C5BD00002DE9F0410C46D1B1EAB18046D1
:10E150008E1800250E4F04E001F04CFDB44205443A
:10E160000CD0D8F8003014F8010B1B68BB42F3D078
:10E17000014640469847B4420544F2D12846BDE8DE
:10E18000F0810D462846BDE8F0811546F6E700BF50
:10E190006D00000000B5036883B040F60D2C02222C
:10E1A00001A95B68ADF804C0984703B05DF804FBB3
:10E1B00001F0AABC2DE9F047884651B3914662B3FD
:10E1C00082460027164C174E25680BE001F002FD31
:10E1D000002810DA01F0A2FD2368DAF808205B1BA2
:10E1E000934210D2DAF800305B69B342EED0504669
:10E1F00098470028EEDB013708F8010BB945E3D159
:10E200003846BDE8F087012338468AF80C30BDE86F
:10E21000F0870F463846BDE8F0871746F0E700BFA5
:10E220006446062075000000A249A34B88422DE9F0
:10E23000F047A24C5E699A69D4F80C801BD9A04BB8
:10E24000984240F20281C31A9E491B0AA1FB0313A4
:10E2500040F22761DB0903EB830303EB830303F243
:10E26000E2438B4228BF0B46A3F54877964BA3FBAE
:10E270000737FF0804E0954FB8428CBF0E270627EA
:10E280008D4908F01F09D1F88030B94543F0C0032B
:10E29000C1F880300CD228F01F08A1F5F82148EA17
:10E2A0000708C1F80C800B68002BFCDA08F01F0986
:10E2B00016F0007324D186490C698649A14300F009
:10E2C000EA8082F4805134464FF4805514F0605F48
:10E2D00004D026F060561E43774B5E6111F4405F18
:10E2E00007D022F4405274492A438A618B6C1A0782
:10E2F000FCD446F00076704A5661936C9B06FCD4C1
:10E30000754CA04200F2CE804FF0010C01466346EE
:10E3100003FB011203F1010E0CF10105A24218D812
:10E32000BEF1080F4FF0010340F08D80BCF1040FE7
:10E3300000F291800A18A24200F2A48005FB00F1CD
:10E34000AC4603F1010E03FB01120CF10105A242E0
:10E35000E6D90CF1FF318C0286EA81215F48104436
:10E360005F4A90427FD9DFF8A4A16C225D48584DE6
:10E37000B0FBFEF0D5F800E0B0FBFCF0DFF890C198
:10E380000EEA0C0CD44509D042F400524FF4805CE4
:10E39000C5F800C02A602A68002AFCDA464A1569D6
:10E3A00005F007059D4203D01361936CDD03FCD497
:10E3B00011F4E05F09D026F4E05604F4E0543E4A3C
:10E3C00026435661936C9907FCD44749474A014458
:10E3D00091423CD8464BC909A3FB0131090B4B1EA6
:10E3E0001B0286EA030212F4407F06D026F4407630
:10E3F00003F44073304A334353612F4A536923F087
:10E4000000735361936C9B06FCD43A4B4F45A3FBBE
:10E4100000234FF0FF324FEA9343B0FBF1F1B2FB20
:10E42000F3F3354A1060354A1160354A136008D25B
:10E4300028F01F08214A48EA0707D7601368002B15
:10E44000FCDABDE8F087734662E7122718E74FF45D
:10E4500040730421C5E70CF1FF31204807238C02EB
:10E46000104486EA8121274ADFF8A8A0A2FB0020F9
:10E47000020D2548362A38BF362202FB00F042EA58
:10E480000A0A74E74FEA8C24002386EA8C214FF0B5
:10E49000010EAC4662E71D4686F0C05411464FF0AF
:10E4A000C05313E700244FF0010C024631462346C7
:10E4B000E64653E700A4781F00C00F400000084064
:10E4C0000046C32323B24C001F85EB5100366E017A
:10E4D00000800D4040300080FFB19F26808D5B00A2
:10E4E000FF7EF64D00643F4D7FD1F0087F17B42CBE
:10E4F0009F10E50083DE1B43DC290020D829002083
:10E5000054460620819F5E16001BB7006C200080D9
:10E510007F3001800020008000B970472DE9F84F5E
:10E5200001218146214C224D224E54E8003F2A68A9
:10E53000306844E80013002BF7D11F494B684FF4B3
:10E540007A7BDFF878A01B1A01270BFB02F8DAF8B8
:10E550000020A3FB02325A4594BF9044D84454E8AB
:10E56000003F2A68306844E80073002BF7D14B68FD
:10E57000DAF800C01B1A0BFB02F2A3FB0C3CBCF543
:10E580007A7F94BF624402F57A72A2EB0802B2F578
:10E590007A7F06D3B9F1010908F57A78DFD1BDE8B1
:10E5A000F88F01F0BBFB0449D9E700BF684606209D
:10E5B0006446062060460620001000E0544606200F
:10E5C00030B40F4B4FF0010C0E4D0F4C53E8002FA1
:10E5D0002868216843E800C2002AF7D10B4B5B682A
:10E5E0000B4A5B1A4FF47A71126801FB00F0A3FB2F
:10E5F000023230BC8A4294BF80184018704700BF76
:10E60000684606206446062060460620001000E0AA
:10E6100054460620362816D80201104B03EB001092
:10E620009B5810B4C2685C68144205D061B95DF8AB
:10E63000044BC3F888207047836851B1084A5DF8DD
:10E64000044B1A60704770475DF8044BC3F8842090
:10E650007047044A5DF8044B1A607047102300208D
:10E6600038F001003830010036280BD8064B020183
:10E6700003EB00109A58C36892681A4214BF012035
:10E68000002070470020704710230020362829D82A
:10E69000164B0201012903EB00109A5810B453687D
:10E6A000C4680ED004290CD023EA040353608368A5
:10E6B000A9B1022917D003290CBF0D4A0D4A1A60CF
:10E6C00007E0234301295360836808D040F63802ED
:10E6D0001A60436815225DF8044B1A6070473822AF
:10E6E0001A60F6E77047044A1A60F2E71023002028
:10E6F000383001003800010038F0010008B5F4F7A7
:10E7000033FFF5F7CDF901F009FBFAE7844641EA5A
:10E71000000313F003036DD1403A41D351F8043B99
:10E7200040F8043B51F8043B40F8043B51F8043BEB
:10E7300040F8043B51F8043B40F8043B51F8043BDB
:10E7400040F8043B51F8043B40F8043B51F8043BCB
:10E7500040F8043B51F8043B40F8043B51F8043BBB
:10E7600040F8043B51F8043B40F8043B51F8043BAB
:10E7700040F8043B51F8043B40F8043B51F8043B9B
:10E7800040F8043B51F8043B40F8043B51F8043B8B
:10E7900040F8043B51F8043B40F8043B403ABDD2FA
:10E7A000303211D351F8043B40F8043B51F8043B9C
:10E7B00040F8043B51F8043B40F8043B51F8043B5B
:10E7C00040F8043B103AEDD20C3205D351F8043B2B
:10E7D00040F8043B043AF9D2043208D0D2071CBFF7
:10E7E00011F8013B00F8013B01D30B880380604620
:10E7F000704700BF082A13D38B078DD010F0030396
:10E800008AD0C3F10403D21ADB071CBF11F8013B05
:10E8100000F8013B80D331F8023B20F8023B7BE754
:10E82000043AD9D3013A11F8013B00F8013BF9D27F
:10E830000B7803704B7843708B7883706046704719
:10E8400002F05CBD02F062BD01F1FF3C70B56646AE
:10E85000002400E00134B0FBF2F502FB1503092BA4
:10E8600003F1370E03F130035FFA8EFE98BF5FFAB3
:10E8700083FE9042284606F801EFEBD2631C00228B
:10E88000C818CA547CB162461CF8015F10F8016DCB
:10E89000A1EB0C0302328CF80060013B521A0570A8
:10E8A00023449A42EFDB084670BD00BF00230F22CD
:10E8B00048F2B82C194610B54FF470444FF4806EEE
:10E8C000A0F88C414FF46044A0F88E210A46A0F8CD
:10E8D0009031B0F888319BB243F0F003A0F8883152
:10E8E00001EB4103013100EB431304299C80A3F8A1
:10E8F00006E05A841A865A805A81A3F80EC05A82BA
:10E90000DA825A83DA83EBD1B0F888319BB243F0D4
:10E910000F03A0F88831B0F888319BB243F47063DC
:10E92000A0F8883110BD00BF374B384A996F38487E
:10E9300041F47F0170B5996741F20106D3F8801068
:10E9400045F6C05543F226040A43C3F88020FFF77A
:10E95000ADFF00F58040FFF7A9FF00F58040FFF70D
:10E96000A5FF00F58040FFF7A1FF0022A0F50310EE
:10E970004FF00F0E114600EB42134FEA421C0132DA
:10E980009981042A5981A3F80EE09E82DD8020F847
:10E990000C1019829C81EED100221E484FF00F0E00
:10E9A00041F20106114645F6C05543F2260400EB3C
:10E9B00042134FEA421C01329981042A5981A3F87B
:10E9C0000EE09E82DD8020F80C1019829C81EED131
:10E9D000002211480F2641F20105114645F6C054A8
:10E9E00043F2260E00EB42134FEA421C013299819A
:10E9F000042A5981DE819D82DC8020F80C10198266
:10EA0000A3F80CE0EED170BD00C00F40000003FC85
:10EA100000C03D4000001E4000401E40074A506AB2
:10EA2000936A19468446506A936A9942F9D184459B
:10EA3000F7D1DB0B43EA4040704700BF00400D4078
:10EA400072B6EFF30583524CC4F884301EF0040F05
:10EA50000CBFEFF30882EFF309824FF0E0234D4E35
:10EA60004D4DD3F8280DD3F82C1DC4E92201D3F85D
:10EA7000341DD3F8383DC4E924139369C4F89830A1
:10EA8000D369C4F89C3000F0BFF884ED280AFFF782
:10EA9000C5FF0B214FF0FF32C4F8A4000B46C4F8A9
:10EAA00080103E49301D5A40202402F00103013CF1
:10EAB00001FB03F383EA5202F7D1A84202D0736844
:10EAC0000646EFE7324BC3F8A820BFF34F8F4FF055
:10EAD000E0233049324AC3F8701FC3F8702FBFF3E8
:10EAE0004F8FBFF36F8F2F4A02252F48D36E2F49C8
:10EAF00043F44053D3660560D3692D4823F07F0368
:10EB000043F04003D3610B6883423DD8264D00217A
:10EB10004FF0E0234FF0FF3229600126C5F80811BD
:10EB20002449C5F80011C5F80861C3F88021C3F86D
:10EB30008421C3F88821C3F88C21C3F8902101E017
:10EB400000F054F9D5F80C31002BF9D00134C5F898
:10EB50000C614F2CF4D9184B022018494FF0004299
:10EB6000C1F840015A63D5F80C313BB91448154936
:10EB70000D4A0163D2F80C31002BFAD04FF0E0239C
:10EB8000114AC3F80C2DFEE7FFF74EFBBEE700BFAE
:10EB900000FF272080FF2720A8FF27202083B8ED33
:10EBA000A0FF272000C00F4000400840DC290020C3
:10EBB000803DCD0B009F240000900D4000002E40B2
:10EBC00000800F40F100AD0B0400FA050A490A6805
:10EBD00038B108B513180948834204D810460B60B1
:10EBE00008BD1046704702F055FF0C234FF0FF326E
:10EBF0000360104608BD00BF682E002000002820DA
:10EC000030BFFDE7FFF71CBF124AD2F880305B0728
:10EC1000FBD5D2F880301048C3F30B230F4990ED99
:10EC2000007A07EE903A91ED006AB8EE477A0C4A06
:10EC3000F8EEE77A0B4BD2ED006A77EEC77A93EDE8
:10EC4000007AB8EE477A67EE867A87EEA60A37EE44
:10EC5000400A704700810D40444606204C4606207D
:10EC60005046062048460620836BF0B41BB153681B
:10EC700043F40043536072B6446B3CB31A4B2260BA
:10EC8000D3F8B0410C421DD1184E776804E0746887
:10EC9000E41BB4F5166F0BD2D3F8404144F4804422
:10ECA000C3F84041D3F8B851D3F840416404EED5DD
:10ECB0000D4007D10C4CC0E90225D4F8B0310B430C
:10ECC000C4F8B031426362B6F0BC7047064DC0E98B
:10ECD0000224D5F8B0310B43C5F8B031026342636A
:10ECE00062B6F0BC704700BF00002E40001000E08C
:10ECF00070B5056B9DB106462A46002403E01268F4
:10ED00000134012A0CD0536813F08003F7D032632A
:10ED10002CB12846B36B2D689847013CF9D170BDE2
:10ED2000C6E90C33F4E700BF30B4D9B91F4C204B0F
:10ED30000021204A01254FF0011099601D60C4E9AF
:10ED4000023180245C60C2F8BC01D2F8B0311A48AC
:10ED50002B43C2F8B0310160D2F8B031002BFBD1A7
:10ED600030BC70470904154B104C012541F080015F
:10ED70009860104A596000F580511D60D96000F517
:10ED80000051A364196100F5405100F580405961BC
:10ED900000219861E164D2F8B03143F48033C2F8C5
:10EDA000B031D2F8B031002BFBD1C0E70000002019
:10EDB0002037002000002E40404F04204037002024
:10EDC000084901220B7802FA00F023EA00000870DB
:10EDD00030B9054AD2F8483123F08003C2F84831EF
:10EDE000704700BF6548062000002E402DE9F04F17
:10EDF000974C83B0D4F84471FB07C4F8447153D5E1
:10EE0000D4F8AC21002A4AD0924EDFF860A2DFF895
:10EE10007492DFF874B2DFF87482C4F8AC21D6E9DA
:10EE20000A20D4F8403143F40053C4F84031D4F8F8
:10EE300040319D04F5D5D4F8403123F40053C4F893
:10EE400040314FF00113C4F8B431D4F8B45115F087
:10EE50000115FAD193B28446CAF80050B3F5086F91
:10EE600000F0CF8100F2DB8040F202318B4200F0F3
:10EE7000E78100F29A80822B00F0CB81B3F5817F8D
:10EE800040F08A8010F0780F83B200F003824FF0D8
:10EE90000113C4F8C031D4F8AC21002ABDD16C4AAA
:10EEA000D2F8BC31002B42D17E0616D5684BD3F880
:10EEB000AC21C3F8AC21D3F8BC21C3F8BC21D3F8F2
:10EEC000B041002CFBD14FF0FF32C3F8B421D3F88E
:10EED000843100F027FD604B1C60FC0103D55F4BC3
:10EEE0001B6803B19847B80103D55D4B1B6803B19C
:10EEF0009847790708D5564BD3F8843113F400733B
:10EF000047D0584B01221A70514BD3F848311A069A
:10EF10000AD53B0608D5544A13782BB1013BDBB226
:10EF20001370002B00F0728203B0BDE8F08F4F49E0
:10EF3000C2F8BC310868034240F0D181464A1468E7
:10EF40001C40B1D05FEA144810D0424E4FF0010986
:10EF500098FAA8F5B5FA85F506EBC51009FA05F596
:10EF60004030FFF7C5FE38EA0508F1D1A4B2002C05
:10EF70009AD0384E4FF0010894FAA4F5B5FA85F509
:10EF800006EBC51008FA05F5FFF7B2FEAC43F3D166
:10EF90008AE7344A1370B7E7802B7FF478AF3448A0
:10EFA00002210580FFF7C0FE75E7B3F5A06F00F002
:10EFB0000B81A3F5D063012B3FF669AF2D4B5D6844
:10EFC000002D3FF464AF1FFA8CFC4FEA124E04E0B0
:10EFD0001D690C33002D3FF45AAF1A887245F7D1E2
:10EFE0005A886245F4D14FEA1E22032A00F0A58117
:10EFF0001A89000C824228BF0246BEF5007F40F00D
:10F00000A181184B1C4918781C4B0192002818BF8D
:10F0100019461B48FFF77AFB194D019AE1E142F2CC
:10F0200021218B427CD033D942F221318B4200F036
:10F0300081804FF6C0018B427FF429AF10F47F4FDF
:10F0400083B27FF424AF43F46E4363F30F0CB5E750
:10F0500000002E4000000020444F04207C46062083
:10F06000804606207048062071480620404F042044
:10F070000C46062028280020EC200060502100606B
:10F0800000532720384F04205DCFC6B8C0012E4062
:10F09000B3F5106F66D042F221018B427FF4F7AED8
:10F0A000030C072B7FF4F3AEB24BB349F560D96084
:10F0B000B249B360C3F80890C1E9002001221A6088
:10F0C000AF4A5A60AF4A1A61D4F8B01141F0010159
:10F0D000C4F8B01102F5805102F5005259619A61ED
:10F0E000D4F8B031002BFBD1A74AF364936001231D
:10F0F000B264136048F2800353604FF00113C4F808
:10F10000BC31D4F8B03143F48033C4F8B0314FF49B
:10F110008033CAF80030D4F8B031002BFBD1BAE606
:10F1200080B238B9994BC2F307421968984B1960FD
:10F13000984B1A70944B00229A60F2640122B364D7
:10F140001A6080225A604FF00113C4F8BC31D4F821
:10F15000B03143F48033C4F8B031D4F8B031002B6F
:10F16000FBD198E6C2F307428B4B1A708B4BC4F865
:10F17000C8318B4BC4F8CC318A4BC4F8D03100F085
:10F18000D3FB80222946884802F0DAFB874B802295
:10F19000C6F8A0B0C6F8E0307B4BF5645A60012297
:10F1A000B3649D601A604FF00113C4F8BC31D4F809
:10F1B000B03143F48033C4F8B031CAF80050D4F809
:10F1C000B031002BFBD166E66F4B0121F56419606D
:10F1D00080219D60B36459604FF00113C4F8BC31C5
:10F1E000D4F8B03143F48033C4F8B031D4F8B0313E
:10F1F000002BFBD1130C5B0643F08073C4F8543131
:10F2000049E6654B01216A481B780370FFF78CFDC6
:10F2100041E683B210F078007FF439AE03F07F024C
:10F2200058F82210624A1080180600F19E80CB0721
:10F2300001D50123137002215D48FFF775FD2AE611
:10F2400010F0780F83B27FF422AE03F07F0213F048
:10F25000800F58F8223014BF43F4803343F0010389
:10F2600048F822300022484BF2649A600122B364CD
:10F270001A6080225A604FF00113C4F8BC31D4F8F0
:10F28000B03143F48033C4F8B031D4F8B031002B3E
:10F29000FBD100E603F07F0213F0800F58F8223014
:10F2A00014BF23F4803323F0010348F822300022F6
:10F2B000354BF2649A600122B3641A6080225A606E
:10F2C0004FF00113C4F8BC31D4F8B03143F48033AB
:10F2D000C4F8B031D4F8B031002BFBD1DBE500200D
:10F2E000086026490C88486842F221018C427FF46C
:10F2F00025AE80B200287FF421AE2E492E4C03C9E2
:10F30000A18086284FEA11412060A1717FF416AEDA
:10F3100072B62A48017841F008010170D2F848110C
:10F320000D0605D480200143C2F84401C2F84811FB
:10F3300062B6234A5021117000E6000C2A788242FE
:10F3400028BF0246BEF5E06F44D11E4B1E4D187813
:10F350001E491F4B0192002818BF19462846FFF787
:10F36000D5F907236B70019A3BE0C9033FF561AF04
:10F3700061E700BF40370020385F0420E0380020FC
:10F3800080000700386F04202037002064460620E4
:10F39000784606206E4806206F4806200200CC0002
:10F3A000C80002000200C800800000201993D57434
:10F3B0000C460620384F042070460620654806207B
:10F3C0007148062070480620005327205021006015
:10F3D000EC2000602946104D01922846FFF796F96F
:10F3E000019A25F01F031544BFF34F8F4FF0E02122
:10F3F000C1F8703F20339D42FAD8BFF34F8FBFF35F
:10F400006F8F05481146FFF78FFC44E50320FFF797
:10F41000D7FC02F07DFD00BF005327202DE9F04707
:10F420001F46831E022B01D9BDE8F087DFF84C9000
:10F4300015460C463C2209EBC01806464FEAC01A96
:10F44000002108F10400240402F07AFAB5FA85F2EA
:10F450000123520944EA427449F80A40C8F8387056
:10F46000C8F80830002FDFD0034AB34011680B43BF
:10F470001360BDE8F08700BF444F04200000002067
:10F480002DE9F0470D46811E022901D9BDE8F0871C
:10F49000C701DFF84C909246044640373C220021D9
:10F4A0001E4609EB07082D0408F1040002F048FA93
:10F4B000BAFA8AF2520945EA427249F80720012253
:10F4C000C8F83860C8F80820002EDFD0034B10348D
:10F4D0001968A2400A431A60BDE8F087444F04202F
:10F4E0000000002012048160C36101F5405342F026
:10F4F000800210B40124426001F50052046001F55D
:10F50000805401F58041C46081615DF8044BC0E91D
:10F5100004237047831E0A46022B00D97047064B0E
:10F5200000F110014FF0010C03EBC0100CFA01F1D7
:10F530004030FFF799BB00BF00000020831E0A4641
:10F54000022B00D970470121024B814003EBC01010
:10F55000FFF78ABB0000002040687047124A134B37
:10F56000D2F8200220F07F40984210B584B002D239
:10F5700000EB800040000E4C01A90A22FFF764F95D
:10F5800001A90023204611F8012B01333AB10A2BBF
:10F5900020F8022FF7D11623237004B010BD5B00B2
:10F5A000DBB2237004B010BD00441F408096980069
:10F5B000E832002000F0D6BA00F066BB00F03CBB99
:10F5C0000846114600F02CBBF8B5144C4FF0E0256E
:10F5D000134E4FF4003204EB4024124F06EB40165A
:10F5E0000346C5F88C2121463A883046FFF77AFF5A
:10F5F0003B882344BFF34F8FC5F85C4F2034A342B0
:10F60000FAD8BFF34F8FBFF36F8F03203146FFF758
:10F6100095FF4FF40033C5F80C31F8BD8053272017
:10F62000603700202C480620244B2DE9F0411C882F
:10F630004368C569C3F30E43E41A002C24DD204956
:10F6400020480A780078D3B21F4E82421F4807D064
:10F6500010F8038036F81870C7F50072944218D974
:10F660000133002226F81540082B194E88BF134697
:10F6700026F8152098BFDAB2C554164B0A701A68DE
:10F6800014441C60BDE8F0812846BDE8F041FFF756
:10F690009BBF07EB4820104922462744084401EB52
:10F6A0004521FFF733F80B4A284626F818701368EF
:10F6B0002344BDE8F0411360FFF786BF2C480620C5
:10F6C0005F48062060480620184606203846062077
:10F6D0002846062014460620805327201D4B1A7802
:10F6E000002A36D102F0FF031B4A12788AB32DE9B3
:10F6F000F0411A4D2A8852B3194EC2F50068194FCD
:10F700003278194C07EB421704EBC22442463846C4
:10F710002146FFF7E7FE04EB0802BFF34F8F4FF0DF
:10F72000E023C3F8704F2034A242FAD8BFF34F8FC2
:10F73000BFF36F8F04203946FFF7ECFE33780133B7
:10F74000DBB2032B88BF0023337000232B80BDE87E
:10F75000F08170476D4806206F4806203848062023
:10F760006C48062060380020806327202DE9F04F88
:10F7700085B0CDE90110002900F0BF800023604C66
:10F78000DFF89881DFF898A15E4F009301235E4A6D
:10F7900023705E4B1978B8F8003002EB4119002B4A
:10F7A00040F0A7801E461D469B464846FFF7D4FE04
:10F7B00010F0800000F08C80BFF34F8F9AF800307B
:10F7C00084F800B005B93E68002B7DD13B689B1BD7
:10F7D000782B00F287804E4B1B78002B74D000F002
:10F7E0009DFA0122B8F8003015462270002BDCD0BB
:10F7F000464AC3F5006011781A4600EBC120454D1A
:10F80000C9022844019D954217D20393DDE90151B5
:10F810002A46FEF77BFF039B4FF040425B1BA8F894
:10F8200000303D4BC3F88420BFF34F8F0098002376
:10F830002844237005B0BDE8F08F364BCD180299EF
:10F84000FEF764FF00234FF4006229464846FFF7A5
:10F8500049FEBFF34F8F05F1200205F50063934287
:10F8600034BF012340234FF0E02205EB4313C2F8DD
:10F87000705F2035AB42FAD1BFF34F8FBFF36F8F6C
:10F8800004204946FFF746FE204A13780133DBB2D5
:10F89000032B84BF00231D4A1370B8F80030019A6F
:10F8A000D11A009A1A4401910092029A1A44002334
:10F8B0000292194AA8F80030C2F88430BFF34F8F83
:10F8C000237000297FF462AF009805B0BDE8F08F87
:10F8D0004FF400620D4B8AF8000019781346A8F81F
:10F8E00000208AE7012300988AF8003005B0BDE8BF
:10F8F000F08F1A46C3F500607FE70198E5E700BF87
:10F900006D48062064460620603800206C480620BA
:10F910006F4806208063272000002E4038480620CC
:10F920006B480620704700BF2D4B002180222D48D8
:10F9300070B51B7800242C4D8B422C4E0CBF4023FD
:10F940004FF400732B80338001F0FAFF284A2146E0
:10F95000284B14704FF4807227481C8001F0F0FF90
:10F96000264A1021264B0220C2E90044C2E9024483
:10F97000244AC3E900441470234AC3E90244234BD8
:10F980001C70234614602246FFF77AFD2246318818
:10F9900003201F4BFFF742FD234601222988042044
:10F9A000FFF76EFD20460134FFF70EFE082CF9D15B
:10F9B000184B00214A221848184C0460C3F88410E0
:10F9C000C3F88020D3F84821154942F08072C3F86B
:10F9D000482121B1134A137843F00103137070BD1D
:10F9E00070480620603800203A4806202C4806203F
:10F9F0006C4806203848062060370020184606204C
:10FA0000284606205F480620144606206048062047
:10FA100069D4000000002E407C4606201DD5000061
:10FA200000000000764806202DE9F04F4FF0E0235B
:10FA30004FF40032DFF8C8A083B0C3F88C218B46A6
:10FA40009AF8004000294FD08046E4B20027DFF842
:10FA5000B490264BABEB070225491B78A34204F177
:10FA600001043FD0092C234B404628BF00241E5DD3
:10FA700039F816C00CEB462319441F4B33F81650C7
:10FA8000A5EB0C05AA421CD20CEB462C18491B4CCA
:10FA900061440192FEF73AFE216839F81650584643
:10FAA000019AA1EB0B012A44394429F81620216060
:10FAB0004FF0E0234FF40032C3F80C2103B0BDE84F
:10FAC000F08F2A462F44FEF721FE0C49E3B2304660
:10FAD0000A68A844521B0A608AF80030FFF774FDD8
:10FAE000BB45B6D83846E3E70846E1E75F4806205D
:10FAF0008053272038460620184606201446062044
:10FB000060480620284606200B4B0C4A12781978CC
:10FB1000D3B28A420DD0013309480A4A092B0A4957
:10FB200028BF0023C35C31F8131002EB4323585C59
:10FB300070474FF0FF3070475F480620604806204E
:10FB4000384606208053272028460620044B10B54F
:10FB50001C680CB1204610BD00F0E0F8204610BD36
:10FB6000144606202DE9F84F144E154D33782A78A7
:10FB7000934221D0DCB2DFF85090DFF850B0DFF8CC
:10FB80005080104F0134082C5FFA84FA01D9002408
:10FB9000A24619F80400DBF8003038F8102037F8D6
:10FBA0001010521A9B1ACBF80030FFF70DFD86F8A3
:10FBB00000A02B78A342E5D1BDE8F88F604806206D
:10FBC0005F480620284606203846062014460620B0
:10FBD0001846062000B583B001210DF10700FFF79C
:10FBE00023FF20B19DF8070003B05DF804FB4FF040
:10FBF000FF30F9E7094B00B583B01B788DF807009B
:10FC00003BB101210DF10700FFF7B0FD03B05DF836
:10FC100004FB03F0FF0003B05DF804FB6F4806200F
:10FC2000044B1B7803F0FF020BB1FFF79FBD10469A
:10FC3000704700BF6F4806202DE9F0410024DFF82F
:10FC4000448001230D4D27460D4E88F8003033784F
:10FC500028462035A34204F1010405D0FFF77CFCBF
:10FC6000030658BF07F50067042CF0D1BFF34F8F90
:10FC70000023384688F80030BDE8F0816038002065
:10FC80006C4806206D4806202DE9F8431D4B1B7873
:10FC900013B11D4D2A880AB9BDE8F8831B4EC2F581
:10FCA00000691B4933784A461A4C01EB43181A4F36
:10FCB00004EBC324012340463B7021460023FFF799
:10FCC00011FC04EB0902BFF34F8F4FF0E023C3F8A0
:10FCD000704F2034A242FAD8BFF34F8FBFF36F8F1B
:10FCE00004204146FFF716FC33780133DBB2032BC7
:10FCF00088BF0023337000232B80BFF34F8F3B70EE
:10FD0000BDE8F8836F480620384806206C48062076
:10FD100060380020806327206D4806202DE9F843D5
:10FD20002D4B1E7866B12D4F3B784BB90123F1075F
:10FD30003B7043D4B20726D400233B70730701D431
:10FD4000BDE8F883264B1A68002AF9D0EFF3058244
:10FD5000002AF5D1EFF3108572B61868002834D068
:10FD6000204C2178002930D10122227042691A608A
:10FD7000002A2ED0916105B962B6002583684577C7
:10FD800098472570DCE7DFF8648098F80030002B96
:10FD9000D2D00025DFF858902B4659F82340013582
:10FDA000236820461B69984710B163699B68984790
:10FDB00098F80020EBB29A42EFD8BDE7FFF7C6FEF5
:10FDC0000028B7D0AFF30080B4E7002DB8D162B6F9
:10FDD000B6E7054B1A60CEE7764806204348062072
:10FDE0006C4B042041480620784B042042480620F2
:10FDF000F44B042008B5D0E900325BB1BAB10F4B27
:10FE0000A3FB0213DB0803EB4303B2EB83030AD12A
:10FE1000012008BD094BA3FB0213DB0803EB4303DE
:10FE2000B2EB830301D0D21A4260F02AF0D801F07D
:10FE300031FE1C22034600201A6008BDABAAAAAA04
:10FE400070B5044638B319B1B2FA82F67609A2B990
:10FE5000206800B36268F2B1184B194902FB03F342
:10FE6000B1EBB30F17D3A368E3B9002201232260DB
:10FE70006260A260E260184670BD1D46049BC0E946
:10FE80000012C360FFF7B6FF03460028F3D06DB938
:10FE90000123184670BD01F0FDFD1622002302600B
:10FEA000184670BD002101F04BFDDEE76268314667
:10FEB0002068A56001F044FD0123DCE7ABAAAAAAF3
:10FEC0005555551500000000B0EE407B17EE903AF6
:10FED0001B4A23F0004393421CDD1A4A934202DD81
:10FEE00030EE400B704700B585B0684600F0DCFB93
:10FEF00000F0030001289DED021B9DED000B0ED0CC
:10FF0000022813D070B100F0DFFAB1EE400B05B05B
:10FF10005DF804FB9FED081B002000F06DBB00F0B6
:10FF2000D3FAF4E7012000F067FBF0E7012000F0CE
:10FF300063FBB1EE400BEAE70000000000000000A8
:10FF4000FB21E93FFFFFEF7F2DE9F04F5BEC10ABAA
:10FF50002DED0A8B4FEA1B5C11EE90EA0CF1FF3697
:10FF600040F2FD70864210EE101A11EE103A89B080
:10FF70005A4665464FEA1E5400F2C680C4F30A068C
:10FF8000A6F2BE367F2E98BF002000F2BD80BFEEE5
:10FF9000000BE14CE14B1444C4F3463503EB45162A
:10FFA00093ED006B93ED027B96ED128B96ED189B13
:10FFB00096ED162B260D241505EE904A360593ED89
:10FFC0000C4BB8EEE55B951BA5EE062BA5EE079B4B
:10FFD00093ED04AB93ED105B93ED08BB93ED067BC3
:10FFE00093ED0A6B93ED0E3B0C1E45EC1C4BACEEF7
:10FFF000080BA0EE053BA0EE046B20EE0A5B30EE92
:02000004600199
:10000000024B20EE058BA0EE0B7BA8EE036B32EECD
:10001000442BA8EE067B32EE002BB0EE483B39EEC7
:10002000022B95EE003B34EE085B20EE080B34EE1D
:10003000454B32EE036B34EE084B36EE046BA0EE0C
:10004000076B35EE064B21EE048B18EE902AB0EECE
:10005000487BC2F30A556FF47273EB183E2B91EE96
:10006000047B35EE445B35EE065BA1EE057B00F2CA
:100070009380AB4B93ED024B93ED005BB0EE441BD2
:1000800093ED042BA8EE051B93ED066B11EE101AF1
:1000900031EE441B01F07F0293ED0E4BA1EE028B7B
:1000A000A1EE068B93ED0C6B37EE087B27EE072B4A
:1000B000921802F10F0403EBC202A7EE046B92ED5B
:1000C0001C4B03EBC40293ED0A3B93ED085B53F822
:1000D00034605768A7EE035B4018002422EE023B11
:1000E00037EE047BA219A2EE057B07EB4033A3EEAB
:1000F000067B002D5FD043EC102BA7EE000B09B060
:10010000BDEC0A8BBDE8F08FD8184EEB0E09461EE9
:1001100037466FF0010849F1FF36B8456FF4001714
:1001200077EB0606C0F02081481842EB0209461E14
:10013000374669F10006B8456FF4001777EB0606FD
:10014000C0F03981002A6ADB0020C4F30A06A6F257
:10015000BE337F2B40F2FF774FD9724B00209A427B
:1001600008BF814200F0FD8040F2BD35AE4240F252
:100170009180012972EB030334BF01230023BC42A9
:100180008CBF00240124A3420ED109B0BDEC0A8B20
:10019000BDE8F04F00F0FCBB002BC0F2CE80B5F5FF
:1001A000816F75D9002AF0DB09B0BDEC0A8BBDE880
:1001B000F04F00F0F5BBA14280F21381B7EE003B97
:1001C00003F17F5101F50011104641EC150B27EEAC
:1001D000057B35EE076BB0EEC64BB4EEC34BF1EECC
:1001E00010FA61D49FED480B26EE000B09B0BDEC70
:1001F0000A8BBDE8F04F00F003BC002D7FF4C7AEC2
:100200009FED437B4BEC16AB26EE077B53EC172B95
:1002100023F0004217EE101AA2F15072B7E6C4F3B1
:100220000A0640F2FE3086427EDD40F233408642CE
:1002300000F3FA80801BA0F120054FF0FF374FF04C
:10024000FF39874009FA05F9C0F12008019547EA0E
:1002500009054FF0FF3727FA08F945EA09058740F5
:1002600023EA07072EEA05053D435DD1019DC34002
:100270000EFA08F843EA08032EFA05FE43EA0E03D5
:1002800003F00103980422F00042CCF30A055EE774
:100290000025EEE688429341B7EE000B34BF31EE05
:1002A000000B30EE410B2AE7B5EEC06BF1EE10FA11
:1002B00035EE465BBFEE004B35EE075B58BFB0EE48
:1002C000434B36EE043B34EE437B37EE067B37EE92
:1002D000057B37EE037B37EE446BB5EE406BF1EEFA
:1002E00010FA04D12A4601F0004343EC162B9FED8F
:1002F000065B8DED045B9DED047B27EE057B8DEDAC
:10030000067B6FE7AFF300800000000000001000E4
:100310000000000000003043AB6A19C0300B002021
:10032000C00200200000F03F4BEC10AB09B0BDEC68
:100330000A8BBDE8F04F00F053BBB7EE000B38EE70
:10034000000B00283FF4DBAEB1EE400BD7E64918B6
:10035000594B82F400224FF00000524188429341F1
:100360005DD3B7EE000BCAE650EA0904EFD0534C58
:100370000025A24208BFA94247D04918504B52411C
:100380008D4273EB02044AD3994508BFA84246D177
:1003900003F100439A4208BFA942E2D09A426FEAB1
:1003A0000E0E34BF002201224FEADE7E724577D066
:1003B0009FED3D0BA3E64BEC17AB002A27EE070B96
:1003C00034DB002250EA09095DD1BEF1000FBFF60F
:1003D00096AE104609B0BDEC0A8BBDE8F04F00F0B8
:1003E000E7BA03F140419FED326B01F57001104611
:1003F00041EC100BA7EE000B20EE060B09B0BDEC94
:100400000A8BBDE8F04F00F007BBDB182A4A8EF4D8
:10041000002E4EEB0E0E9D4272EB0E02A1D24BEC63
:1004200017AB37EE010B6AE600202CE7C4F30A0293
:10043000A2F2FF313429C4D8C2F586624FF0FF31F1
:10044000A2F11D05033201FA05F701FA02F4C2F127
:1004500020063C4321FA06F73C43914023EA010180
:100460002EEA04042143ACD123FA02F20EFA06F676
:1004700032432EFA05F52A4312F00102A2D0B1EE62
:10048000400B01229EE7BEF1000FBFF638AEB7EE7B
:10049000006B86EE007B8DED027B9DED020B2EE660
:1004A00021EE010B2BE600BF000000000000000061
:1004B000000000000000007F0000F0FF0000F03F9F
:1004C0000000E0FF0000000010EE903A23F000432F
:1004D000B3F1795F2DED028B2EDAFDEEC07B17EEC6
:1004E000903A002B65D020EE004B9FED358B9FEDB1
:1004F000362B9FED373BA4EE082B9FED375BA4EE28
:10050000023B9FED376BA4EE035B9FED377BA4EEC0
:10051000056BA4EE067B24EE077B21EE401BB6EEB6
:10052000006BA4EE071BB7EE000B94EE061BBDECB0
:10053000028B30EE410B70479FED218B20EE004B7C
:100540009FED212B9FED223BA4EE082B9FED225B1C
:10055000A2EE043B9FED226BA3EE045B9FED227B9A
:10056000A5EE046B224AA6EE047B934227EE047BA1
:10057000D3DD204A934217DCB7EE006B0020A3F5D1
:10058000001141EC150B36EE456B21EE401BB6EE2B
:10059000003BA4EE071B94EE035BBDEC028B35EE33
:1005A000410B36EE400B7047B6EE076BB5EE025BC3
:1005B000EBE7B7EE000BBDEC028B7047AFF30080AA
:1005C000D43888BEE9FAA8BDC4B1B4BD9EEE213EC0
:1005D000AD529C804F7E92BE9015CB19A001FA3E81
:1005E0007751C1166CC156BF4C5555555555A53F51
:1005F0003233D33F0000E93F10EE903A23F000433E
:10060000B3F1795F04DAFDEEC07B17EE903A5BB38D
:1006100020EE007B9FED162B9FED173B9FED184BB7
:10062000A7EE023B9FED185BA3EE074B9FED186B07
:10063000A4EE075BA5EE076B20EE075B30B99FEDDC
:10064000164BA7EE064BA4EE050B70479FED144B1F
:1006500026EE456BB6EE003BA1EE036B96EE071B54
:10066000A5EE041B30EE410B704700BFAFF30080D6
:100670007CD5CF5A3AD9E53DEB9C2B8AE6E55ABEAC
:100680007DFEB157E31DC73ED561C119A0012ABF48
:10069000A6F810111111813F495555555555C5BF43
:1006A000495555555555C53F70B553EC102B9C49D0
:1006B00023F000458D4288B004466ADD99498D4299
:1006C0001E461BDC002B9FED867B40F3EB8030EE5B
:1006D000477BA1F51B21A1F5F0618D426AD09FED0A
:1006E000826B012037EE465B37EE457B84ED005B85
:1006F00037EE467B84ED027B08B070BD8A498D429F
:1007000060DD8A498D424DDC2A1510EE100AA2F2F6
:100710001642A5EB025141EC170B9FED755BBDEE48
:10072000C76BB8EEC66B37EE467B27EE057BFDEE5A
:10073000C74B8DED026BB8EEE46B37EE467B27EED0
:10074000057BB5EE407BF1EE10FA8DED046B8DED7F
:10075000067B40F0968014EE903A002B0CBF0123EC
:100760000223734901910221009102A8214600F061
:1007700067F9002EC0DA94ED006B94ED027BB1EEC8
:10078000466BB1EE477B84ED006B84ED027B40420B
:10079000B2E700200021C4E90201002084ED000B33
:1007A00008B070BD30EE407B002084ED027B84ED0C
:1007B000007BA1E79FED505B9FED516B37EE457BD2
:1007C00001208FE700F0BAF8B6EE007B9FED4E5B9C
:1007D000A0EE057BFDEEC77B9FED413B17EE900A37
:1007E0009FED416B1F28B8EEE75BB1EE454BA5EEE0
:1007F000430B25EE067B1CDC4E4B421E53F8223089
:10080000AB4216D030EE476B84ED006B30EE460BFA
:1008100030EE470B002E84ED020BBFF66DAFB1EE4C
:10082000466BB1EE400B84ED006B84ED020B404251
:1008300062E730EE476B16EE903AC3F30A53C3EB10
:100840001553102B4FEA2552DEDDB0EE403B9FEDF5
:100850002A6B9FED2B2BA4EE063B30EE437BA4EEE0
:10086000067B95EE027B33EE476B16EE903AC3F3B0
:100870000A53D21A312A06DCB0EE430B84ED006B2A
:10088000C4E703236DE79FED226BB0EE430B9FEDB2
:10089000222BA4EE060B33EE407BA4EE067B95EEF6
:1008A000027BAFE7244930EE077B8D420ED09FEDEF
:1008B0000E6B4FF0FF3037EE065B37EE457B84ED75
:1008C000005B37EE067B84ED027B15E79FED0A5B4C
:1008D0009FED0B6B37EE057B4FF0FF30EBE700BF72
:1008E00000004054FB21F93F3163621A61B4D03DEE
:1008F00000000000000070410000601A61B4D03DAB
:100900007370032E8A19A33B83C8C96D305FE43F1F
:100910000000002E8A19A33BC14920259A837B3908
:10092000FB21E93F7BD90240FB213941FFFFEF7FEB
:100930002027002090260020FB21F93F51EC100BCE
:1009400010EE102A21F0004343EC102B704700BF3B
:1009500010B582B08DED000B044601F09BF89DEDC3
:10096000000B046002B010BD82B058B1B1EE407B04
:100970008DED007B9DED007B222020EE070B02B069
:10098000FFF7E6BFB0EE407BF2E700BF00000000DB
:100990009FED010BFFF7E8BF000000000000001012
:1009A0009FED010BFFF7E0BF0000000000000070AA
:1009B00082B00028B7EE006BBFEE007B06FE077B1F
:1009C0008DED007B9DED000B9FED037B222080EEE3
:1009D000070B02B0FFF7BCBF0000000000000000E2
:1009E000B4EE400BF1EE10FA30EE407B87EE076B71
:1009F000B0EE460B02D62120FFF7AABF704700BF1A
:100A0000B5EE400BF1EE10FA00D070472220FFF750
:100A10009FBF00BF000000009FED076BB0EEC07BE2
:100A2000B4EE467BF1EE10FA00DC70472220FFF7AF
:100A30008FBF00BFAFF30080FFFFFFFFFFFFEF7F1F
:100A40002DE9F04F2DED088BADF5157D1C46049377
:100A50000791AB4BA69912F1140F53F8215082461F
:100A600004F1FF38C0F29982A649D31E81FB03012D
:100A7000DB17C3EBA10303930133A3EB8303DB0079
:100A8000D3180693039B15EB0801A3EB08031AD4B4
:100A900001319FED956BA79819441CAA0AE050F804
:100AA000234007EE904A0133B8EEE77B8B42A2EC7D
:100AB000027B08D0002BF2DAB0EE467B01338B428A
:100AC000A2EC027BF6D1002DC0F2C982049B1CAAC5
:100AD00002EBC3046CAE4FEAC30C4046EF180AEBBE
:100AE000C301B8F1000F9FED807B09DB224653461E
:100AF000B3EC025B32ED026B8B42A5EE067BF7D1C5
:100B00000130B842A6EC027B04F10804E9D108AF39
:100B100007EB85039FED769B9FED778B043BDDF81C
:100B200018B005930AEB0C0407EB85096CAE294657
:100B3000019594AB03EBC103002913ED280B16DDDF
:100B400006EBC1033A4620EE097B33ED025BB0EEC3
:100B5000406BBDEEC77BB342B8EEC77BA7EE486BD8
:100B6000BDEEC66B37EE050BA2EC016AEBD1584621
:100B7000029100F0ADFAB0EE40ABB4EE000B2AEEFD
:100B8000000B00F02DFBB2EE007BA0EE47ABBDEEFC
:100B9000CABBBBF1000FB8EECB7B02993AEE47AB74
:100BA00074DD01F1FF3ECBF1180357F82E2042FA15
:100BB00003FC0CFA03F3D21ACBF117001BEE103A28
:100BC00042FA00F56344002D47F82E200BEE103A50
:100BD00064DCB5EE40ABF1EE10FA40F0C480019B4E
:100BE00001F1FF3E73450DDC4FEA810C07EB8103F9
:100BF000002053F8042D4B4540EA0200F9D10028AB
:100C000040F0F280019B013B57F82330002B40F06D
:100C1000E680059B012553F8042D0135002AFAD002
:100C200001F1010E0D447046049B1944039B03EB34
:100C30000E0C0CF1804CA79B0CF1FF3C03EB8C0CD1
:100C40001CAB06EBCE0E03EBC1019CED017AB8EEB6
:100C5000C77BB8F1000F81ED007B0CF1040C0A4654
:100C60009FED216B01F1080109DB534601E032EDF4
:100C7000027BB3EC025BA342A5EE076BF7D1013018
:100C8000A842AEEC026BE0DD294652E740F09D80C1
:100C90004B1E57F82350ED15002D9ADD1BEE103A30
:100CA000002903F101030BEE103A40F38C813A68FE
:100CB000002A40F0828001292DD03B46012053F8C4
:100CC000042F002A7CD0431CC2F18072994247F85D
:100CD00020201FDD57F8232007EB810C07EB83034F
:100CE0006FF07F4011E000BF000000000000000036
:100CF000000000000000703E000000000000704195
:100D000080260020ABAAAA2A1A68821A43F8042B6C
:100D10006345F9D10122BBF1000F0DDDBBF1010FDD
:100D200000F03381BBF1020F06D1481E57F8203086
:100D3000C3F3150347F82030022D7FF44AAFB7EE16
:100D4000000B30EE4AAB002A3FF443AF5846029105
:100D500000F0BEF93AEE40ABB5EE40ABF1EE10FA62
:100D600002993FF43CAF069CB0EE4A0B6042A846A5
:100D70008B46019D00F0ACF99FEDC16BB4EEC60B44
:100D8000F1EE10FAC0F247819FEDBF7B20EE077BAA
:100D9000BDEEC77B0BF10102B8EEC75BA5EE460BBB
:100DA000BDEEC00B183410EE103A47F82B3017EE9A
:100DB000103A069447F822302AE00123002083E706
:100DC000013088427FF47BAFA5E7B6EE007BB4EE3E
:100DD000C7ABF1EE10FA80F2E5800025F9E601F1EB
:100DE000010E704675461FE7069BA3F1180157F8E0
:100DF0002E300691A8467246019D4BB9ACF1040312
:100E00003B4453F8040D013A18390028F9D00691F3
:100E10000698B7EE000B019200F05AF9019A002AE9
:100E2000C0F221819FED986B02F1010C6CA907EBD8
:100E30008C034FEACC0E01EBCC0133ED017ABB42BF
:100E4000B8EEC77B27EE007B20EE060B21ED027B80
:100E5000F3D19FED8F4BAEF108036CA9CE1800249F
:100E600044AF002D9FED8C7B10DBB0EE446B8C48C3
:100E70003146002303E09C4208DBB0EC026BB1EC8E
:100E8000025B01339D42A5EE067BF4DA07EBC40357
:100E9000944283ED007B4FEAC40104F10103A6F103
:100EA000080601D01C46DCE7A69B022B1DDC002BAC
:100EB00000F38B800FD19FED787BBE443EED026B3B
:100EC000774537EE067BF9D143460BB1B1EE477B50
:100ED000079B83ED007B1BEE103A03F007000DF536
:100EE000157DBDEC088BBDE8F08FA69B032BF2D1DE
:100EF000002A00F0E38002F1005307EBC20030ED5E
:100F0000026BB0EE475B874237EE067B36EE476BEF
:100F100080ED007B36EE056B80ED026BEFD1012A90
:100F200040F3CC80394491ED006BDA0046A907EB21
:100F3000C30333ED027BB0EE465B994236EE076B9E
:100F400037EE467B83ED006B37EE057B83ED027B4E
:100F5000EFD19FED517B02F108033B4407F11002F2
:100F600033ED026B9A4237EE067BF9D14346002BF4
:100F700059D1D7E90001D7E90223079C84ED047B0E
:100F8000C4E90001C4E90223A5E7481E57F8203050
:100F9000C3F3160347F82030CEE600216FF01703A5
:100FA00003916DE51BEE103A002903F101030BEEEE
:100FB000103AC8BF02253FF77AAEB7EE007B37EE96
:100FC0004AAB022505E60022A5E69FED337B07EB41
:100FD000CC0C3CED026B674537EE067BF9D14346FE
:100FE00097ED006B8BBB079B002A83ED007B36EEF1
:100FF000477B0CDD46A90123B1EC026B01339A4219
:1010000037EE067BF8DA43460BB1B1EE477B079B20
:1010100083ED027B5FE7BDEEC00B5A4610EE103A3F
:1010200047F82B30F4E697ED005BB1EE477B97ED88
:10103000026BB1EE455B079BB1EE466B83ED005B47
:1010400083ED026B83ED047B45E7079BB1EE475BC5
:10105000002A83ED005B36EE477BCBDCD5E7049BB3
:101060004FEAC30C53E5A69B022B1BDC002B21DCB3
:101070007FF431AF9FED087B26E700BFAFF3008020
:101080000000000000007041000000000000703E01
:1010900000000040FB21F93F0000000000000000BC
:1010A00088020020A69B032B7FF415AF9FED067BE3
:1010B00044AF5BE79FED047B44AF90E79FED027B7D
:1010C00054E700BFAFF30080000000000000000004
:1010D00053EC102B10B4C3F30A54194674BB23F01D
:1010E0000041114327D09FED307B3B4920EE077B29
:1010F000884253EC172B43DBC3F30A541946363CA2
:101100004CF2503C604522DC204440F2FE74A04288
:101110001DDC002829DC10F1350F38DB21F0FF4100
:10112000363021F4E0019FED227B41EA005343EC8D
:10113000102B20EE070B5DF8044B704740F2FF7C4C
:101140006445DDD130EE000B5DF8044B70479FED38
:101150001A7B9FED1B5BB0EE470B002B5DF8044B39
:1011600027FE057B27EE000B704721F0FF4121F49D
:10117000E00141EA005343EC102B5DF8044B70474B
:101180009FED110B5DF8044B27EE000B70479FEDB0
:101190000E7B9FED0F5BB0EE470B002B27FE057B10
:1011A00027EE000BC7E700BF00000000000050431F
:1011B000000000000000903C9C7500883CE4377EF5
:1011C0009C7500883CE437FE59F3F8C21F6EA501F8
:1011D00059F3F8C21F6EA581B03CFFFF000000006C
:1011E00010B582B08DED000B01990098C1F30A5241
:1011F000A2F2FF33132B844631DC002B21DB3A4A69
:101200001A4101EA020404438E462DD09FED347B3F
:101210009DED006B36EE077BB5EEC07BF1EE10FA6C
:1012200009DD002904DA4FF4801141FA03F39E44EA
:101230002EEA020100200B46024643EC102B02B0BE
:1012400010BD9FED277B30EE077BB5EEC07BF1EE46
:1012500010FAF0DD002928DB00200146EBE7332BF4
:1012600006DDB3F5806F1BD09DED000B02B010BD05
:10127000A2F213424FF0FF3E2EFA02F21042F3D0D8
:101280009FED177B9DED006B36EE077BB5EEC07BC7
:10129000F1EE10FACFDD002913DB2CEA0200CAE7D9
:1012A0009DED007B37EE070BE0E721F000410143A5
:1012B0000E4B00294FF000000CBF4FF000411946C3
:1012C000B9E7142B09D00124C3F1340304FA03F362
:1012D0009C44604588BF0919DFE70131DDE700BFA5
:1012E0009C7500883CE4377EFFFF0F000000F0BFD4
:1012F00003460846194600F0EDBA00BF024B01460E
:10130000186800F00BB800BF80320020024B014685
:10131000186800F0F7BC00BF803200202DE9F04FC4
:1013200001F10B06162E83B0044624D8102900F2D2
:10133000BA8000F0A3FA102618220220B54F3A44D2
:10134000A2F1080153688B4200F0BA805A68D9684C
:1013500022F003021A449D68E9608D60516841F0F3
:1013600001012046516003F1080500F08DFA28467E
:1013700003B0BDE8F08F36F0070600F19480B1426B
:1013800000F2918000F07AFAB6F5FC7FC0F09A8105
:10139000730A00F08F80042B00F26F81B30903F110
:1013A000390003F1380CC3009A4F3B44A3F1080500
:1013B0005B689D4206D10CE0002980F22781DB6842
:1013C0009D4206D05A6822F00302911B0F29F3DDDB
:1013D00060463D69DFF850C265457CD06A6822F0FE
:1013E0000302931B0F2B00F37B81002BC7E904CC76
:1013F00080F26C81B2F5007F80F01A81D3087968A1
:1014000001334FEA521E012202FA0EF20A4357F844
:1014100033E0C5F808E007EBC3010839E9607A60FA
:1014200047F83350CEF80C50831001219940914277
:1014300057D8114206D120F003004900114200F1B3
:101440000400FAD007EBC0094D468646D5F80C805B
:10145000454508D11DE1002B80F22481D8F80C808D
:10146000454500F01681D8F8042022F00302931BB2
:101470000F2BF0DD2046D8E9025408EB060146F0B8
:101480000106C8F80460EC60A56043F00104C7E9F8
:101490000411C1E902CC4C6048F8023000F0F4F9C4
:1014A00008F1080502E00C2323600025284603B05C
:1014B000BDE8F08F4FF4007340204FF03F0C73E70E
:1014C000D3689A4208BF02307FF440AF3D69DFF82D
:1014D00058C1654582D17A688310012199409142B3
:1014E000A7D9BD686B6823F003094E4503D8A9EB63
:1014F00006030F2B7ADCDFF834B1474BDBF8002012
:101500001B680132334405EB090A00F0338103F50F
:1015100080530F3323F47F6828F00F08414620469C
:1015200000F0A6FA411C024600F0F380824500F26A
:10153000EE803A4B196841441960084600F04E812C
:10154000DBF80010019301311BBFA2EB0A0109185F
:10155000CBF80020196012F0070B00F01781CBF1D7
:1015600008010A44CBF5805190440831A1EB0801F1
:10157000C1F30B0A51462046009200F079FA421C52
:10158000DDE9002300F04F81801A00EB0A0819689A
:10159000BA6048F001005144BD425060196000F04B
:1015A0002981B9F10F0F40F227816868A9F10C0C6D
:1015B0002CF0070C00F0010040EA0C0068604FF0CE
:1015C000050E05EB0C00BCF10F0FC0E901EE00F2B7
:1015D000328150681546124B1A688A4238BF19602A
:1015E000104B1A688A4238BF196094E0AA1943F078
:1015F000010346F001066E602046BA60536000F0B9
:1016000043F90835284603B0BDE8F08FD9681A447D
:10161000A1E600BF702E0020F04D0420C04D042034
:10162000E84D0420EC4D0420782E00207832002074
:10163000B2F5206F4FEA522363D3142B00F2B78028
:1016400003F15C01C9005B3307EB010E7958AEF181
:10165000080E8E4500F091804B6823F003039342FF
:1016600002D989688E45F7D1D1F80CE07A68C5E9CE
:10167000021ECEF80850CD60D6E6142B59D9542B53
:1016800000F29D80330B03F16F0003F16E0CC30079
:101690008AE60EF1010E1EF0030F05F108057FF436
:1016A000D5AE51E0424445465368D8F80C1043F09B
:1016B0000103536055F8083F2046D9608B6000F065
:1016C000E3F8F3E6F00806F1080237E62A4420467C
:1016D000536843F001035360083500F0D5F8E5E6A0
:1016E000A919204646F0010643F001046E60C7E9DF
:1016F0000411C1E902CC4C60AB5000F0C5F80835CC
:10170000D4E6930903F13901C90038339CE7BD429F
:101710005FD0BD68686820F003084645A8EB060363
:1017200002D80F2B3FF762AF204600F0ADF800253E
:10173000BCE603F15C0003F15B0CC30034E659F82E
:1017400008394B4540F0968010F0030F00F1FF3050
:10175000F5D17B6823EA01037B60490099423FF69B
:10176000C0AE19B9BDE649000EF1040E1942FAD017
:10177000704667E603F11008D0E69A104FF00108B2
:101780007B6808FA02F21A437A6070E702EB0801FC
:101790004942C1F30B0A51462046009200F068F915
:1017A000431CDDE900237FF4EFAEDA46EFE6542B6D
:1017B00025D8130B03F16F01C9006E3344E7B3F56D
:1017C000AA7F25D8F30B03F1780003F1770CC3004F
:1017D000EAE5294B186840441860B1E6CAF30B0CDF
:1017E000BCF1000F7FF4ACAEBD68C84448F0010006
:1017F0006860F0E61546EEE60123536094E7B3F522
:10180000AA7F23D8D30B03F17801C90077331BE7F4
:1018100040F25452934223D8B30C03F17D0003F1FC
:101820007C0CC300C0E5ABF1080BD844A8EB020860
:101830004FF0000AABE605F108012046009300F0E6
:1018400061FABD68009B68681968C4E640F25451AB
:101850008B420BD8930C03F17D01C9007C33F3E676
:101860004FF47E737F204FF07E0C9DE54FF47E7128
:101870007E23E9E67B6870E7C04D0420014800F054
:1018800033B900BFBC4D0420014800F02FB900BFA0
:10189000BC4D04200C4B0D4819680D4AD1F8983006
:1018A00010B4D1F89C4003FB00F002FB0400A3FB42
:1018B0000232013340EB0200C1E926305DF8044BEF
:1018C00020F00040704700BF803200202DF45158B6
:1018D0002D7F954C13460A460146022000F07EB942
:1018E000032A70B514D940EA01039B0722D10446AC
:1018F0000B46194620460E680568B54204F10404FB
:1019000003F1040316D1043A032A20461946F0D8FD
:10191000541E9AB1421E013901E0C3180CD012F8CE
:1019200001EF11F801CFE645A4EB0203F5D0AEEBD1
:101930000C0070BD541EEDE7184670BD104670BD1A
:10194000830730B548D0541E002A3FD0CAB20346A0
:1019500001E0013C3AD303F8012B9D07F9D1032C98
:101960002DD9CDB245EA05250F2C45EA054536D9D6
:10197000A4F1100222F00F0C03F1200EE6444FEA0E
:10198000121C03F1100242E9045542E902551032DB
:101990007245F8D10CF1010214F00C0F03EB0212A6
:1019A00004F00F0C13D0ACF1040323F00303043351
:1019B000134442F8045B9342FBD10CF003042CB1B6
:1019C000C9B21C4403F8011B9C42FBD130BD6446E4
:1019D0001346002CF4D1F9E703461446BFE71A4634
:1019E000A446E0E7002A3ED040EA01039B0730B559
:1019F00084462FD1032A2DD90B4608E0043A8446A9
:101A0000194625D01EF0803F22D1032A22D904682E
:101A1000194653F8045BA4F1013EAC4284462EEA19
:101A2000040E00F10400E9D09CF800000C78A042FC
:101A30001BD1E64668B11EF8010F11F8014FA2EB69
:101A40000E03A04203F1FF330FD11CEB0303F1D1CE
:101A5000002030BD9CF800000C78844205D1012A9A
:101A6000F6D0E646E6E710467047001B30BD00BFE3
:101A700038B5074D0022044608462A60FDF7A6F84F
:101A8000431C00D038BD2B68002BFBD0236038BD31
:101A9000484F0420014B1868704700BF8032002077
:101AA00070B50D4E0D4D761BB61006D0002455F8BE
:101AB000043B01349847A642F9D1094E094D761BE3
:101AC00000F02EFAB61006D0002455F8043B01347D
:101AD0009847A642F9D170BD501F0060501F0060AA
:101AE000C81F0060501F0060704700BF704700BFF4
:101AF00000000000000000000000000000000000E6
:101B000090F800F06DE9024520F007016FF0000C3D
:101B100010F0070491F820F040F049804FF00004E5
:101B20006FF00700D1E9002391F840F000F10800C0
:101B300082FA4CF2A4FA8CF283FA4CF3A2FA8CF3F8
:101B40004BBBD1E9022382FA4CF200F10800A4FA5F
:101B50008CF283FA4CF3A2FA8CF3E3B9D1E90423B3
:101B600082FA4CF200F10800A4FA8CF283FA4CF3EA
:101B7000A2FA8CF37BB9D1E9062301F1200182FAA4
:101B80004CF200F10800A4FA8CF283FA4CF3A2FAAA
:101B90008CF3002BC6D0002A04BF04301A4612BAB8
:101BA000B2FA82F2FDE8024500EBD2007047D1E9BB
:101BB000002304F00305C4F100004FEAC50514F04A
:101BC000040F91F840F00CFA05F562EA05021CBF1B
:101BD00063EA050362464FF00004A9E72DE9F047E8
:101BE000DFF87CA00646DAF8000098460F469146DA
:101BF000FFF77AFF184B1C6824B365681F2D24DC9F
:101C00005EB96B1C0235DAF80000636044F8257099
:101C1000FFF76CFF0020BDE8F08704EB850101238E
:101C2000C1F88890D4F88821AB401A43022EC4F83A
:101C30008821C1F80881E4D1D4F88C211A43C4F872
:101C40008C21DEE7054C1C60D7E7DAF80000FFF7CF
:101C50004DFF4FF0FF30DEE7244C0420284C0420D9
:101C6000642E0020F8B5244F0C460646FFF706FE0A
:101C7000BB685D68C4F57E610F3125F003054B1923
:101C800023F47F6323F00F03A3F58054B4F5805F42
:101C900007DB00213046FFF7EBFEBB682B44984280
:101CA00004D03046FFF7F0FD0020F8BD6142304619
:101CB000FFF7DEFE01300DD0104ABB682D1B45F04A
:101CC00001055D60136830461B1B1360FFF7DCFDE8
:101CD0000120F8BD00213046FFF7CAFEBA68831A1A
:101CE0000F2BDEDD43F001035360054B03491B68F6
:101CF000C01A0860D5E700BF702E0020C04D042038
:101D000078320020002961D0F8B50C460646FFF76E
:101D1000B5FD54F8042C7B4FA4F1080522F0010115
:101D200005EB010CB868DCF80430604523F00303D0
:101D300000F08B80D207CCF8043032D454F8082C51
:101D4000AD1A1144AA6807F1080082426AD00CEB70
:101D50000304D4F804E0EC68D4601EF0010FA26024
:101D600000F0978041F001036B60CCF80010B1F5F2
:101D7000007F35D27868CB080122490901338A40B7
:101D8000024357F833107A6007EBC302083AC5E9FB
:101D9000021247F83350CD603046BDE8F840FFF7F7
:101DA00073BD0CEB03025268D00710D4194407F13D
:101DB0000800DCF80830834273D0DCF80C20DA60CD
:101DC000936041F001036B606950D0E7704741F0C8
:101DD0000103B1F5007F44F8043CCCF80010C9D3EE
:101DE000B1F5206F4FEA512348D28B0903F1390036
:101DF00003F13802C300F818FB580838984259D04C
:101E00005A6822F003028A4202D99B689842F7D1AD
:101E1000D868C5E902308560DD603046BDE8F8402D
:101E2000FFF732BD0CEB03025268D20763D40B44B8
:101E3000DCE90212CA60916043F001026A60304638
:101E4000EB50BDE8F840FFF71FBD0B44D10707D4A6
:101E500054F8082CAD1A1344D5E90212CA609160F7
:101E600043F001026A60284ABD6012689A4293D822
:101E7000264B30461968FFF7F5FE8DE7142B0AD97B
:101E8000542B1FD80B0B03F16F0003F16E02C3003C
:101E9000B1E719448DE703F15C0003F15B02C30075
:101EA000A9E741F00103C7E90455C5E902006B60E9
:101EB000695071E779689210012404FA02F20A432A
:101EC0007A60A6E7B3F5AA7F06D8CB0B03F17800BA
:101ED00003F17702C3008EE740F25452934206D8D2
:101EE0008B0C03F17D0003F17C02C30083E74FF408
:101EF0007E737E227FE741F001036B60CCF8001017
:101F00004AE700BF702E00207C320020F04D0420F4
:101F10005FF800F0591E00605FF800F02D170060B8
:101F20005FF800F0011F00600000000000000000EA
:041F3000F8B500BF41
:081F3400BCF3FF7F0100000077
:101F3C000000000000000000000000000000000095
:101F4C000000000000000000000000000000000085
:101F5C000000000000000000000000000000000075
:101F6C000000000000000000000000000000000065
:101F7C000000000000000000000000000000000055
:101F8C000000000000000000000000000000000045
:101F9C000000000000000000000000000000000035
:101FAC000000000000000000000000000000000025
:101FBC000000000000000000000000000000000015
:101FCC000000000000000000000000000000000005
:101FDC0000000000000000000000000000000000F5
:101FEC0000000000000000000000000000000000E5
:101FFC0000000000000000000000000000000000D5
:10200C0000000000000000000000000000000000C4
:10201C0000000000000000000000000000000000B4
:10202C0000000000000000000000000000000000A4
:10203C000000000000000000000000000000000094
:10204C000000000000000000000000000000000084
:10205C000000000000000000000000000000000074
:10206C000000000000000000000000000000000064
:10207C000000000000000000000000000000000054
:10208C000000000000000000000000000000000044
:10209C000000000000000000000000000000000034
:1020AC000000000000000000000000000000000024
:1020BC000000000000000000000000000000000014
:1020CC000000000000000000000000000000000004
:1020DC0000000000000000000000000000000000F4
:1020EC0000000000000000000000000000000000E4
:1020FC0000000000000000000000000000000000D4
:10210C0000000000000000000000000000000000C3
:10211C0000000000000000000000000000000000B3
:10212C0000000000000000000000000000000000A3
:10213C000000000000000000000000000000000093
:10214C000000000000000000000000000000000083
:10215C000000000000000000000000000000000073
:10216C000000000000000000000000000000000063
:10217C000000000000000000000000000000000053
:10218C000000000000000000000000000000000043
:10219C000000000000000000000000000000000033
:1021AC000000000000000000000000000000000023
:1021BC0000000040FB21F93F000000002D44743E5C
:1021CC00000000809846F83C0000006051CC783B41
:1021DC0000000080831BF0390000004020257A3875
:1021EC00000000802282E336000000001DF36935F8
:1021FC00FE822B6547156740000000000000384345
:10220C000000FAFE422E76BF3A3B9EBC9AF70CBDFC
:10221C00BDFDFFFFFFFFDF3F3C5455555555C53FF6
:10222C00912B17CF5555A53F17D0A4671111813F9E
:10223C00000000000000C842EF39FAFE422EE63FD3
:10224C0024C482FFBDBFCE3FB5F40CD7086BAC3FA6
:10225C00CC5046D2ABB2833F843A4E9BE0D7553F2D
:10226C000000000000000000000000000000F03F33
:10227C006EBF881A4F3B9B3C3533FBA93DF6EF3FB5
:10228C005DDCD89C136071BC6180773E9AECEF3FAB
:10229C00D16687107A5E90BC857F6EE815E3EF3FC0
:1022AC0013F6673552D28C3C748515D3B0D9EF3FF9
:1022BC00FA8EF92380CE8BBCDEF6DD296BD0EF3F96
:1022CC0061C8E6614EF7603CC89B751845C7EF3F87
:1022DC0099D3335BE4A3903C83F3C6CA3EBEEF3F75
:1022EC006D7B835DA69A973C0F89F96C58B5EF3FCF
:1022FC00FCEFFD921AB58E3CF747722B92ACEF3F78
:10230C00D19C2F703DBE3E3CA2D1D332ECA3EF3F0B
:10231C000B6E908934036ABC1BD3FEAF669BEF3FF8
:10232C000EBD2F2A525695BC515B12D00193EF3F34
:10233C0055EA4E8CEF8050BCCC316CC0BD8AEF3F5F
:10234C0016F4D5B923C991BCE02DA9AE9A82EF3F02
:10235C00AF555CE9E3D3803C518EA5C8987AEF3F2A
:10236C004893A5EA151B80BC7B517D3CB872EF3FAE
:10237C003D32DE55F01F8FBCEA8D8C38F96AEF3F89
:10238C00BF53133F8C898B3C75CB6FEB5B63EF3F7B
:10239C0026EB11769CD996BCD45C0484E05BEF3FB1
:1023AC00602F3A3EF7EC9A3CAAB968318754EF3F5C
:1023BC009D3886CB82E78FBC1DD9FC22504DEF3F58
:1023CC008DC3A644416F8A3CD68C62883B46EF3F56
:1023DC007D04E4B0057A803C96DC7D91493FEF3F6B
:1023EC0094A8A8E3FD8E963C3862756E7A38EF3F60
:1023FC007D4874F2185E873C3FA6B24FCE31EF3F5A
:10240C00F2E71F982B47803CDD7CE265452BEF3FC4
:10241C005E08713F7BB896BC8163F5E1DF24EF3F2A
:10242C0031AB096DE1F7823CE1DE1FF59D1EEF3FFC
:10243C00FABF6F1A9B213DBC90D9DAD07F18EF3FC1
:10244C00B40A0C7282378B3C0B03E4A68512EF3F67
:10245C008FCBCE8992146E3C562F3EA9AF0CEF3F1A
:10246C00B6ABB04D754D833C15B7310AFE06EF3F48
:10247C004C74ACE20142863C31D84CFC7001EF3F0D
:10248C004AF8D35D39DD8F3CFF1664B208FCEE3F91
:10249C00045B8E3B80A386BCF19F925FC5F6EE3F3A
:1024AC0068504BCCED4A92BCCBA93A37A7F1EE3F22
:1024BC008E2D511BF80799BC66D8056DAEECEE3F1E
:1024CC00D236943EE8D171BCF79FE534DBE7EE3FA2
:1024DC00151BCEB3191999BCE5A813C32DE3EE3F18
:1024EC006D4C2AA7489F853C2234124CA6DEEE3F49
:1024FC008A69287A601293BC1C80AC0445DAEE3FE2
:10250C005B8917488FA758BC2A2EF7210AD6EE3FB5
:10251C001B9A49679B2C7CBC97A850D9F5D1EE3FF0
:10252C0011ACC260ED63433C2D89616008CEEE3F77
:10253C00EF64063B0966963C57001DED41CAEE3F21
:10254C007903A1DAE1CC6E3CD03CC1B5A2C6EE3F1A
:10255C0030120F3F8EFF933CDED3D7F02AC3EE3FF1
:10256C00B0AF7ABBCE90763C272A36D5DABFEE3F99
:10257C0077E054EBBD1D933C0DDDFD99B2BCEE3FF5
:10258C008EA3710034948FBCA72C9D76B2B9EE3F0C
:10259C0049A393DCCCDE87BC4266CFA2DAB6EE3F11
:1025AC005F380FBDC6DE78BC824F9D562BB4EE3F14
:1025BC00F65C7BEC461286BC0F925DCAA4B1EE3F72
:1025CC008ED7FD180535933CDA27B53647AFEE3F6D
:1025DC00059B8A2FB7987B3CFDC797D412ADEE3F75
:1025EC0009541CE2E163903C295448DD07ABEE3FF3
:1025FC00EAC6195085C7343CB746598A26A9EE3F1E
:10260C0035C0642BE632943C4821AD156FA7EE3FE4
:10261C009F7699614AE48CBC09DC76B9E1A5EE3F62
:10262C00A84DEF3BC5338CBC85553AB07EA4EE3F2C
:10263C00AEE92B89785384BC20C3CC3446A3EE3F3F
:10264C0058585678DDCE93BC2522558238A2EE3FE1
:10265C0064197E80AA10573C73A94CD455A1EE3F47
:10266C0028225EBFEFB393BCCD3B7F669EA0EE3FAE
:10267C0082B93487AD126ABCBFDA0B7512A0EE3F7B
:10268C00EEA96DB8EF6763BC2F1A653CB29FEE3FA5
:10269C005188E0543DDC80BC849451F97D9FEE3F21
:1026AC00CF3E5A7E641F78BC745FECE8759FEE3F9A
:1026BC00B07D8BC04AEE86BC7481A5489A9FEE3FD4
:1026CC008AE6551E321986BCC9674256EB9FEE3F0F
:1026DC00D3D4095ECB9C903C3F5DDE4F69A0EE3FAE
:1026EC001DA54DB9DC327BBC8701EB7314A1EE3F09
:1026FC006BC06754FDEC943C32C13001EDA1EE3F50
:10270C00556CD6ABE1EB653C624ECF36F3A2EE3F97
:10271C0042CFB32FC5A188BC121A3E5427A4EE3F5A
:10272C0034373BF1B66993BC13CE4C9989A5EE3F77
:10273C001EFF193A845E80BCADC723461AA7EE3F34
:10274C006E5772D850D494BCED92449BD9A8EE3FEE
:10275C00008A0E5B67AD903C99668AD9C7AAEE3F9A
:10276C00B4EAF0C12FB78D3CDBA02A42E5ACEE3FBA
:10277C00FFE7C59C60B665BC8C44B51632AFEE3F26
:10278C00445FF35983F67B3C36771599AEB1EE3F37
:10279C00833D1EA71F0993BCC6FF910B5BB4EE3F94
:1027AC00291E6C8BB8A95DBCE5C5CDB037B7EE3F23
:1027BC0059B9907CF9236CBC0F52C8CB44BAEE3F8C
:1027CC00AAF9F422434392BC504EDE9F82BDEE3FE9
:1027DC004B8E66D76CCA85BCBA07CA70F1C0EE3F87
:1027EC0027CE912BFCAF713C90F0A38291C4EE3FAD
:1027FC00BB730AE135D26D3C2323E31963C8EE3F6A
:10280C006322622204C587BC65E55D7B66CCEE3F26
:10281C00D531E2E3861C8B3C332D4AEC9BD0EE3F4A
:10282C0015BBBCD3D1BB91BC5D253EB203D5EE3FED
:10283C00D231EE9C31CC903C58B330139ED9EE3F44
:10284C00B35A736E8469843CBFFD79556BDEEE3FE1
:10285C00B49D8E97CDDF82BC7AF3D3BF6BE3EE3F92
:10286C008733CB92771A8C3CADD35A999FE8EE3FC5
:10287C00FAD9D14A8F7B90BC66B68D2907EEEE3F14
:10288C00BAAEDC56D9C355BCFB154FB8A2F3EE3F1C
:10289C0040F6A63D0EA490BC3A59E58D72F9EE3F78
:1028AC003493AD38F4D668BC475EFBF276FFEE3F4E
:1028BC00358A586BE2EE91BC4A06A130B005EF3F69
:1028CC00CDDD5F0AD7FF743CD2C14B901E0CEF3F9D
:1028DC00AC9892FAFBBD91BC091ED75BC212EF3FBC
:1028EC00B30CAF30AE6E733C9C5285DD9B19EF3F41
:1028FC0094FD9F5C32E38E3C7AD0FF5FAB20EF3FC0
:10290C00AC5909D18FE0843C4BD1572EF127EF3FC6
:10291C00671A4E38AFCD633CB5E706946D2FEF3F89
:10292C006819926C2C6B673C6990EFDC2037EF3F99
:10293C00D2B5CC83188A80BCFAC35D550B3FEF3FF0
:10294C006FFAFF3F5DAD8FBC7C89074A2D47EF3F87
:10295C0049A97538AE0D90BCF2890D08874FEF3F31
:10296C00A7073DA685A3743C87A4FBDC1858EF3F52
:10297C000F2240209E9182BC9883C916E360EF3FE2
:10298C00AC92C1D5505A8E3C8532DB03E669EF3FE1
:10299C004B6B01AC593A843C60B401F32173EF3FAB
:1029AC001F3EB40721D582BC5F9B7B33977CEF3FE6
:1029BC00C90D473BB92A89BC29A1F5144686EF3FBE
:1029CC00D3883A6004B6743CF63F8BE72E90EF3F09
:1029DC0071729D51ECC5833C834CC7FB519AEF3F00
:1029EC00F091D38F12F78FBCDA90A4A2AFA4EF3F73
:1029FC007D7423E298AE8DBCF1678E2D48AFEF3F0E
:102A0C000820AA41BCC38E3C275A61EE1BBAEF3F8B
:102A1C0032EBA9C3942B843C97BA6B372BC5EF3F91
:102A2C00EE85D131A9648A3C40456E5B76D0EF3F90
:102A3C00EDE33BE4BA378EBC14BE9CADFDDBEF3F3F
:102A4C009DCD914D3B89773CD8909E81C1E7EF3F5E
:102A5C0089CC6041C105533CF1718F2BC2F3EF3F20
:102A6C000038FAFE422EE63F3067C79357F32E3DEF
:102A7C00000000000000E0BF605555555555E5BFFE
:102A8C00060000000000E03F4E5559999999E93F26
:102A9C007AA429555555E5BFE945489B5B49F2BFDA
:102AAC00C33F268B2B00F03F0000000000A0F63F38
:102ABC00000000000000000000C8B9F2822CD6BF54
:102ACC008056372824B4FA3C000000000080F63F02
:102ADC000000000000000000000858BFBDD1D5BFA9
:102AEC0020F7E0D808A51CBD000000000060F63FF0
:102AFC000000000000000000005845177776D5BF95
:102B0C006D50B6D5A46223BD000000000040F63F16
:102B1C00000000000000000000F82D87AD1AD5BFA2
:102B2C00D567B09EE484E6BC000000000020F63FB0
:102B3C000000000000000000007877955FBED4BF55
:102B4C00E03E2993691B04BD000000000000F63F25
:102B5C00000000000000000000601CC28B61D4BFAC
:102B6C00CC844C482FD8133D0000000000E0F53F0A
:102B7C00000000000000000000A886863004D4BFCE
:102B8C003A0B82EDF342DC3C0000000000C0F53F44
:102B9C000000000000000000004869554CA6D3BF9F
:102BAC0060945186C6B1203D0000000000A0F53FA6
:102BBC0000000000000000000080989ADD47D3BFA1
:102BCC009280C5D44D59253D000000000080F53F92
:102BDC0000000000000000000020E1BAE2E8D2BFD3
:102BEC00D82BB7991E7B263D000000000060F53FF6
:102BFC0000000000000000000088DE135A89D2BFDC
:102C0C003FB0CFB614CA153D000000000060F53F80
:102C1C0000000000000000000088DE135A89D2BFBB
:102C2C003FB0CFB614CA153D000000000040F53F80
:102C3C0000000000000000000078CFFB4129D2BF4B
:102C4C0076DA5328245A16BD000000000020F53F08
:102C5C000000000000000000009869C198C8D1BFB6
:102C6C000454E768BCAF1FBD000000000000F53F36
:102C7C00000000000000000000A8ABAB5C67D1BFF7
:102C8C00F0A88233C61F1F3D0000000000E0F43F97
:102C9C0000000000000000000048AEF98B05D1BF19
:102CAC00665A05FDC4A826BD0000000000C0F43F14
:102CBC000000000000000000009073E224A3D0BFCD
:102CCC000E03F47EEE6B0CBD0000000000A0F43F80
:102CDC00000000000000000000D0B4942540D0BFDC
:102CEC007F2DF49EB836F0BC0000000000A0F43F2D
:102CFC00000000000000000000D0B4942540D0BFBC
:102D0C007F2DF49EB836F0BC000000000080F43F2C
:102D1C00000000000000000000405E6D18B9CFBF3D
:102D2C00873C99AB2A570D3D000000000060F43F32
:102D3C0000000000000000000060DCCBADF0CEBF56
:102D4C0024AF869CB7262B3D000000000040F43FCA
:102D5C00000000000000000000F02A6E0727CEBF24
:102D6C0010FF3F544F2F17BD000000000020F43F10
:102D7C00000000000000000000C04F6B215CCDBFC4
:102D8C001B68CABB91BA213D000000000000F43F53
:102D9C00000000000000000000A09AC7F78FCCBF15
:102DAC0034849F684F79273D000000000000F43FF9
:102DBC00000000000000000000A09AC7F78FCCBFF5
:102DCC0034849F684F79273D0000000000E0F33FFA
:102DDC00000000000000000000902D7486C2CBBFE4
:102DEC008FB78B31B04E193D0000000000C0F33F8F
:102DFC00000000000000000000C0804EC9F3CABFF4
:102E0C006690CD3F634EBA3C0000000000A0F33F3B
:102E1C00000000000000000000B0E21FBC23CABF8D
:102E2C00EAC146DC648C25BD0000000000A0F33F25
:102E3C00000000000000000000B0E21FBC23CABF6D
:102E4C00EAC146DC648C25BD000000000080F33F25
:102E5C0000000000000000000050F49C5A52C9BF52
:102E6C00E3D4C104D9D12ABD000000000060F33FB7
:102E7C00000000000000000000D02065A07FC8BF4B
:102E8C0009FADB7FBFBD2B3D000000000040F33F83
:102E9C00000000000000000000E0100289ABC7BF7A
:102EAC00584A537290DB2B3D000000000040F33F6A
:102EBC00000000000000000000E0100289ABC7BF5A
:102ECC00584A537290DB2B3D000000000020F33F6A
:102EDC00000000000000000000D019E70FD6C6BFAC
:102EEC0066E2B2A36AE410BD000000000000F33FEC
:102EFC0000000000000000000090A77030FFC5BF6C
:102F0C003950109F439E1EBD000000000000F33F8F
:102F1C0000000000000000000090A77030FFC5BF4B
:102F2C003950109F439E1EBD0000000000E0F23F90
:102F3C00000000000000000000B0A1E3E526C5BFC2
:102F4C008F5B07908BDE20BD0000000000C0F23FBD
:102F5C0000000000000000000080CB6C2B4DC4BFB3
:102F6C003C783561C10C173D0000000000C0F23FF9
:102F7C0000000000000000000080CB6C2B4DC4BF93
:102F8C003C783561C10C173D0000000000A0F23FF9
:102F9C00000000000000000000901E20FC71C3BF68
:102FAC003A54274D8678F13C000000000080F23F37
:102FBC00000000000000000000F01FF85295C2BF96
:102FCC0008C47117308D24BD000000000060F23F72
:102FDC00000000000000000000602FD52AB7C1BF20
:102FEC0096A31118A4802EBD000000000060F23FD3
:102FFC00000000000000000000602FD52AB7C1BF00
:10300C0096A31118A4802EBD000000000040F23FD2
:10301C0000000000000000000090D07C7ED7C0BFF4
:10302C00F45BE88896690A3D000000000040F23F1E
:10303C0000000000000000000090D07C7ED7C0BFD4
:10304C00F45BE88896690A3D000000000020F23F1E
:10305C00000000000000000000E0DB3191ECBFBF7D
:10306C00F233A35C547525BD000000000000F23F54
:10307C00000000000000000000002B6E0727BEBF00
:10308C003C00F02A2C342A3D000000000000F23FE6
:10309C00000000000000000000002B6E0727BEBFE0
:1030AC003C00F02A2C342A3D0000000000E0F13FE7
:1030BC00000000000000000000C05B8F545EBCBF2D
:1030CC0006BE5F58570C1DBD0000000000C0F13F4C
:1030DC00000000000000000000E04A3A6D92BABF08
:1030EC00C8AA5BE83539253D0000000000C0F13F5F
:1030FC00000000000000000000E04A3A6D92BABFE8
:10310C00C8AA5BE83539253D0000000000A0F13F5E
:10311C00000000000000000000A031D645C3B8BF7D
:10312C0068562F4D297C133D0000000000A0F13F94
:10313C00000000000000000000A031D645C3B8BF5D
:10314C0068562F4D297C133D000000000080F13F94
:10315C0000000000000000000060E58AD2F0B6BF5D
:10316C00DA7333C9379726BD000000000060F13FC9
:10317C0000000000000000000020063F071BB5BF48
:10318C00575EC6615B021F3D000000000060F13F0E
:10319C0000000000000000000020063F071BB5BF28
:1031AC00575EC6615B021F3D000000000040F13F0E
:1031BC00000000000000000000E01B96D741B3BFE8
:1031CC00DF13F9CCDA5E2C3D000000000040F13F2B
:1031DC00000000000000000000E01B96D741B3BFC8
:1031EC00DF13F9CCDA5E2C3D000000000020F13F2B
:1031FC0000000000000000000080A3EE3665B1BFA7
:10320C0009A38F765E7C143D000000000000F13FA6
:10321C000000000000000000008011C0300AAFBFA9
:10322C00918E36839E592D3D000000000000F13F29
:10323C000000000000000000008011C0300AAFBF89
:10324C00918E36839E592D3D0000000000E0F03F2A
:10325C00000000000000000000801971DD42ABBFCF
:10326C004C70D6E57A821C3D0000000000E0F03F77
:10327C00000000000000000000801971DD42ABBFAF
:10328C004C70D6E57A821C3D0000000000C0F03F77
:10329C00000000000000000000C032F65874A7BF08
:1032AC00EEA1F23446FC2CBD0000000000C0F03F43
:1032BC00000000000000000000C032F65874A7BFE8
:1032CC00EEA1F23446FC2CBD0000000000A0F03F43
:1032DC00000000000000000000C0FEB9879EA3BFE4
:1032EC00AAFE26F5B702F53C0000000000A0F03F56
:1032FC00000000000000000000C0FEB9879EA3BFC4
:10330C00AAFE26F5B702F53C000000000080F03F55
:10331C0000000000000000000000780E9B829FBFA0
:10332C00E4097E7C268029BD000000000080F03F6F
:10333C0000000000000000000000780E9B829FBF80
:10334C00E4097E7C268029BD000000000060F03F6F
:10335C0000000000000000000080D5071BB997BFDB
:10336C0039A6FA93548D28BD000000000040F03FB0
:10337C0000000000000000000000FCB0A8C08FBFDF
:10338C009CA6D3F67C1EDFBC000000000040F03F82
:10339C0000000000000000000000FCB0A8C08FBFBF
:1033AC009CA6D3F67C1EDFBC000000000020F03F82
:1033BC0000000000000000000000106B2AE07FBF3E
:1033CC00E440DA0D3FE219BD000000000020F03FA0
:1033DC0000000000000000000000106B2AE07FBF1E
:1033EC00E440DA0D3FE219BD000000000000F03FA0
:1033FC0000000000000000000000000000000000C1
:10340C000000000000000000000000000000F03F81
:10341C0000000000000000000000000000000000A0
:10342C0000000000000000000000000000C0EF3FA2
:10343C000000000000000000000089751510803F9E
:10344C00E82B9D996BC710BD000000000080EF3F7A
:10345C000000000000000000008093585620903FB0
:10346C00D2F7E2065BDC23BD000000000040EF3F1A
:10347C0000000000000000000000C9282549983F0A
:10348C00340C5A32BAA02ABD000000000000EF3FF5
:10349C0000000000000000000040E7895D41A03FF3
:1034AC0053D7F15CC011013D0000000000C0EE3F9D
:1034BC00000000000000000000002ED4AE66A43F07
:1034CC0028FDBD7573162CBD000000000080EE3F7A
:1034DC00000000000000000000C09F14AA94A83F48
:1034EC007D265AD0957919BD000000000040EE3FB2
:1034FC00000000000000000000C0DDCD73CBAC3F2D
:10350C000728D847F2681ABD000000000020EE3FE3
:10351C00000000000000000000C006C031EAAE3F11
:10352C007B3BC94F3E110EBD0000000000E0ED3F9B
:10353C000000000000000000006046D13B97B13F46
:10354C009B9E0D565D3225BD0000000000A0ED3F96
:10355C00000000000000000000E0D1A7F5BDB33F63
:10356C00D74EDBA55EC82C3D000000000060ED3F8F
:10357C00000000000000000000A0974D5AE9B53F84
:10358C001E1D5D3C06692CBD000000000040ED3F97
:10359C00000000000000000000C0EA0AD300B73FA2
:1035AC0032ED9DA98D1EEC3C000000000000ED3FAB
:1035BC0000000000000000000040595D5E33B93F80
:1035CC00DA47BD3A5C11233D0000000000C0EC3F1F
:1035DC0000000000000000000060AD8DC86ABB3F19
:1035EC00E568F72B809013BD0000000000A0EC3FB5
:1035FC0000000000000000000040BC015888BC3FE7
:10360C00D3AC5AC6D146263D000000000060EC3F0A
:10361C00000000000000000000200A8339C7BE3FF4
:10362C00E045E6AF68C02DBD000000000040EC3F57
:10363C00000000000000000000E0DB3991E8BF3F13
:10364C00FD0AA14FD63425BD000000000000EC3F60
:10365C00000000000000000000E027828E17C13F30
:10366C00F2072DCE78EF213D0000000000E0EB3F8B
:10367C00000000000000000000F0237E2BAAC13FD8
:10368C00349938448EA72C3D0000000000A0EB3F7D
:10369C0000000000000000000080860C61D1C23FD9
:1036AC00A1B481CB6C9D033D000000000080EB3F7A
:1036BC000000000000000000009015B0FC65C33F46
:1036CC0089724B23A82FC63C000000000040EB3F42
:1036DC00000000000000000000B033833D91C43FA7
:1036EC0078B6FD547983253D000000000020EB3FA7
:1036FC00000000000000000000B0A1E4E527C53F79
:10370C00C77D69E5E833263D0000000000E0EA3F94
:10371C00000000000000000000108CBE4E57C63F99
:10372C00782E3C2C8BCF193D0000000000C0EA3FE6
:10373C0000000000000000000070758B12F0C63F06
:10374C00E1219CE58D1125BD0000000000A0EA3FA1
:10375C000000000000000000005044858D89C73F28
:10376C000543917010661CBD000000000060EA3F2C
:10377C000000000000000000000039EBAFBEC83FA5
:10378C00D12CE9AA543D07BD000000000040EA3FDF
:10379C0000000000000000000000F7DC5A5AC93F8E
:1037AC006FFFA05828F2073D000000000000EA3F20
:1037BC00000000000000000000E08A3CED93CA3FCE
:1037CC0069215650437228BD0000000000E0E93F1B
:1037DC00000000000000000000D05B57D831CB3F48
:1037EC00AAE1AC4E8D350CBD0000000000C0E93FD5
:1037FC00000000000000000000E03B3887D0CB3F09
:10380C00B6125459C44B2DBD0000000000A0E93F76
:10381C0000000000000000000010F0C6FB6FCC3F61
:10382C00D22B96C572ECF1BC000000000060E93FA1
:10383C0000000000000000000090D4B03DB1CD3F6E
:10384C0035B015F72AFF2ABD000000000040E93F03
:10385C0000000000000000000010E7FF0E53CE3FF8
:10386C0030F441602712C23C000000000020E93F08
:10387C0000000000000000000000DDE4ADF5CE3FCC
:10388C00118EBB651521CABC000000000000E93F89
:10389C00000000000000000000B0B36C1C99CF3F8A
:1038AC0030DF0CCAECCB1B3D0000000000C0E83F31
:1038BC00000000000000000000584D603871D03F3F
:1038CC00914EED16DB9CF83C0000000000A0E83F98
:1038DC000000000000000000006061672DC4D03FB4
:1038EC00E9EA3C168B18273D000000000080E83FF9
:1038FC00000000000000000000E827828E17D13F76
:10390C001CF0A5630E212CBD000000000060E83FF8
:10391C00000000000000000000F8ACCB5C6BD13F55
:10392C008116A5F7CD9A2B3D000000000040E83F22
:10393C00000000000000000000685A6399BFD13FEE
:10394C00B7BD4751EDA62C3D000000000020E83F1C
:10395C00000000000000000000B80E6D4514D23FBE
:10396C00EABA46BADE870A3D0000000000E0E73FF5
:10397C0000000000000000000090DC7CF0BED23F94
:10398C00F404504AFA9C2A3D0000000000C0E73FB6
:10399C0000000000000000000060D3E1F114D33FF0
:1039AC00B83C21D37AE228BD0000000000A0E73F1C
:1039BC0000000000000000000010BE76676BD33FD3
:1039CC00C877F1B0CD6E113D000000000080E73FDC
:1039DC0000000000000000000030337752C2D33FDB
:1039EC005CBD06B6543B183D000000000060E73F8C
:1039FC00000000000000000000E8D523B419D43FFB
:103A0C009DE090EC36E4083D000000000040E73FEC
:103A1C00000000000000000000C871C28D71D43F8E
:103A2C0075D66709CE272FBD000000000020E73FA8
:103A3C0000000000000000000030179EE0C9D43FD9
:103A4C00A4D80A1B89202EBD000000000000E73F0F
:103A5C00000000000000000000A03807AE22D53F97
:103A6C0059C7648170BE2E3D0000000000E0E63FA7
:103A7C00000000000000000000D0C853F77BD53FC9
:103A8C00EF405DEEEDAD1F3D0000000000C0E63FD5
:103A9C000000000000000000006059DFBDD5D53FDC
:103AAC00DC65A4082A0B0ABD530020000D1D0D8CEB
:103ABC008C8C8C8C2A000F00000000000000000091
:103ACC0000000001000000000000000000000000E9
:103ADC000000000092AC0C35F0095002104001229D
:103AEC00802246AC3D09F313750411E0019D0042A0
:103AFC007AAC00000C35F0095002104001900042E5
:103B0C0046AC00000C35F009500210400147003261
:103B1C0046AC00005354415455533A2053746172CF
:103B2C0074696E6720466F726D61742E2E2E0000C4
:103B3C004552524F523A20466F726D617420666145
:103B4C00696C656421000000535543434553533A57
:103B5C00204361726420666F726D617420636F6DB7
:103B6C00706C6574652100004552524F523A2043E7
:103B7C006172642072652D696E6974206661696C6E
:103B8C00656421000203070F101112131415161788
:103B9C00181C1D1F2A2C2F303132343738393A3B40
:103BAC003E3F40415A5B95969798999A9BA2A3A445
:103BBC00B7B11A1B1E20212B2D2E3335363C3DB1AF
:103BCC00000000001A1B1E20212B2D2E3335363CF5
:103BDC003DB100000C35F00950021040012280224A
:103BEC0046AC0000FF007801800143028801870188
:103BFC008C018B01920191019501F60199019801BB
:103C0C009A013D029E012002A801A701AD01AC0161
:103C1C00B001AF01B901B801BD01BC01BF01F70191
:103C2C00C601C401C901C701CC01CA01DD018E0165
:103C3C00F301F101F501F4013A02652C3C023B025F
:103C4C003E02662C4202410253028101540286015B
:103C5C005602890157028A0159028F015B029001B9
:103C6C006002930163029401680297016902960154
:103C7C006B02622C6F029C0172029D0175029F0106
:103C8C007D02642C8002A6018302A9018802AE0188
:103C9C00890244028A02B1018B02B2018C024502F4
:103CAC009202B7017B03FD037C03FE037D03FF033C
:103CBC00AC038603C203A303CC038C03CD038E0396
:103CCC00CE038F03F203F903F803F703FB03FA03A4
:103CDC00CF04C0047D1D632C511F591F531F5B1F44
:103CEC00551F5D1F571F5F1F781FF81F791FF91F86
:103CFC00B31FBC1FCC1FC31FE51FEC1FFC1FF31F02
:103D0C004E21322184218321612C602C762C752C40
:103D1C000019000025BD00000000000074C00F4019
:103D2C00C0000000000000000200000050851F4091
:103D3C0001000000340000000200000050851F400C
:103D4C0000000000010000000200000054851F402C
:103D5C0001000000350000000200000054851F40E7
:103D6C0000000000FF004000260018007C0000004E
:103D7C0002030405230000006100E01AE000E017D4
:103D8C00F800E00700010130320101063901011091
:103D9C004A01012E7901010682010104A0010106EC
:103DAC00B3010104CD010110DE010112F80101285B
:103DBC00220201124602010AAD03DB03B103E0113A
:103DCC00C303E009D80301183004E0205004B010FC
:103DDC00600401228A040136C104010ED00401449E
:103DEC006105D026001E0196A01E015A001F08086E
:103DFC00101F0806201F0808301F0808401F08065F
:103E0C00601F0808701F4A02721F5604761F640256
:103E1C007A1F70027C1F7E02801F0808901F080802
:103E2C00A01F0808B01F0802D01F0802E01F0802DC
:103E3C007021F010D024E61A302CD02F672C0106FC
:103E4C00802C0164002D002641FFE01A436172644E
:103E5C0020697320746F6F20736D616C6C2E0D0A6A
:103E6C0000000000466F726D617420446F6E650D2A
:103E7C000A000000466F726D6174204661696C65C2
:103E8C00640D0A0042616420636C75737465722062
:103E9C00636F756E740D0A004465766963652069FD
:103EAC007320746F6F20736D616C6C0D0A000000D1
:103EBC0057726974696E67204641542000000000F7
:103ECC002E00000057726974696E6720757063610B
:103EDC007365207461626C650D0A00005772697419
:103EEC00696E6720726F6F740D0A0000466F726DF9
:103EFC00617420646F6E650D0A000000466F726D70
:103F0C006174206661696C65640D0A004558464110
:103F1C005400000031BD000035BD000039BD00006B
:103F2C003DBD00006CC00F40C0000000504F0000B1
:103F3C00C13300000CFF0000130000000000000063
:103F4C000000000024851F400BFF00001300000040
:103F5C00000000000000000028851F400DFF00003D
:103F6C0013000000000000000000000020851F402E
:103F7C000A252400130000001200000012000000AB
:103F8C0001020300000000001C851F40000000001F
:103F9C00000000000000000000000000A10A00006A
:103FAC008D0A000069020000790A0000F509000082
:103FBC00410A0000DD0900000000000000000000C4
:103FCC00358B0000418B0000398B0000418C0000C8
:103FDC00B1930000E19200003D930000DD910000E0
:103FEC00BD8D0000F1970000518B0000C58A0000C8
:103FFC0081940000B18A0000B58A0000BD8A0000DF
:10400C00C18A0000D58D0000119600009995000022
:10401C00F1900000A98A0000B98A0000F196000016
:10402C0019940000B58B0000000000000000000097
:10403C006D00000001D40000FDD30000F9D3000096
:10404C006900000075000000F1BF0000F5D300000E
:10405C000000000000000000D5BB000085BF000080
:10406C0041B6000099B7000061B6000005B700002A
:10407C0089B600001DB80000B5B700003DB60000C1
:10408C000000000000000000853000002D2D000015
:10409C0069020000D12D0000712D0000792F000065
:1040AC00F92D0000F13100009932000000000000F1
:1040BC0000000000A10A00008D0A00006902000047
:1040CC00790A0000F5090000410A0000DD09000032
:1040DC000000000000000000D93000001931000081
:1040EC004D2F0000D12F0000393000000D2F0000A3
:1040FC00652F0000752B000061310000252E00009B
:10410C00412E0000FD2A0000E92A0000252B0000AA
:10411C00252F00005D2E0000052C0000BD2C00009A
:10412C004D2C0000E52F0000B12B0000000000001A
:10413C000000000041CA000085BF000069020000B9
:10414C00E52A000041CA000041CA000041CA000033
:10415C000000000000000000253700002937000097
:10416C0039370000493900000D390000553800007E
:10417C00B93800000138000081390000713A0000A4
:10418C00AD3A0000893B0000213700000000000020
:10419C0000000000D5B0000001B100006902000071
:1041AC00D1B000008DB0000099B00000B9B0000093
:1041BC000000000000000000D1990000D59900001B
:1041CC0041980000C59D00000DAA00008DA30000C1
:1041DC005D7F0000019A0000DDA900001DAB00000E
:1041EC0015A40000B577000035A10000619900000E
:1041FC006D99000035980000399800003D9800003A
:10420C00799900009D990000C1990000419E000021
:10421C00E5990000199C00008D9E0000619F000034
:10422C0071020000750200007D0200008502000092
:10423C00D8399D270054EA2A00A4781F007B9A17CE
:10424C0000000042C8801F40B8821F4008000000D8
:10425C0000000042C4801F40B4821F4004000000D4
:10426C0000C0004224801F4014821F401000000038
:10427C0000C0004228801F4018821F402000000010
:10428C0000C000422C801F401C821F4040000000D8
:10429C0000C0004234801F4024821F4000010000F7
:1042AC000040004264811F4054831F400004000002
:1042BC000040004280811F4070831F4000000200BC
:1042CC00004000427C811F406C831F4000000100B5
:1042DC000040004268811F4058831F4000080000C6
:1042EC00004000423C811F402C831F400100000015
:1042FC000040004244811F4034831F4004000000F2
:10430C000040004240811F4030831F4002000000EB
:10431C000040004248811F4038831F4008000000C5
:10432C000000004204811F40F4821F400000040082
:10433C000000004208811F40F8821F400000080066
:10434C000000004218811F4008831F4000008000BD
:10435C000000004214811F4004831F4000004000F5
:10436C000000004200811F40F0821F40000002004C
:10437C0000000042FC801F40EC821F400000010046
:10438C000000004224811F4014831F4000000004E1
:10439C000000004228811F4018831F4000000008C5
:1043AC00000000421C811F400C831F4000000001D4
:1043BC000000004220811F4010831F4000000002BB
:1043CC0000000042EC801F40DC821F400010000007
:1043DC0000000042F0801F40E0821F4000200000DF
:1043EC000000004234811F4024831F400000004025
:1043FC000000004238811F4028831F4000000080CD
:10440C000080004294801F4084821F400000040002
:10441C0000C0004290801F4080821F40000000803E
:10442C0000800042A8801F4098821F40000080003E
:10443C0000800042A4801F4094821F400000400076
:10444C00004000426C811F405C831F400010000044
:10445C0000C0004230801F4020821F4080000000BE
:10446C0000400042B0811F40A0831F40000000208C
:10447C0000400042AC811F409C831F400000001094
:10448C000040004284811F4074831F4000000400E0
:10449C000040004288811F4078831F4000000800C4
:1044AC00000000422C811F401C831F4000000010A4
:1044BC000000004230811F4020831F40000000207C
:1044CC00000000420C811F40FC821F4000001000C5
:1044DC000000004210811F4000831F40000020009C
:1044EC0000800042C8811F40B8831F40008000003C
:1044FC0000800042C4811F40B4831F400040000074
:10450C0000800042C0811F40B0831F40002000008B
:10451C0000800042BC811F40AC831F400010000093
:10452C0000800042D0811F40C0831F400000020069
:10453C0000800042CC811F40BC831F400000010062
:10454C0000C0004274801F4064821F4000000001C4
:10455C0000C0004280801F4070821F400000000895
:10456C0000C0004284801F4074821F400000001075
:10457C0000C000426C801F405C821F400000400065
:10458C0000C000427C801F406C821F400000000471
:10459C0000C0004278801F4068821F40000000026B
:1045AC0000C0004288801F4078821F40000000201D
:1045BC0002000000030000000400000006000000E0
:1045CC00FB21F93FFB2109407CD91240FB2119400A
:1045DC007A6A1F407CD92240BBFD2540FB21294033
:1045EC003A462C407A6A2F405C4731407CD93240A5
:1045FC009C6B3440BBFD3540DB8F3740FB21394091
:10460C001BB43A403A463C405AD83D407A6A3F4047
:10461C004C7E40405C4741406C1042407CD942404B
:10462C008CA243409C6B4440AC344540BBFD4540A0
:10463C00CBC64640DB8F4740EB584840FB214940F6
:10464C00417564696F446174612E6461740000008B
:10465C0083F9A200444E6E00FC291500D1572700A7
:10466C00DD34F50062DBC0003C99950041904300BD
:10467C006351FE00BBDEAB00B761C5003A6E24008F
:10468C00D24D42004906E00009EA2E001C92D100EE
:10469C00EB1DFE0029B11C00E83EA700F535820099
:1046AC0044BB2E009CE98400B4267000417E5F0060
:1046BC00D6913900538339009CF439008B5F840008
:1046CC0028F9BD00F81F3B00DEFF97000F9805008E
:1046DC00112FEF000A5A8B006D1F6D00CF7E360034
:1046EC0009CB2700464FB7009E663F002DEA5F00BE
:1046FC00BA277500E5EBC7003D7BF100F7390700E1
:10470C0092528A00FB6BEA001FB15F00085D8D00BE
:10471C00300356007BFC4600F0AB6B0020BCCF0096
:10472C0036F49A00E3A91D005E619100081BE600B7
:10473C0085996500A0145F008D40680080D8FF004B
:10474C0027734D0006063100CA561500C9A8730020
:10475C007BE260006B8CC000000100008432002002
:10476C001200000000060000B42100600A000000E6
:10477C0000020000502100606200000000070000F1
:10478C00EC20006062000000EE030000C832002044
:10479C0012000000000004EEA032002028000000EF
:1047AC0000030000E8200060000000000103090481
:1047BC00D02000600000000002030904B820006053
:1047CC000000000003030904E83200200000000090
:1047DC0000000000000000000000000000000000CD
:1047EC0000000000F44D04205C4E0420C44E042054
:1047FC0000000000000000000000000000000000AD
:10480C00000000000000000000000000000000009C
:10481C00000000000000000000000000000000008C
:10482C00000000000000000000000000000000007C
:10483C00000000000000000000000000000000006C
:10484C00000000000000000000000000000000005C
:10485C00000000000000000000000000000000004C
:10486C00000000000000000000000000000000003C
:10487C00000000000000000001000000000000002B
:10488C000E33CDAB34126DE6ECDE05000B000000F0
:10489C00000000000000000000000000000000000C
:1048AC0000000000000000000000000000000000FC
:1048BC0000000000000000000000000000000000EC
:1048CC0000000000000000000000000000000000DC
:1048DC0000000000000000000000000000000000CC
:1048EC0000000000000000000000000000000000BC
:1048FC0000000000000000000000000000000000AC
:10490C000000000000408F400029DE07007B9A1752
:10491C0000003A40F41F00200000000000000000DE
:10492C00000000000000000000000000000000007B
:10493C00000000000000000000000000000000006B
:10494C00000000000000000000000000000000005B
:10495C00000000000000000000000000000000004B
:10496C000021002000000000E8030000000000000F
:10497C002821002000000000E803000000000000D7
:10498C0000801940E01D0020000000008C4A04202B
:10499C004C4A042000000000000000004000000011
:1049AC00400000004000000040000000000000003B
:1049BC0000000000000000000000000000000000EB
:1049CC0000000000000000000000000000000000DB
:1049DC006422002000000000E8030000000000003A
:1049EC0000003F4068200060000000000000000054
:1049FC0000000000000000000000000000000000AB
:104A0C00000000000000000000000000000000009A
:104A1C00000000000000000000000000000000008A
:104A2C00000000000000000000000000000000007A
:104A3C00000000000000000000000000000000006A
:104A4C00000000000000000000000000000000005A
:104A5C00000000000000000000000000000000004A
:104A6C00000000000000000000000000000000003A
:104A7C00000000000000000000000000000000002A
:104A8C00000000000000000000000000000000001A
:104A9C00000000000000000000000000000000000A
:104AAC0000000000000000000000000000000000FA
:104ABC0000000000000000000000000000000000EA
:104ACC0000000000000000000000000000000000DA
:104ADC0000000000000000000000000000000000CA
:104AEC0000000000000000000000000000000000BA
:104AFC0000000000000000000000000000000000AA
:104B0C000000000000000000000000000000000099
:104B1C006422002000000000E803000000000000F8
:104B2C0000803F40182000600000000000000000E2
:104B3C000000000000000000000000000000000069
:104B4C000000000000000000000000000000000059
:104B5C000000000000000000000000000000000049
:104B6C000000000000000000000000000000000039
:104B7C000000000000000000000000000000000029
:104B8C000000000000000000000000000000000019
:104B9C000000000000000000000000000000000009
:104BAC0000000000000000000000000000000000F9
:104BBC0000000000000000000000000000000000E9
:104BCC0000000000000000000000000000000000D9
:104BDC0000000000000000000000000000000000C9
:104BEC0000000000000000000000000000000000B9
:104BFC0000000000000000000000000000000000A9
:104C0C000000000000000000000000000000000098
:104C1C000000000000000000000000000000000088
:104C2C000000000000000000000000000000000078
:104C3C000000000000000000000000000000000068
:104C4C000000000000000000000000000000000058
:104C5C006422002000000000E803000000000000B7
:104C6C0000C03F40C81F00600000000000000000B2
:104C7C000000000000000000000000000000000028
:104C8C000000000000000000000000000000000018
:104C9C000000000000000000000000000000000008
:104CAC0000000000000000000000000000000000F8
:104CBC0000000000000000000000000000000000E8
:104CCC0000000000000000000000000000000000D8
:104CDC0000000000000000000000000000000000C8
:104CEC0000000000000000000000000000000000B8
:104CFC0000000000000000000000000000000000A8
:104D0C000000000000000000000000000000000097
:104D1C000000000000000000000000000000000087
:104D2C000000000000000000000000000000000077
:104D3C000000000000000000000000000000000067
:104D4C000000000000000000000000000000000057
:104D5C000000000000000000000000000000000047
:104D6C000000000000000000000000000000000037
:104D7C000000000000000000000000000000000027
:104D8C000000000000000000000000000000000017
:104D9C00FFFFFFFFB84D0420808327200000000098
:104DAC000000000000000000702E0020702E00207B
:104DBC00782E0020782E0020802E0020802E0020BF
:104DCC00882E0020882E0020902E0020902E00206F
:104DDC00982E0020982E0020A02E0020A02E00201F
:104DEC00A82E0020A82E0020B02E0020B02E0020CF
:104DFC00B82E0020B82E0020C02E0020C02E00207F
:104E0C00C82E0020C82E0020D02E0020D02E00202E
:104E1C00D82E0020D82E0020E02E0020E02E0020DE
:104E2C00E82E0020E82E0020F02E0020F02E00208E
:104E3C00F82E0020F82E0020002F0020002F00203C
:104E4C00082F0020082F0020102F0020102F0020EA
:104E5C00182F0020182F0020202F0020202F00209A
:104E6C00282F0020282F0020302F0020302F00204A
:104E7C00382F0020382F0020402F0020402F0020FA
:104E8C00482F0020482F0020502F0020502F0020AA
:104E9C00582F0020582F0020602F0020602F00205A
:104EAC00682F0020682F0020702F0020702F00200A
:104EBC00782F0020782F0020802F0020802F0020BA
:104ECC00882F0020882F0020902F0020902F00206A
:104EDC00982F0020982F0020A02F0020A02F00201A
:104EEC00A82F0020A82F0020B02F0020B02F0020CA
:104EFC00B82F0020B82F0020C02F0020C02F00207A
:104F0C00C82F0020C82F0020D02F0020D02F002029
:104F1C00D82F0020D82F0020E02F0020E02F0020D9
:104F2C00E82F0020E82F0020F02F0020F02F002089
:104F3C00F82F0020F82F0020003000200030002037
:104F4C0008300020083000201030002010300020E5
:104F5C001830002018300020203000202030002095
:104F6C002830002028300020303000203030002045
:104F7C0038300020383000204030002040300020F5
:104F8C0048300020483000205030002050300020A5
:104F9C005830002058300020603000206030002055
:104FAC006830002068300020703000207030002005
:104FBC0078300020783000208030002080300020B5
:104FCC008830002088300020903000209030002065
:104FDC009830002098300020A0300020A030002015
:104FEC00A8300020A8300020B0300020B0300020C5
:104FFC00B8300020B8300020C0300020C030002075
:10500C00C8300020C8300020D0300020D030002024
:10501C00D8300020D8300020E0300020E0300020D4
:10502C00E8300020E8300020F0300020F030002084
:10503C00F8300020F8300020003100200031002032
:10504C0008310020083100201031002010310020E0
:10505C001831002018310020203100202031002090
:10506C002831002028310020303100203031002040
:10507C0038310020383100204031002040310020F0
:10508C0048310020483100205031002050310020A0
:10509C005831002058310020603100206031002050
:1050AC006831002068310020703100207031002000
:1050BC0078310020783100208031002080310020B0
:1050CC008831002088310020903100209031002060
:1050DC009831002098310020A0310020A031002010
:1050EC00A8310020A8310020B0310020B0310020C0
:1050FC00B8310020B8310020C0310020C031002070
:10510C00C8310020C8310020D0310020D03100201F
:10511C00D8310020D8310020E0310020E0310020CF
:10512C00E8310020E8310020F0310020F03100207F
:10513C00F8310020F831002000320020003200202D
:10514C0008320020083200201032002010320020DB
:10515C00183200201832002020320020203200208B
:10516C00283200202832002030320020303200203B
:10517C0038320020383200204032002040320020EB
:10518C00483200204832002050320020503200209B
:10519C00583200205832002060320020603200204B
:1051AC006832002068320020FFFFFFFF0000020081
:1051BC00B028002012010002EF020140C016830447
:1051CC0080020102030100000000000080000000CA
:1051DC002800000000010400010000000000000095
:1051EC00020157494E5553420000000000000000D8
:1051FC00000000000000000012034D0053004600A8
:10520C005400310030003000F80000004869466955
:10521C000000000000EE02000C0300000000000083
:10522C000000000000000000000000000000D0079B
:10523C002901340101000000000000000000000002
:10524C000000000000000000000000000000000052
:10525C000000000000000000000000000000000042
:10526C000000000000000000000000000000000032
:10527C000000000000000000000000000000000022
:10528C000000000000000000000000000000000012
:10529C000000000000000000000000000000000002
:1052AC0000000000000000000000000000000000F2
:1052BC0000000000000000000000000000000000E2
:1052CC0000000000000000000000000000000000D2
:1052DC0000000000000000000000000000000000C2
:1052EC0000000000000000000000000000000000B2
:1052FC0000000000000000000000000000000000A2
:10530C000000000000000000000000000000000091
:10531C000000000000000000000000000000000081
:10532C000000000000000000000000000000000071
:10533C000000000000000000000000000000000061
:10534C000000000000000000000000000000000051
:10535C000000000000000000000000000000000041
:10536C000000000000000000000000000000000031
:10537C000000000000000000000000000000000021
:10538C000000000000000000000000000000000011
:10539C000000000000000000000000000000000001
:1053AC0000000000000000000000000000000000F1
:1053BC0000000000000000000000000000000000E1
:1053CC0000000000000000000000000000000000D1
:1053DC0000000000000000000000000000000000C1
:1053EC0000000000000000000000000000000000B1
:1053FC0000000000000000000000000000000000A1
:10540C000000000000000000000000000000000090
:10541C000000000000000000000000000000000080
:10542C000000000000000000000000000000000070
:10543C000000000000000000000000000000000060
:10544C000000000000000000000000000000000050
:10545C000000000000000000000000000000000040
:10546C000000000000000000000000000000000030
:10547C000000000000000000000000000000000020
:10548C000000000000000000000000000000000010
:10549C000000000000000000000000000000000000
:1054AC0000000000000000000000000000000000F0
:1054BC0000000000000000000000000000000000E0
:1054CC0000000000000000000000000000000000D0
:1054DC0000000000000000000000000000000000C0
:1054EC0000000000000000000000000000000000B0
:1054FC0000000000000000000000000000000000A0
:10550C00000000000000000000000000000000008F
:10551C00000000000000000000000000000000007F
:10552C00000000000000000000000000000000006F
:10553C00000000000000000000000000000000005F
:10554C00000000000000000000000000000000004F
:10555C00000000000000000000000000000000003F
:10556C00000000000000000000000000000000002F
:10557C00000000000000000000000000000000001F
:10558C00000000000000000000000000000000000F
:10559C0000000000000000000000000000000000FF
:1055AC0000000000000000000000000000000000EF
:1055BC0000000000000000000000000000000000DF
:1055CC0000000000000000000000000000000000CF
:1055DC0000000000000000000000000000000000BF
:1055EC0000000000000000000000000000000000AF
:1055FC00FFFFFFFFFFFFFFFFFFFFFFFFFFFFFFFFAF
:10560C00FFFFFFFFFFFFFFFFFFFFFFFFFFFFFFFF9E
:10561C00FFFFFFFFFFFFFFFFFFFFFFFFFFFFFFFF8E
:10562C00FFFFFFFFFFFFFFFFFFFFFFFFFFFFFFFF7E
:10563C00FFFFFFFFFFFFFFFFFFFFFFFFFFFFFFFF6E
:10564C00FFFFFFFFFFFFFFFFFFFFFFFFFFFFFFFF5E
:10565C00FFFFFFFFFFFFFFFFFFFFFFFFFFFFFFFF4E
:10566C00FFFFFFFFFFFFFFFFFFFFFFFFFFFFFFFF3E
:10567C00FFFFFFFFFFFFFFFFFFFFFFFFFFFFFFFF2E
:10568C00FFFFFFFFFFFFFFFFFFFFFFFFFFFFFFFF1E
:10569C00FFFFFFFFFFFFFFFFFFFFFFFFFFFFFFFF0E
:1056AC00FFFFFFFFFFFFFFFFFFFFFFFFFFFFFFFFFE
:1056BC00FFFFFFFFFFFFFFFFFFFFFFFFFFFFFFFFEE
:1056CC00FFFFFFFFFFFFFFFFFFFFFFFFFFFFFFFFDE
:1056DC00FFFFFFFFFFFFFFFFFFFFFFFFFFFFFFFFCE
:1056EC00FFFFFFFFFFFFFFFFFFFFFFFFFFFFFFFFBE
:1056FC00FFFFFFFFFFFFFFFFFFFFFFFFFFFFFFFFAE
:10570C00FFFFFFFFFFFFFFFFFFFFFFFFFFFFFFFF9D
:10571C00FFFFFFFFFFFFFFFFFFFFFFFFFFFFFFFF8D
:10572C00FFFFFFFFFFFFFFFFFFFFFFFFFFFFFFFF7D
:10573C00FFFFFFFFFFFFFFFFFFFFFFFFFFFFFFFF6D
:10574C00FFFFFFFFFFFFFFFFFFFFFFFFFFFFFFFF5D
:10575C00FFFFFFFFFFFFFFFFFFFFFFFFFFFFFFFF4D
:10576C00FFFFFFFFFFFFFFFFFFFFFFFFFFFFFFFF3D
:10577C00FFFFFFFFFFFFFFFFFFFFFFFFFFFFFFFF2D
:10578C00FFFFFFFFFFFFFFFFFFFFFFFFFFFFFFFF1D
:10579C00FFFFFFFFFFFFFFFFFFFFFFFFFFFFFFFF0D
:1057AC00FFFFFFFFFFFFFFFFFFFFFFFFFFFFFFFFFD
:1057BC00FFFFFFFFFFFFFFFFFFFFFFFFFFFFFFFFED
:1057CC00FFFFFFFFFFFFFFFFFFFFFFFFFFFFFFFFDD
:1057DC00FFFFFFFFFFFFFFFFFFFFFFFFFFFFFFFFCD
:1057EC00FFFFFFFFFFFFFFFFFFFFFFFFFFFFFFFFBD
:1057FC00FFFFFFFF000000000000000000000000A1
:10580C00000000000000000000000000000000008C
:10581C00000000000000000000000000000000007C
:10582C00000000000000000000000000000000006C
:10583C00000000000000000000000000000000005C
:10584C00000000000000000000000000000000004C
:10585C00000000000000000000000000000000003C
:10586C00000000000000000000000000000000002C
:10587C00000000000000000000000000000000001C
:10588C00000000000000000000000000000000000C
:10589C0000000000000000000000000000000000FC
:1058AC0000000000000000000000000000000000EC
:1058BC0000000000000000000000000000000000DC
:1058CC0000000000000000000000000000000000CC
:1058DC0000000000000000000000000000000000BC
:1058EC0000000000000000000000000000000000AC
:1058FC00000000000000000000000000000000009C
:10590C00000000000000000000000000000000008B
:10591C00000000000000000000000000000000007B
:10592C00000000000000000000000000000000006B
:10593C00000000000000000000000000000000005B
:10594C00000000000000000000000000000000004B
:10595C00000000000000000000000000000000003B
:10596C00000000000000000000000000000000002B
:10597C00000000000000000000000000000000001B
:10598C00000000000000000000000000000000000B
:10599C0000000000000000000000000000000000FB
:1059AC0000000000000000000000000000000000EB
:1059BC0000000000000000000000000000000000DB
:1059CC0000000000000000000000000000000000CB
:1059DC0000000000000000000000000000000000BB
:1059EC0000000000000000000000000000000000AB
:1059FC00000000000000000000000000000000009B
:105A0C00000000000000000000000000000000008A
:105A1C00000000000000000000000000000000007A
:105A2C00000000000000000000000000000000006A
:105A3C00000000000000000000000000000000005A
:105A4C00000000000000000000000000000000004A
:105A5C00000000000000000000000000000000003A
:105A6C00000000000000000000000000000000002A
:105A7C00000000000000000000000000000000001A
:105A8C00000000000000000000000000000000000A
:105A9C0000000000000000000000000000000000FA
:105AAC0000000000000000000000000000000000EA
:105ABC0000000000000000000000000000000000DA
:105ACC0000000000000000000000000000000000CA
:105ADC0000000000000000000000000000000000BA
:105AEC0000000000000000000000000000000000AA
:105AFC00000000000000000000000000000000009A
:105B0C000000000000000000000000000000000089
:105B1C000000000000000000000000000000000079
:105B2C000000000000000000000000000000000069
:105B3C000000000000000000000000000000000059
:105B4C000000000000000000000000000000000049
:105B5C000000000000000000000000000000000039
:105B6C000000000000000000000000000000000029
:105B7C000000000000000000000000000000000019
:105B8C000000000000000000000000000000000009
:105B9C0000000000000000000000000000000000F9
:105BAC0000000000000000000000000000000000E9
:105BBC0000000000000000000000000000000000D9
:105BCC0000000000000000000000000000000000C9
:105BDC0000000000000000000000000000000000B9
:105BEC0000000000000000000000000000000000A9
:105BFC000000000000000000000000000000000099
:105C0C000000000000000000000000000000000088
:105C1C000000000000000000000000000000000078
:105C2C000000000000000000000000000000000068
:105C3C000000000000000000000000000000000058
:105C4C000000000000000000000000000000000048
:105C5C000000000000000000000000000000000038
:105C6C000000000000000000000000000000000028
:105C7C000000000000000000000000000000000018
:105C8C000000000000000000000000000000000008
:105C9C0000000000000000000000000000000000F8
:105CAC0000000000000000000000000000000000E8
:105CBC0000000000000000000000000000000000D8
:105CCC0000000000000000000000000000000000C8
:105CDC0000000000000000000000000000000000B8
:105CEC0000000000000000000000000000000000A8
:105CFC000000000000000000000000000000000098
:105D0C000000000000000000000000000000000087
:105D1C000000000000000000000000000000000077
:105D2C000000000000000000000000000000000067
:105D3C000000000000000000000000000000000057
:105D4C000000000000000000000000000000000047
:105D5C000000000000000000000000000000000037
:105D6C000000000000000000000000000000000027
:105D7C000000000000000000000000000000000017
:105D8C000000000000000000000000000000000007
:105D9C0000000000000000000000000000000000F7
:105DAC0000000000000000000000000000000000E7
:105DBC0000000000000000000000000000000000D7
:105DCC0000000000000000000000000000000000C7
:105DDC0000000000000000000000000000000000B7
:105DEC0000000000000000000000000000000000A7
:105DFC000000000000000000000000000000000097
:105E0C000000000000000000000000000000000086
:105E1C000000000000000000000000000000000076
:105E2C000000000000000000000000000000000066
:105E3C000000000000000000000000000000000056
:105E4C000000000000000000000000000000000046
:105E5C000000000000000000000000000000000036
:105E6C000000000000000000000000000000000026
:105E7C000000000000000000000000000000000016
:105E8C000000000000000000000000000000000006
:105E9C0000000000000000000000000000000000F6
:105EAC0000000000000000000000000000000000E6
:105EBC0000000000000000000000000000000000D6
:105ECC0000000000000000000000000000000000C6
:105EDC0000000000000000000000000000000000B6
:105EEC0000000000000000000000000000000000A6
:105EFC000000000000000000000000000000000096
:105F0C000000000000000000000000000000000085
:105F1C000000000000000000000000000000000075
:105F2C000000000000000000000000000000000065
:105F3C000000000000000000000000000000000055
:105F4C000000000000000000000000000000000045
:105F5C000000000000000000000000000000000035
:105F6C000000000000000000000000000000000025
:105F7C000000000000000000000000000000000015
:105F8C000000000000000000000000000000000005
:105F9C0000000000000000000000000000000000F5
:105FAC0000000000000000000000000000000000E5
:105FBC0000000000000000000000000000000000D5
:105FCC0000000000000000000000000000000000C5
:105FDC0000000000000000000000000000000000B5
:105FEC0000000000000000000000000000000000A5
:105FFC000000000000000000000000000000000095
:10600C000000000000000000000000000000000084
:10601C000000000000000000000000000000000074
:10602C000000000000000000000000000000000064
:10603C000000000000000000000000000000000054
:10604C000000000000000000000000000000000044
:10605C000000000000000000000000000000000034
:10606C000000000000000000000000000000000024
:10607C000000000000000000000000000000000014
:10608C000000000000000000000000000000000004
:10609C0000000000000000000000000000000000F4
:1060AC0000000000000000000000000000000000E4
:1060BC0000000000000000000000000000000000D4
:1060CC0000000000000000000000000000000000C4
:1060DC0000000000000000000000000000000000B4
:1060EC0000000000000000000000000000000000A4
:1060FC000000000000000000000000000000000094
:10610C000000000000000000000000000000000083
:10611C000000000000000000000000000000000073
:10612C000000000000000000000000000000000063
:10613C000000000000000000000000000000000053
:10614C000000000000000000000000000000000043
:10615C000000000000000000000000000000000033
:10616C000000000000000000000000000000000023
:10617C000000000000000000000000000000000013
:10618C000000000000000000000000000000000003
:10619C0000000000000000000000000000000000F3
:1061AC0000000000000000000000000000000000E3
:1061BC0000000000000000000000000000000000D3
:1061CC0000000000000000000000000000000000C3
:1061DC0000000000000000000000000000000000B3
:1061EC0000000000000000000000000000000000A3
:1061FC000000000000000000000000000000000093
:10620C000000000000000000000000000000000082
:10621C000000000000000000000000000000000072
:10622C000000000000000000000000000000000062
:10623C000000000000000000000000000000000052
:10624C000000000000000000000000000000000042
:10625C000000000000000000000000000000000032
:10626C000000000000000000000000000000000022
:10627C000000000000000000000000000000000012
:10628C000000000000000000000000000000000002
:10629C0000000000000000000000000000000000F2
:1062AC0000000000000000000000000000000000E2
:1062BC0000000000000000000000000000000000D2
:1062CC0000000000000000000000000000000000C2
:1062DC0000000000000000000000000000000000B2
:1062EC0000000000000000000000000000000000A2
:1062FC000000000000000000000000000000000092
:10630C000000000000000000000000000000000081
:10631C000000000000000000000000000000000071
:10632C000000000000000000000000000000000061
:10633C000000000000000000000000000000000051
:10634C000000000000000000000000000000000041
:10635C000000000000000000000000000000000031
:10636C000000000000000000000000000000000021
:10637C000000000000000000000000000000000011
:10638C000000000000000000000000000000000001
:10639C0000000000000000000000000000000000F1
:1063AC0000000000000000000000000000000000E1
:1063BC0000000000000000000000000000000000D1
:1063CC0000000000000000000000000000000000C1
:1063DC0000000000000000000000000000000000B1
:1063EC0000000000000000000000000000000000A1
:0463FC00000000009D
:040000056000100087
:00000001FF
