:0200000460009A
:100000004643464200000156000000000101020084
:1000100000000000000000000000000000000000E0
:1000200000000000000000000000000000000000D0
:1000300000000000000000000000000000000000C0
:1000400000000000010406010000000000000000A4
:100050000000200000000000000000000000000080
:100060000000000000000000000000000000000090
:100070000000000000000000000000000000000080
:10008000EB04180AFF1E04320126000000000000E5
:100090000000000000000000000000000000000060
:1000A0000000000000000000000000000000000050
:1000B0000000000000000000000000000000000040
:1000C0000000000000000000000000000000000030
:1000D0000000000000000000000000000000000020
:1000E0000000000000000000000000000000000010
:1000F0000000000000000000000000000000000000
:1001000000000000000000000000000000000000EF
:1001100000000000000000000000000000000000DF
:1001200000000000000000000000000000000000CF
:1001300000000000000000000000000000000000BF
:1001400000000000000000000000000000000000AF
:10015000000000000000000000000000000000009F
:10016000000000000000000000000000000000008F
:10017000000000000000000000000000000000007F
:10018000000000000000000000000000000000006F
:10019000000000000000000000000000000000005F
:1001A000000000000000000000000000000000004F
:1001B000000000000000000000000000000000003F
:1001C000000100000010000001000000000000001D
:1001D000000001000000000000000000000000001E
:1001E000000000000000000000000000000000000F
:1001F00000000000000000000000000000000000FF
:10020000FFFFFFFFFFFFFFFFFFFFFFFFFFFFFFFFFE
:10021000FFFFFFFFFFFFFFFFFFFFFFFFFFFFFFFFEE
:10022000FFFFFFFFFFFFFFFFFFFFFFFFFFFFFFFFDE
:10023000FFFFFFFFFFFFFFFFFFFFFFFFFFFFFFFFCE
:10024000FFFFFFFFFFFFFFFFFFFFFFFFFFFFFFFFBE
:10025000FFFFFFFFFFFFFFFFFFFFFFFFFFFFFFFFAE
:10026000FFFFFFFFFFFFFFFFFFFFFFFFFFFFFFFF9E
:10027000FFFFFFFFFFFFFFFFFFFFFFFFFFFFFFFF8E
:10028000FFFFFFFFFFFFFFFFFFFFFFFFFFFFFFFF7E
:10029000FFFFFFFFFFFFFFFFFFFFFFFFFFFFFFFF6E
:1002A000FFFFFFFFFFFFFFFFFFFFFFFFFFFFFFFF5E
:1002B000FFFFFFFFFFFFFFFFFFFFFFFFFFFFFFFF4E
:1002C000FFFFFFFFFFFFFFFFFFFFFFFFFFFFFFFF3E
:1002D000FFFFFFFFFFFFFFFFFFFFFFFFFFFFFFFF2E
:1002E000FFFFFFFFFFFFFFFFFFFFFFFFFFFFFFFF1E
:1002F000FFFFFFFFFFFFFFFFFFFFFFFFFFFFFFFF0E
:10030000FFFFFFFFFFFFFFFFFFFFFFFFFFFFFFFFFD
:10031000FFFFFFFFFFFFFFFFFFFFFFFFFFFFFFFFED
:10032000FFFFFFFFFFFFFFFFFFFFFFFFFFFFFFFFDD
:10033000FFFFFFFFFFFFFFFFFFFFFFFFFFFFFFFFCD
:10034000FFFFFFFFFFFFFFFFFFFFFFFFFFFFFFFFBD
:10035000FFFFFFFFFFFFFFFFFFFFFFFFFFFFFFFFAD
:10036000FFFFFFFFFFFFFFFFFFFFFFFFFFFFFFFF9D
:10037000FFFFFFFFFFFFFFFFFFFFFFFFFFFFFFFF8D
:10038000FFFFFFFFFFFFFFFFFFFFFFFFFFFFFFFF7D
:10039000FFFFFFFFFFFFFFFFFFFFFFFFFFFFFFFF6D
:1003A000FFFFFFFFFFFFFFFFFFFFFFFFFFFFFFFF5D
:1003B000FFFFFFFFFFFFFFFFFFFFFFFFFFFFFFFF4D
:1003C000FFFFFFFFFFFFFFFFFFFFFFFFFFFFFFFF3D
:1003D000FFFFFFFFFFFFFFFFFFFFFFFFFFFFFFFF2D
:1003E000FFFFFFFFFFFFFFFFFFFFFFFFFFFFFFFF1D
:1003F000FFFFFFFFFFFFFFFFFFFFFFFFFFFFFFFF0D
:10040000FFFFFFFFFFFFFFFFFFFFFFFFFFFFFFFFFC
:10041000FFFFFFFFFFFFFFFFFFFFFFFFFFFFFFFFEC
:10042000FFFFFFFFFFFFFFFFFFFFFFFFFFFFFFFFDC
:10043000FFFFFFFFFFFFFFFFFFFFFFFFFFFFFFFFCC
:10044000FFFFFFFFFFFFFFFFFFFFFFFFFFFFFFFFBC
:10045000FFFFFFFFFFFFFFFFFFFFFFFFFFFFFFFFAC
:10046000FFFFFFFFFFFFFFFFFFFFFFFFFFFFFFFF9C
:10047000FFFFFFFFFFFFFFFFFFFFFFFFFFFFFFFF8C
:10048000FFFFFFFFFFFFFFFFFFFFFFFFFFFFFFFF7C
:10049000FFFFFFFFFFFFFFFFFFFFFFFFFFFFFFFF6C
:1004A000FFFFFFFFFFFFFFFFFFFFFFFFFFFFFFFF5C
:1004B000FFFFFFFFFFFFFFFFFFFFFFFFFFFFFFFF4C
:1004C000FFFFFFFFFFFFFFFFFFFFFFFFFFFFFFFF3C
:1004D000FFFFFFFFFFFFFFFFFFFFFFFFFFFFFFFF2C
:1004E000FFFFFFFFFFFFFFFFFFFFFFFFFFFFFFFF1C
:1004F000FFFFFFFFFFFFFFFFFFFFFFFFFFFFFFFF0C
:10050000FFFFFFFFFFFFFFFFFFFFFFFFFFFFFFFFFB
:10051000FFFFFFFFFFFFFFFFFFFFFFFFFFFFFFFFEB
:10052000FFFFFFFFFFFFFFFFFFFFFFFFFFFFFFFFDB
:10053000FFFFFFFFFFFFFFFFFFFFFFFFFFFFFFFFCB
:10054000FFFFFFFFFFFFFFFFFFFFFFFFFFFFFFFFBB
:10055000FFFFFFFFFFFFFFFFFFFFFFFFFFFFFFFFAB
:10056000FFFFFFFFFFFFFFFFFFFFFFFFFFFFFFFF9B
:10057000FFFFFFFFFFFFFFFFFFFFFFFFFFFFFFFF8B
:10058000FFFFFFFFFFFFFFFFFFFFFFFFFFFFFFFF7B
:10059000FFFFFFFFFFFFFFFFFFFFFFFFFFFFFFFF6B
:1005A000FFFFFFFFFFFFFFFFFFFFFFFFFFFFFFFF5B
:1005B000FFFFFFFFFFFFFFFFFFFFFFFFFFFFFFFF4B
:1005C000FFFFFFFFFFFFFFFFFFFFFFFFFFFFFFFF3B
:1005D000FFFFFFFFFFFFFFFFFFFFFFFFFFFFFFFF2B
:1005E000FFFFFFFFFFFFFFFFFFFFFFFFFFFFFFFF1B
:1005F000FFFFFFFFFFFFFFFFFFFFFFFFFFFFFFFF0B
:10060000FFFFFFFFFFFFFFFFFFFFFFFFFFFFFFFFFA
:10061000FFFFFFFFFFFFFFFFFFFFFFFFFFFFFFFFEA
:10062000FFFFFFFFFFFFFFFFFFFFFFFFFFFFFFFFDA
:10063000FFFFFFFFFFFFFFFFFFFFFFFFFFFFFFFFCA
:10064000FFFFFFFFFFFFFFFFFFFFFFFFFFFFFFFFBA
:10065000FFFFFFFFFFFFFFFFFFFFFFFFFFFFFFFFAA
:10066000FFFFFFFFFFFFFFFFFFFFFFFFFFFFFFFF9A
:10067000FFFFFFFFFFFFFFFFFFFFFFFFFFFFFFFF8A
:10068000FFFFFFFFFFFFFFFFFFFFFFFFFFFFFFFF7A
:10069000FFFFFFFFFFFFFFFFFFFFFFFFFFFFFFFF6A
:1006A000FFFFFFFFFFFFFFFFFFFFFFFFFFFFFFFF5A
:1006B000FFFFFFFFFFFFFFFFFFFFFFFFFFFFFFFF4A
:1006C000FFFFFFFFFFFFFFFFFFFFFFFFFFFFFFFF3A
:1006D000FFFFFFFFFFFFFFFFFFFFFFFFFFFFFFFF2A
:1006E000FFFFFFFFFFFFFFFFFFFFFFFFFFFFFFFF1A
:1006F000FFFFFFFFFFFFFFFFFFFFFFFFFFFFFFFF0A
:10070000FFFFFFFFFFFFFFFFFFFFFFFFFFFFFFFFF9
:10071000FFFFFFFFFFFFFFFFFFFFFFFFFFFFFFFFE9
:10072000FFFFFFFFFFFFFFFFFFFFFFFFFFFFFFFFD9
:10073000FFFFFFFFFFFFFFFFFFFFFFFFFFFFFFFFC9
:10074000FFFFFFFFFFFFFFFFFFFFFFFFFFFFFFFFB9
:10075000FFFFFFFFFFFFFFFFFFFFFFFFFFFFFFFFA9
:10076000FFFFFFFFFFFFFFFFFFFFFFFFFFFFFFFF99
:10077000FFFFFFFFFFFFFFFFFFFFFFFFFFFFFFFF89
:10078000FFFFFFFFFFFFFFFFFFFFFFFFFFFFFFFF79
:10079000FFFFFFFFFFFFFFFFFFFFFFFFFFFFFFFF69
:1007A000FFFFFFFFFFFFFFFFFFFFFFFFFFFFFFFF59
:1007B000FFFFFFFFFFFFFFFFFFFFFFFFFFFFFFFF49
:1007C000FFFFFFFFFFFFFFFFFFFFFFFFFFFFFFFF39
:1007D000FFFFFFFFFFFFFFFFFFFFFFFFFFFFFFFF29
:1007E000FFFFFFFFFFFFFFFFFFFFFFFFFFFFFFFF19
:1007F000FFFFFFFFFFFFFFFFFFFFFFFFFFFFFFFF09
:10080000FFFFFFFFFFFFFFFFFFFFFFFFFFFFFFFFF8
:10081000FFFFFFFFFFFFFFFFFFFFFFFFFFFFFFFFE8
:10082000FFFFFFFFFFFFFFFFFFFFFFFFFFFFFFFFD8
:10083000FFFFFFFFFFFFFFFFFFFFFFFFFFFFFFFFC8
:10084000FFFFFFFFFFFFFFFFFFFFFFFFFFFFFFFFB8
:10085000FFFFFFFFFFFFFFFFFFFFFFFFFFFFFFFFA8
:10086000FFFFFFFFFFFFFFFFFFFFFFFFFFFFFFFF98
:10087000FFFFFFFFFFFFFFFFFFFFFFFFFFFFFFFF88
:10088000FFFFFFFFFFFFFFFFFFFFFFFFFFFFFFFF78
:10089000FFFFFFFFFFFFFFFFFFFFFFFFFFFFFFFF68
:1008A000FFFFFFFFFFFFFFFFFFFFFFFFFFFFFFFF58
:1008B000FFFFFFFFFFFFFFFFFFFFFFFFFFFFFFFF48
:1008C000FFFFFFFFFFFFFFFFFFFFFFFFFFFFFFFF38
:1008D000FFFFFFFFFFFFFFFFFFFFFFFFFFFFFFFF28
:1008E000FFFFFFFFFFFFFFFFFFFFFFFFFFFFFFFF18
:1008F000FFFFFFFFFFFFFFFFFFFFFFFFFFFFFFFF08
:10090000FFFFFFFFFFFFFFFFFFFFFFFFFFFFFFFFF7
:10091000FFFFFFFFFFFFFFFFFFFFFFFFFFFFFFFFE7
:10092000FFFFFFFFFFFFFFFFFFFFFFFFFFFFFFFFD7
:10093000FFFFFFFFFFFFFFFFFFFFFFFFFFFFFFFFC7
:10094000FFFFFFFFFFFFFFFFFFFFFFFFFFFFFFFFB7
:10095000FFFFFFFFFFFFFFFFFFFFFFFFFFFFFFFFA7
:10096000FFFFFFFFFFFFFFFFFFFFFFFFFFFFFFFF97
:10097000FFFFFFFFFFFFFFFFFFFFFFFFFFFFFFFF87
:10098000FFFFFFFFFFFFFFFFFFFFFFFFFFFFFFFF77
:10099000FFFFFFFFFFFFFFFFFFFFFFFFFFFFFFFF67
:1009A000FFFFFFFFFFFFFFFFFFFFFFFFFFFFFFFF57
:1009B000FFFFFFFFFFFFFFFFFFFFFFFFFFFFFFFF47
:1009C000FFFFFFFFFFFFFFFFFFFFFFFFFFFFFFFF37
:1009D000FFFFFFFFFFFFFFFFFFFFFFFFFFFFFFFF27
:1009E000FFFFFFFFFFFFFFFFFFFFFFFFFFFFFFFF17
:1009F000FFFFFFFFFFFFFFFFFFFFFFFFFFFFFFFF07
:100A0000FFFFFFFFFFFFFFFFFFFFFFFFFFFFFFFFF6
:100A1000FFFFFFFFFFFFFFFFFFFFFFFFFFFFFFFFE6
:100A2000FFFFFFFFFFFFFFFFFFFFFFFFFFFFFFFFD6
:100A3000FFFFFFFFFFFFFFFFFFFFFFFFFFFFFFFFC6
:100A4000FFFFFFFFFFFFFFFFFFFFFFFFFFFFFFFFB6
:100A5000FFFFFFFFFFFFFFFFFFFFFFFFFFFFFFFFA6
:100A6000FFFFFFFFFFFFFFFFFFFFFFFFFFFFFFFF96
:100A7000FFFFFFFFFFFFFFFFFFFFFFFFFFFFFFFF86
:100A8000FFFFFFFFFFFFFFFFFFFFFFFFFFFFFFFF76
:100A9000FFFFFFFFFFFFFFFFFFFFFFFFFFFFFFFF66
:100AA000FFFFFFFFFFFFFFFFFFFFFFFFFFFFFFFF56
:100AB000FFFFFFFFFFFFFFFFFFFFFFFFFFFFFFFF46
:100AC000FFFFFFFFFFFFFFFFFFFFFFFFFFFFFFFF36
:100AD000FFFFFFFFFFFFFFFFFFFFFFFFFFFFFFFF26
:100AE000FFFFFFFFFFFFFFFFFFFFFFFFFFFFFFFF16
:100AF000FFFFFFFFFFFFFFFFFFFFFFFFFFFFFFFF06
:100B0000FFFFFFFFFFFFFFFFFFFFFFFFFFFFFFFFF5
:100B1000FFFFFFFFFFFFFFFFFFFFFFFFFFFFFFFFE5
:100B2000FFFFFFFFFFFFFFFFFFFFFFFFFFFFFFFFD5
:100B3000FFFFFFFFFFFFFFFFFFFFFFFFFFFFFFFFC5
:100B4000FFFFFFFFFFFFFFFFFFFFFFFFFFFFFFFFB5
:100B5000FFFFFFFFFFFFFFFFFFFFFFFFFFFFFFFFA5
:100B6000FFFFFFFFFFFFFFFFFFFFFFFFFFFFFFFF95
:100B7000FFFFFFFFFFFFFFFFFFFFFFFFFFFFFFFF85
:100B8000FFFFFFFFFFFFFFFFFFFFFFFFFFFFFFFF75
:100B9000FFFFFFFFFFFFFFFFFFFFFFFFFFFFFFFF65
:100BA000FFFFFFFFFFFFFFFFFFFFFFFFFFFFFFFF55
:100BB000FFFFFFFFFFFFFFFFFFFFFFFFFFFFFFFF45
:100BC000FFFFFFFFFFFFFFFFFFFFFFFFFFFFFFFF35
:100BD000FFFFFFFFFFFFFFFFFFFFFFFFFFFFFFFF25
:100BE000FFFFFFFFFFFFFFFFFFFFFFFFFFFFFFFF15
:100BF000FFFFFFFFFFFFFFFFFFFFFFFFFFFFFFFF05
:100C0000FFFFFFFFFFFFFFFFFFFFFFFFFFFFFFFFF4
:100C1000FFFFFFFFFFFFFFFFFFFFFFFFFFFFFFFFE4
:100C2000FFFFFFFFFFFFFFFFFFFFFFFFFFFFFFFFD4
:100C3000FFFFFFFFFFFFFFFFFFFFFFFFFFFFFFFFC4
:100C4000FFFFFFFFFFFFFFFFFFFFFFFFFFFFFFFFB4
:100C5000FFFFFFFFFFFFFFFFFFFFFFFFFFFFFFFFA4
:100C6000FFFFFFFFFFFFFFFFFFFFFFFFFFFFFFFF94
:100C7000FFFFFFFFFFFFFFFFFFFFFFFFFFFFFFFF84
:100C8000FFFFFFFFFFFFFFFFFFFFFFFFFFFFFFFF74
:100C9000FFFFFFFFFFFFFFFFFFFFFFFFFFFFFFFF64
:100CA000FFFFFFFFFFFFFFFFFFFFFFFFFFFFFFFF54
:100CB000FFFFFFFFFFFFFFFFFFFFFFFFFFFFFFFF44
:100CC000FFFFFFFFFFFFFFFFFFFFFFFFFFFFFFFF34
:100CD000FFFFFFFFFFFFFFFFFFFFFFFFFFFFFFFF24
:100CE000FFFFFFFFFFFFFFFFFFFFFFFFFFFFFFFF14
:100CF000FFFFFFFFFFFFFFFFFFFFFFFFFFFFFFFF04
:100D0000FFFFFFFFFFFFFFFFFFFFFFFFFFFFFFFFF3
:100D1000FFFFFFFFFFFFFFFFFFFFFFFFFFFFFFFFE3
:100D2000FFFFFFFFFFFFFFFFFFFFFFFFFFFFFFFFD3
:100D3000FFFFFFFFFFFFFFFFFFFFFFFFFFFFFFFFC3
:100D4000FFFFFFFFFFFFFFFFFFFFFFFFFFFFFFFFB3
:100D5000FFFFFFFFFFFFFFFFFFFFFFFFFFFFFFFFA3
:100D6000FFFFFFFFFFFFFFFFFFFFFFFFFFFFFFFF93
:100D7000FFFFFFFFFFFFFFFFFFFFFFFFFFFFFFFF83
:100D8000FFFFFFFFFFFFFFFFFFFFFFFFFFFFFFFF73
:100D9000FFFFFFFFFFFFFFFFFFFFFFFFFFFFFFFF63
:100DA000FFFFFFFFFFFFFFFFFFFFFFFFFFFFFFFF53
:100DB000FFFFFFFFFFFFFFFFFFFFFFFFFFFFFFFF43
:100DC000FFFFFFFFFFFFFFFFFFFFFFFFFFFFFFFF33
:100DD000FFFFFFFFFFFFFFFFFFFFFFFFFFFFFFFF23
:100DE000FFFFFFFFFFFFFFFFFFFFFFFFFFFFFFFF13
:100DF000FFFFFFFFFFFFFFFFFFFFFFFFFFFFFFFF03
:100E0000FFFFFFFFFFFFFFFFFFFFFFFFFFFFFFFFF2
:100E1000FFFFFFFFFFFFFFFFFFFFFFFFFFFFFFFFE2
:100E2000FFFFFFFFFFFFFFFFFFFFFFFFFFFFFFFFD2
:100E3000FFFFFFFFFFFFFFFFFFFFFFFFFFFFFFFFC2
:100E4000FFFFFFFFFFFFFFFFFFFFFFFFFFFFFFFFB2
:100E5000FFFFFFFFFFFFFFFFFFFFFFFFFFFFFFFFA2
:100E6000FFFFFFFFFFFFFFFFFFFFFFFFFFFFFFFF92
:100E7000FFFFFFFFFFFFFFFFFFFFFFFFFFFFFFFF82
:100E8000FFFFFFFFFFFFFFFFFFFFFFFFFFFFFFFF72
:100E9000FFFFFFFFFFFFFFFFFFFFFFFFFFFFFFFF62
:100EA000FFFFFFFFFFFFFFFFFFFFFFFFFFFFFFFF52
:100EB000FFFFFFFFFFFFFFFFFFFFFFFFFFFFFFFF42
:100EC000FFFFFFFFFFFFFFFFFFFFFFFFFFFFFFFF32
:100ED000FFFFFFFFFFFFFFFFFFFFFFFFFFFFFFFF22
:100EE000FFFFFFFFFFFFFFFFFFFFFFFFFFFFFFFF12
:100EF000FFFFFFFFFFFFFFFFFFFFFFFFFFFFFFFF02
:100F0000FFFFFFFFFFFFFFFFFFFFFFFFFFFFFFFFF1
:100F1000FFFFFFFFFFFFFFFFFFFFFFFFFFFFFFFFE1
:100F2000FFFFFFFFFFFFFFFFFFFFFFFFFFFFFFFFD1
:100F3000FFFFFFFFFFFFFFFFFFFFFFFFFFFFFFFFC1
:100F4000FFFFFFFFFFFFFFFFFFFFFFFFFFFFFFFFB1
:100F5000FFFFFFFFFFFFFFFFFFFFFFFFFFFFFFFFA1
:100F6000FFFFFFFFFFFFFFFFFFFFFFFFFFFFFFFF91
:100F7000FFFFFFFFFFFFFFFFFFFFFFFFFFFFFFFF81
:100F8000FFFFFFFFFFFFFFFFFFFFFFFFFFFFFFFF71
:100F9000FFFFFFFFFFFFFFFFFFFFFFFFFFFFFFFF61
:100FA000FFFFFFFFFFFFFFFFFFFFFFFFFFFFFFFF51
:100FB000FFFFFFFFFFFFFFFFFFFFFFFFFFFFFFFF41
:100FC000FFFFFFFFFFFFFFFFFFFFFFFFFFFFFFFF31
:100FD000FFFFFFFFFFFFFFFFFFFFFFFFFFFFFFFF21
:100FE000FFFFFFFFFFFFFFFFFFFFFFFFFFFFFFFF11
:100FF000FFFFFFFFFFFFFFFFFFFFFFFFFFFFFFFF01
:10100000D1002043ED15006000000000000000004A
:10101000201000600010006000F40060000000007C
:10102000000000600000010000000000FFFFFFFF63
:10103000FFFFFFFFFFFFFFFFFFFFFFFFFFFFFFFFC0
:10104000FFFFFFFFFFFFFFFFFFFFFFFFFFFFFFFFB0
:10105000FFFFFFFFFFFFFFFFFFFFFFFFFFFFFFFFA0
:10106000FFFFFFFFFFFFFFFFFFFFFFFFFFFFFFFF90
:10107000FFFFFFFFFFFFFFFFFFFFFFFFFFFFFFFF80
:10108000FFFFFFFFFFFFFFFFFFFFFFFFFFFFFFFF70
:10109000FFFFFFFFFFFFFFFFFFFFFFFFFFFFFFFF60
:1010A000FFFFFFFFFFFFFFFFFFFFFFFFFFFFFFFF50
:1010B000FFFFFFFFFFFFFFFFFFFFFFFFFFFFFFFF40
:1010C000FFFFFFFFFFFFFFFFFFFFFFFFFFFFFFFF30
:1010D000FFFFFFFFFFFFFFFFFFFFFFFFFFFFFFFF20
:1010E000FFFFFFFFFFFFFFFFFFFFFFFFFFFFFFFF10
:1010F000FFFFFFFFFFFFFFFFFFFFFFFFFFFFFFFF00
:10110000FFFFFFFFFFFFFFFFFFFFFFFFFFFFFFFFEF
:10111000FFFFFFFFFFFFFFFFFFFFFFFFFFFFFFFFDF
:10112000FFFFFFFFFFFFFFFFFFFFFFFFFFFFFFFFCF
:10113000FFFFFFFFFFFFFFFFFFFFFFFFFFFFFFFFBF
:10114000FFFFFFFFFFFFFFFFFFFFFFFFFFFFFFFFAF
:10115000FFFFFFFFFFFFFFFFFFFFFFFFFFFFFFFF9F
:10116000FFFFFFFFFFFFFFFFFFFFFFFFFFFFFFFF8F
:10117000FFFFFFFFFFFFFFFFFFFFFFFFFFFFFFFF7F
:10118000FFFFFFFFFFFFFFFFFFFFFFFFFFFFFFFF6F
:10119000FFFFFFFFFFFFFFFFFFFFFFFFFFFFFFFF5F
:1011A000FFFFFFFFFFFFFFFFFFFFFFFFFFFFFFFF4F
:1011B000FFFFFFFFFFFFFFFFFFFFFFFFFFFFFFFF3F
:1011C000FFFFFFFFFFFFFFFFFFFFFFFFFFFFFFFF2F
:1011D000FFFFFFFFFFFFFFFFFFFFFFFFFFFFFFFF1F
:1011E000FFFFFFFFFFFFFFFFFFFFFFFFFFFFFFFF0F
:1011F000FFFFFFFFFFFFFFFFFFFFFFFFFFFFFFFFFF
:10120000FFFFFFFFFFFFFFFFFFFFFFFFFFFFFFFFEE
:10121000FFFFFFFFFFFFFFFFFFFFFFFFFFFFFFFFDE
:10122000FFFFFFFFFFFFFFFFFFFFFFFFFFFFFFFFCE
:10123000FFFFFFFFFFFFFFFFFFFFFFFFFFFFFFFFBE
:10124000FFFFFFFFFFFFFFFFFFFFFFFFFFFFFFFFAE
:10125000FFFFFFFFFFFFFFFFFFFFFFFFFFFFFFFF9E
:10126000FFFFFFFFFFFFFFFFFFFFFFFFFFFFFFFF8E
:10127000FFFFFFFFFFFFFFFFFFFFFFFFFFFFFFFF7E
:10128000FFFFFFFFFFFFFFFFFFFFFFFFFFFFFFFF6E
:10129000FFFFFFFFFFFFFFFFFFFFFFFFFFFFFFFF5E
:1012A000FFFFFFFFFFFFFFFFFFFFFFFFFFFFFFFF4E
:1012B000FFFFFFFFFFFFFFFFFFFFFFFFFFFFFFFF3E
:1012C000FFFFFFFFFFFFFFFFFFFFFFFFFFFFFFFF2E
:1012D000FFFFFFFFFFFFFFFFFFFFFFFFFFFFFFFF1E
:1012E000FFFFFFFFFFFFFFFFFFFFFFFFFFFFFFFF0E
:1012F000FFFFFFFFFFFFFFFFFFFFFFFFFFFFFFFFFE
:10130000FFFFFFFFFFFFFFFFFFFFFFFFFFFFFFFFED
:10131000FFFFFFFFFFFFFFFFFFFFFFFFFFFFFFFFDD
:10132000FFFFFFFFFFFFFFFFFFFFFFFFFFFFFFFFCD
:10133000FFFFFFFFFFFFFFFFFFFFFFFFFFFFFFFFBD
:10134000FFFFFFFFFFFFFFFFFFFFFFFFFFFFFFFFAD
:10135000FFFFFFFFFFFFFFFFFFFFFFFFFFFFFFFF9D
:10136000FFFFFFFFFFFFFFFFFFFFFFFFFFFFFFFF8D
:10137000FFFFFFFFFFFFFFFFFFFFFFFFFFFFFFFF7D
:10138000FFFFFFFFFFFFFFFFFFFFFFFFFFFFFFFF6D
:10139000FFFFFFFFFFFFFFFFFFFFFFFFFFFFFFFF5D
:1013A000FFFFFFFFFFFFFFFFFFFFFFFFFFFFFFFF4D
:1013B000FFFFFFFFFFFFFFFFFFFFFFFFFFFFFFFF3D
:1013C000FFFFFFFFFFFFFFFFFFFFFFFFFFFFFFFF2D
:1013D000FFFFFFFFFFFFFFFFFFFFFFFFFFFFFFFF1D
:1013E000FFFFFFFFFFFFFFFFFFFFFFFFFFFFFFFF0D
:1013F000FFFFFFFFFFFFFFFFFFFFFFFFFFFFFFFFFD
:10140000824205D051F8043B40F8043B8242F9D8AF
:10141000704700BF044A05494FF0000342F8043BFF
:101420009142FBD8704700BFC02E0020409E022092
:1014300008B5BFF34F8F00F0EDF8534C534B082025
:101440005349C3F85401534AC3F800115248C3F832
:10145000F0405249FFF7D4FF514A52495248FFF732
:10146000CFFF524CFFF7D6FF4FF470004FF0E02152
:1014700000234F4AC1F8880D44F823200133B02BD4
:10148000FAD14C4B80214C4A03F8011B9342FBD10B
:101490004FF0E025494E4A4A4FF0FF31C5F8084D5C
:1014A000D5F8243D43F4E023C5F8243DF36923F047
:1014B0007F0343F04003F361736A23F07F0343F03B
:1014C000400373629166D1661167516700F0AAF814
:1014D0003C4A3D4BA2636322E36300246A61032319
:1014E0003A4AAC612B61C5F8202DD5F8FC2D384B5C
:1014F00042F080723749C5F8FC2D1A6842F00102AB
:101500001A605B680B6000F01BF9334800F0B8FA12
:10151000F16E324B324A41F44051F1661C60C3F81F
:101520000841C3F81841C3F82841C3F83841936B08
:10153000DB0708D442F615632A4951651365936B9E
:1015400043F001039363264A274C936843F0011349
:10155000936000F061FA00F09BFA00F023F900F0CC
:101560005BF82368132BFCD900F0B8F92368B3F5B6
:10157000967FFBD300F054F800F050F800F08CFA9E
:1015800000F082FA30BFFDE70C0D111300800D4012
:101590001B101820388E0000000000009C340060F2
:1015A000C02E0020D8C2006000000020002C0020C7
:1015B0008167000000E400E0A0E400E000C00F400C
:1015C00000C00A40A57B0000A97B0000000020208D
:1015D000001000E0849D02200046C3230040084024
:1015E00000400D400000C056889D0220054B4FF47E
:1015F0002A01054A05485A641864054A99639546C4
:10160000FFF716FF00C00A40AFAAAAAA07002000F1
:1016100000000720704700BF704700BF704700BF41
:1016200000BF70474FF0E02300214FF0100C34480A
:10163000C3F8941DC3F89CCD4FF0110CC3F8A00D56
:101640003048C3F89CCD4FF0120CC3F8A00D2E48C3
:10165000C3F89CCD2D4AC3F8A00DDFF8D0C042F0EE
:1016600015022B48C3F89CCDC3F8A00DDFF8C0C00D
:101670002848C3F89CCDC3F8A00DDFF8B8C0C3F864
:101680009C2D2548254AC3F8A0CDC3F89C0DC3F86E
:10169000A02D02F5A022DFF8A0C00C322048C3F82C
:1016A0009CCDC3F8A02D1F4AC3F89C0DC3F8A02DF4
:1016B00002F14062DFF884C002321B48C3F89CCDBF
:1016C000C3F8A02D0A32C3F89C0DC3F8A02D00BFAB
:1016D00000BF00BF00BF00BF0122C3F8942DBFF3BD
:1016E0004F8FBFF36F8FC3F8501FBFF34F8FBFF300
:1016F0006F8FD3F8142D42F44032C3F8142D704785
:101700003F0000102500080709001000409E02203D
:1017100021000207250008131600202027000B13C4
:10172000180000602F000B071A0000801300200033
:10173000140000200900001017000040190000707C
:1017400010B5174A4FF480544FF4005E4FF4404CEC
:101750004FF4803043F24201136913F0020F0DD1B0
:1017600013F4005F0FD013F4805F0FD0002BF3DA77
:1017700013F4803F0CD15B060ED510BDC2F818C023
:1017800050619161E8E7C2F814E0E5E75461E3E7EE
:101790004FF480339361DFE740235361DCE700BF00
:1017A00000800D40414A03204149F3EE095AD2F826
:1017B00080309FED406A23F001039FED3F5ADFF830
:1017C00014C100B5C2F88030C2F89000D1F8E01022
:1017D000DFF804E1CBB23948CEF8003007EE903A9A
:1017E0000B0DC1F30B21F8EEE77A06EE903A07EE07
:1017F000101A334BB8EEC77ACCF80010F8EEE66A50
:10180000304937EEC66A37EEC55A76EEC76A77EECC
:10181000E57A26EE266AC3ED006A25EE265AD2F84E
:10182000803067EEA64AC0ED007AC6EE275A2648F9
:1018300085EE276AC4EEA76A75EE875AFCEEE55A74
:1018400036EE076A15EE90CABCEEC66A43EA0C5340
:1018500076EE877AC2F8803016EE103AD2F890C150
:10186000FCEEE77A01EA034141EA0C014FF0000C7B
:1018700017EE903AC2F89011C3F30B03D2F890110F
:101880000B431249C2F89031D2F8803043F0020382
:10189000C2F880300E4B80F840C0C1F840314FF0A4
:1018A000E0230122C3F8082100BD00BF00810D40E4
:1018B00000441F400000AA420000B4425C9D022088
:1018C000609D02200000FF0F00E400E0002C0020DB
:1018D00039690000549D0220589D0220314B40F68A
:1018E000617210B5C3F8202140F2044400F0C4F83E
:1018F0002D4A2E49D2F880302D4843F00303C2F818
:1019000080302C4BC1F8604102681A4203D1D1F8F3
:10191000A8319A071BD0254A4FF00041244B596348
:10192000D2F8403143F00203C2F84031D2F84031DE
:101930009B07FBD44FF400304FF0E0211C4B4FF0DD
:101940000042C1F88C0219209A6300F0A9F8184BE4
:101950000021164C4FF080420A209A634FF4207207
:101960001960C4F8A801144800F09EF84FF48002F2
:1019700003464FF4810040F243111860C4F8583117
:101980001A640E4B0E4AC4F84811C3F804224FF0F3
:10199000E0224FF400310123C2F80C11C4F84031A9
:1019A00010BD00BF00800D4000C00F4000002E4061
:1019B00000900D40001C1E0000000020002C0020A4
:1019C0003D6B000008B50E4B1B6E9B0700D4FBBEA1
:1019D00072B60C4B00200C4AC3F8400103F160437F
:1019E0000A49A3F55F2311649D46BFF34F8F4FF45F
:1019F0000013074A0748DB6902609B68984700BFED
:101A000000441F4000002E4000C00A400300200098
:101A1000000012EB008020200F4B40F2376C0F4A81
:101A2000A020D96E41F44031D966D96E41F440719D
:101A3000D966C2F844C09064936C1B06FCD4084A73
:101A400040F23761A02351649364936C13F08003D8
:101A5000FBD1044A1370704700C00F4000400C4097
:101A600000800C40F09D0220F8B500BFF8BC08BC17
:101A70009E467047000000005FF800F0A972000069
:101A80005FF800F0695F00005FF800F06964000033
:101A90005FF800F08D6600005FF800F065890000D7
:101AA0005FF800F07D6200005FF800F0AD88000094
:0C1AB00045000000ED200000755E000005
:101ABC00033A030000000080FFFFFF7F0000343A70
:101ACC000442030000000080FFFFFF7F0000343A57
:101ADC00053B0200F9F1FFFF070E00000AD7233C7B
:101AEC0006430200F9F1FFFF070E00000AD7233C62
:101AFC000939040040F7FFFFC00800000AD7233C57
:101B0C000A41040040F7FFFFC00800000AD7233C3D
:101B1C00FFFF0000000000000000000000000000BB
:101B2C00033A030000000080FFFFFF7F0000343AFF
:101B3C000442030000000080FFFFFF7F0000343AE6
:101B4C00053B0200C4E4FFFF3C1B00000AD7233C0A
:101B5C0006430200C4E4FFFF3C1B00000AD7233CF1
:101B6C000939040040F7FFFFC00800000AD7233CE6
:101B7C000A41040040F7FFFFC00800000AD7233CCD
:101B8C00FFFF00000000000000000000000000004B
:101B9C00033A030000000080FFFFFF7F0000343A8F
:101BAC000442030000000080FFFFFF7F0000343A76
:101BBC00053B0200F092FAFF106D05000AD7233C9A
:101BCC0006430200F092FAFF106D05000AD7233C81
:101BDC000939040040F7FFFFC00800000AD7233C76
:101BEC000A41040040F7FFFFC00800000AD7233C5D
:101BFC00FFFF0000000000000000000000000000DB
:101C0C00033A030000000080FFFFFF7F0000343A1E
:101C1C000442030000000080FFFFFF7F0000343A05
:101C2C00053B0200AAE6FFFF561900000AD7233C29
:101C3C0006430200AAE6FFFF561900000AD7233C10
:101C4C0009390400E0F7FFFF200800000AD7233C05
:101C5C000A410400E0F7FFFF200800000AD7233CEC
:101C6C00FFFF00000000000000000000000000006A
:101C7C00033A030000000080FFFFFF7F0000343AAE
:101C8C000442030000000080FFFFFF7F0000343A95
:101C9C00053B0200D0CEFFFF303100000AD7233CB9
:101CAC0006430200D0CEFFFF303100000AD7233CA0
:101CBC0009390400E0F7FFFF200800000AD7233C95
:101CCC000A410400E0F7FFFF200800000AD7233C7C
:101CDC00FFFF0000000000000000000000000000FA
:101CEC00033A030000000080FFFFFF7F0000343A3E
:101CFC000442030000000080FFFFFF7F0000343A25
:101D0C00053B02006833F6FF98CC09000AD7233C48
:101D1C00064302006833F6FF98CC09000AD7233C2F
:101D2C0009390400E0F7FFFF200800000AD7233C24
:101D3C000A410400E0F7FFFF200800000AD7233C0B
:101D4C00FFFF000000000000000000000000000089
:101D5C00033A030001000080FFFFFF7F2905BC3917
:101D6C000442030001000080FFFFFF7F2905BC39FE
:101D7C00053B0200ACF4FFFF540B00000AD7233CD8
:101D8C0006430200ACF4FFFF540B00000AD7233CBF
:101D9C00093904002CA7FFFFD45800000000803F35
:101DAC000A4104002CA7FFFFD45800000000803F1C
:101DBC00FFFF000000000000000000000000000019
:101DCC00033A030001000080FFFFFF7F2905BC39A7
:101DDC000442030001000080FFFFFF7F2905BC398E
:101DEC00053B020098F4FFFF680B00000AD7233C68
:101DFC000643020098F4FFFF680B00000AD7233C4F
:101E0C0009390400E4C1FFFF1C3E00000000803FC4
:101E1C000A410400E4C1FFFF1C3E00000000803FAB
:101E2C00FFFF0000000000000000000000000000A8
:101E3C00033A030001000080FFFFFF7F0B581B3AA1
:101E4C000442030001000080FFFFFF7F0B581B3A88
:101E5C00053B020098F4FFFF680B00000AD7233CF7
:101E6C000643020098F4FFFF680B00000AD7233CDE
:101E7C00093904006CEEFFFF941100000000803F54
:101E8C000A4104006CEEFFFF941100000000803F3B
:101E9C00FFFF000000000000000000000000000038
:101EAC00033A030001000080FFFFFF7FECAD3B3ADB
:101EBC000442030001000080FFFFFF7FECAD3B3AC2
:101ECC00053B0200F2F4FFFF0E0B00000AD7233C87
:101EDC0006430200F2F4FFFF0E0B00000AD7233C6E
:101EEC0009390400D4E0FFFF2C1F00000000803FE4
:101EFC000A410400D4E0FFFF2C1F00000000803FCB
:101F0C00FFFF0000000000000000000000000000C7
:101F1C00033A030001000080FFFFFF7FECAD3B3A6A
:101F2C000442030001000080FFFFFF7FECAD3B3A51
:101F3C00053B0200E8F4FFFF180B00000AD7233C16
:101F4C0006430200E8F4FFFF180B00000AD7233CFD
:101F5C00093904008AEEFFFF761100000000803F73
:101F6C000A4104008AEEFFFF761100000000803F5A
:101F7C00FFFF000000000000000000000000000057
:101F8C00033A030001000080FFFFFF7F1849333A3A
:101F9C000442030001000080FFFFFF7F1849333A21
:101FAC00053B0200D8F5FFFF280A00000AD7233CA6
:101FBC0006430200D8F5FFFF280A00000AD7233C8D
:101FCC00093904004BFAFFFFB50500000000803F03
:101FDC000A4104004BFAFFFFB50500000000803FEA
:101FEC00FFFF0000000000000000000000000000E7
:101FFC000737000027F8FFFFD90700000000803FDB
:10200C00083E000027F8FFFFD90700000000803FC2
:10201C00FFFF0000000000000000000000000000B6
:10202C00033A030001000080FFFFFF7F29053C3AC3
:10203C000442030001000080FFFFFF7F29053C3AAA
:10204C00053B020098BDFFFF68420000EB91023B8C
:10205C000643020098BDFFFF68420000EB91023B73
:10206C0009380400BCF8FFFF44070000FFE780417B
:10207C000A410400BCF8FFFF44070000FFE7804161
:10208C00FFFF000000000000000000000000000046
:10209C00033A030001000080FFFFFF7F29053C3A53
:1020AC000442030001000080FFFFFF7F29053C3A3A
:1020BC00053B020098BDFFFF68420000EB91023B1C
:1020CC000643020098BDFFFF68420000EB91023B03
:1020DC00093804005EFCFFFFA2030000FFE780410B
:1020EC000A4104005EFCFFFFA2030000FFE78041F1
:1020FC00FFFF0000000000000000000000000000D6
:10210C00033A030001000080FFFFFF7F0B589B3A4E
:10211C000442030001000080FFFFFF7F0B589B3A35
:10212C00053B0200C4D7FFFF3C2800009DC1573B74
:10213C0006430200C4D7FFFF3C2800009DC1573B5B
:10214C00093804008DFAFFFF73050000FFE780409B
:10215C000A4104008DFAFFFF73050000FFE7804081
:10216C00FFFF000000000000000000000000000065
:10217C00033A030001000080FFFFFF7FECADBB3A88
:10218C000442030001000080FFFFFF7FECADBB3A6F
:10219C00053B0200C0E0FFFF401F00005A55823B88
:1021AC0006430200C0E0FFFF401F00005A55823B6F
:1021BC0009380400E4FDFFFF1C020000FFE780412A
:1021CC000A410400E4FDFFFF1C020000FFE7804110
:1021DC00FFFF0000000000000000000000000000F5
:1021EC00033A030001000080FFFFFF7FECADBB3A18
:1021FC000442030001000080FFFFFF7FECADBB3AFF
:10220C00053B0200C0E0FFFF401F00005A55823B17
:10221C0006430200C0E0FFFF401F00005A55823BFE
:10222C000938040098FEFFFF68010000FFE78041B9
:10223C000A41040098FEFFFF68010000FFE780419F
:10224C00FFFF000000000000000000000000000084
:10225C00033A030001000080FFFFFF7F6E49B33A91
:10226C000442030001000080FFFFFF7F6E49B33A78
:10227C00053B0200C0E0FFFF401F00001FFC7E3B3F
:10228C0006430200C0E0FFFF401F00001FFC7E3B26
:10229C00093804007CFCFFFF84030000FFE780404A
:1022AC000A4104007CFCFFFF84030000FFE7804030
:1022BC00FFFF000000000000000000000000000014
:1022CC00093904005CFBFFFFA4040000F6282C4035
:1022DC000A4104005CFBFFFFA4040000F6282C401C
:1022EC00053B020001FCFFFFFF030000FA7E6A3E83
:1022FC000643020001FCFFFFFF030000FA7E6A3E6A
:10230C00FFFF0000000000000000000000000000C3
:10231C000939040001F8FFFFFF070000F6282C40E4
:10232C000A41040001F8FFFFFF070000F6282C40CB
:10233C00053B020001FCFFFFFF030000FA7E6A3E32
:10234C000643020001FCFFFFFF030000FA7E6A3E19
:10235C00FFFF000000000000000000000000000073
:10236C00093904004FFDFFFFB10200001F85AB3F90
:10237C000A4104004FFDFFFFB10200001F85AB3F77
:10238C00053B020001FCFFFFFF030000FA7E6A3EE2
:10239C000643020001FCFFFFFF030000FA7E6A3EC9
:1023AC00FFFF000000000000000000000000000023
:1023BC000939040001F8FFFFFF070000F6282C4044
:1023CC000A41040001F8FFFFFF070000F6282C402B
:1023DC00053B020001FCFFFFFF030000FA7E6A3E92
:1023EC000643020001FCFFFFFF030000FA7E6A3E79
:1023FC00FFFF0000000000000000000000000000D3
:10240C000939040078FDFFFF88020000F6282C40F3
:10241C000A41040078FDFFFF88020000F6282C40DA
:10242C00053B020001FCFFFFFF030000FA7E6A3E41
:10243C000643020001FCFFFFFF030000FA7E6A3E28
:10244C00FFFF000000000000000000000000000082
:10245C000939040057FBFFFFA9040000F6282C40A3
:10246C000A41040057FBFFFFA9040000F6282C408A
:10247C00053B020001FCFFFFFF030000FA7E6A3EF1
:10248C000643020001FCFFFFFF030000FA7E6A3ED8
:10249C00FFFF000000000000000000000000000032
:1024AC000939040072FCFFFF8E0300000000803F1E
:1024BC000A41040072FCFFFF8E0300000000803F05
:1024CC00053B020001F8FFFFFF070000FA7E6A3EA1
:1024DC000643020001F8FFFFFF070000FA7E6A3E88
:1024EC00FFFF0000000000000000000000000000E2
:1024FC0009390400D0F6FFFF300900000000803FCE
:10250C000A410400D0F6FFFF300900000000803FB4
:10251C00053B020001F8FFFFFF070000FA7E6A3E50
:10252C000643020001F8FFFFFF070000FA7E6A3E37
:10253C00FFFF000000000000000000000000000091
:10254C00053B020001FCFFFFFF030000FA7E6A3E20
:10255C000643020001FCFFFFFF030000FA7E6A3E07
:10256C00FFFF000000000000000000000000000061
:10257C00093904002AF9FFFFD60600000000803F4D
:10258C000A4104002AF9FFFFD60600000000803F34
:10259C00053B020001F8FFFFFF070000FA7E6A3ED0
:1025AC000643020001F8FFFFFF070000FA7E6A3EB7
:1025BC00FFFF000000000000000000000000000011
:1025CC000939040001F8FFFFFF0700003D0A5740DE
:1025DC000A41040001F8FFFFFF0700003D0A5740C5
:1025EC00053B020001FCFFFFFF030000FA7E6A3E80
:1025FC000643020001FCFFFFFF030000FA7E6A3E67
:10260C00FFFF0000000000000000000000000000C0
:10261C000939040057FBFFFFA90400003D0A57408D
:10262C000A41040057FBFFFFA90400003D0A574074
:10263C00053B020001FCFFFFFF030000FA7E6A3E2F
:10264C000643020001FCFFFFFF030000FA7E6A3E16
:10265C00FFFF000000000000000000000000000070
:10266C00033A03000100F0FFFFFF0F005839B43D9F
:10267C000442030001000080FFFFFF7F5839B43D86
:10268C00073700008BFCFFFF750300000000803F44
:10269C00083E00008BFCFFFF750300000000803F2C
:1026AC00FFFF000000000000000000000000000020
:1026BC00033A030000000000FF030000E17A943E9F
:1026CC000442030000000000FF030000E17A943E86
:1026DC00053D010000000000FF070000CDCCCC3D03
:1026EC000640010000000000FF070000CDCCCC3DEF
:1026FC00FFFF0000000000000000000000000000D0
:10270C000938040000000000FF07000000009040A2
:10271C000A4B040000000000FF0F00000000904076
:10272C00FFFF00000000000000000000000000009F
:10273C00053D020000000000FF070000FA7E6A3F22
:10274C000640020000000000FF070000FA7E6A3F0E
:10275C00FFFF00000000000000000000000000006F
:10276C00033A03000090FFFF007000005839B43D9D
:10277C00044203000090FFFF007000005839B43D84
:10278C00053D020000000000FF070000D578E93D80
:10279C000640020000000000FF070000D578E93D6C
:1027AC00FFFF00000000000000000000000000001F
:1027BC00FFFF00000000000000000000000000000F
:1027CC00033A030000000000FF030000E17A943E8E
:1027DC000442030000000000FF030000E17A943E75
:1027EC00053D010000000000FF070000CDCCCC3DF2
:1027FC000640010000000000FF070000CDCCCC3DDE
:10280C00FFFF0000000000000000000000000000BE
:10281C000C002C0112000A0018001C004000710072
:10282C00740075006B0068011D00360140011E002C
:10283C00370141015E01B004A604CE04D804BA04E9
:10284C00C404240442042E04380488040604FC0343
:10285C006A0460041A041004F203E8037E0474048E
:10286C0056044C04F303E90357044D040005F60425
:10287C009C0492040089289408942095089518A922
:10288C0019A910B411B410B511B500C801C808D2FB
:10289C0001D208D309D334083E084808D007DA0718
:1028AC00E407A00FAA0FB40FBE0FC80FD20F181059
:1028BC0022102C10361040104A10000000000000AE
:1028CC0002000100020004000200060001000400E6
:1028DC00070001004F000800020005000A0001007B
:1028EC0006000C0001001F000D0001001E000F006F
:1028FC000100270010000100070020000100090062
:10290C00210001005A00220001005B002600020099
:10291C005C00280004005D002C000400170030004F
:10292C0004001600340004005E00380001005F0053
:10293C00390001000E003C0002000D003E000200B8
:10294C000F0040000200100042000200140044007E
:10295C00040011004800040012004C000400130095
:10296C005400040060006000040061006400040076
:10297C0062006800020063006A00020064006C00E0
:10298C00020065006E00010066006F000100670028
:10299C0070000200680084000200690086000200DA
:1029AC006A00880002006B008A0002006C0098002C
:1029BC0001006D00990001006E009A0001006F008B
:1029CC00AA0001002A00D40004002900D800040049
:1029DC002F00DC0004002D00E00004002C00E400BB
:1029EC0004002B00E80004002E00EC000400500052
:1029FC00F00004005100F40004007000F800040022
:102A0C007100FC00040022000002010023000102FE
:102A1C00010072000402020073000602020074003E
:102A2C000802040037000C02020039000E020200FA
:102A3C003B00100204003A001402040052001D0274
:102A4C0001004D001E0202003E0020020200410067
:102A5C002202020043002402040042002802040067
:102A6C0054003002040053003402040055003802B4
:102A7C00020045003A02010075003B020100FF0014
:102A8C000000000000000000020001000200040031
:102A9C000200060001000400070001000600080007
:102AAC0001001F000900010007000A0001000900D5
:102ABC000B00010005000C000100160014000400BE
:102ACC001700180004000C001F0001000E0020006D
:102ADC0002000D00220002000F0024000200100072
:102AEC002600020014002800040011002C00040031
:102AFC001200300004001300340004001A003800E7
:102B0C0001001B00390001001C003A0001001D00EF
:102B1C003B00010021003F000100220000020100E7
:102B2C00240001020100250002020100260003021C
:102B3C0001001E000402010027000502010028000C
:102B4C00060201002A000C02020029000E020200FB
:102B5C002D00100202002C00120202002B001402A5
:102B6C0002002F00180202002E001A0202004F0071
:102B7C002202020037002402020039002602020061
:102B8C003B002802040050002C02040051003002CB
:102B9C0004003A00340204004D00380202004800E0
:102BAC003A02010052003B0201003E003C020200CE
:102BBC0041003E0202004300400204004200440275
:102BCC00040053004802040054004C020400550059
:102BDC005002020045005202010056005802020049
:102BEC0057005A02020058005C02020059005E02B3
:102BFC000200FF00000000000000000002000100C5
:102C0C00020004000200060001000400070001009D
:102C1C000600080001001F000900010009000B005C
:102C2C00010016000D0004001700110004000C0038
:102C3C00150001000E00160002000D001800020025
:102C4C0014001A00040046001E00020011002000AF
:102C5C0004001200240004001300280004001A00D1
:102C6C002C0001001B002D0001001C002E00010097
:102C7C001D002F0001002100300001002200320253
:102C8C00010024003302010025003402010026005B
:102C9C00350201002A004A02020029004C020200FF
:102CAC002B00520202003A00540204003B0058026E
:102CBC00040038005C0202003C005E020400480084
:102CCC006202010042006302040043006702040038
:102CDC0041006D02020055006F02020045007102B6
:102CEC0001005600720202005700740202005800E4
:102CFC007602020059007802020027007A030100D4
:102D0C001E007B03010028007C030100FF00000073
:102D1C0000000000100026000200390066000200CE
:102D2C0041007E000200FF000000000010002600A1
:102D3C0002001A00380001001B00390001001C00C1
:102D4C003A00010039006600020041007E000200DA
:102D5C0056009800020057009A00020058009C0090
:102D6C000200FF00000000001000260002003900E5
:102D7C006600020041007E000200FF00000000001F
:102D8C003F007E000200FF00000000001000260043
:102D9C000200140028000400390066000200410003
:102DAC007E000200FF00000000000000140028005C
:102DBC0004003F007E000200FF0000000000000045
:102DCC0000000000020001000200040002000600E6
:102DDC0001000400070001000600080001001F00AC
:102DEC000900010007000A00010009000B000100A6
:102DFC0005000C00010003000D000100160014007A
:102E0C0004001700180004000C001F0001000E0045
:102E1C00200002000D00220002000F00240002001E
:102E2C0011002C00040012003000040013003400C8
:102E3C00040021003F00010022004000010023009B
:102E4C00410001001E004400010027004500010064
:102E5C002800460001002A004C00020029004E0008
:102E6C0002002D00500002002C00520002002B002A
:102E7C00540002002F00580002002E005A000200DD
:102E8C004F00620002003700640002003B00680043
:102E9C00040050006C0004005100700004003A0063
:102EAC00740004004D007800020048007A00010014
:102EBC0052007B0001003E007C00020043008000B9
:102ECC0004004200840004005300880004005400F5
:102EDC008C00040055009000020045009200010097
:102EEC00FF000000000000000000000002000200D3
:102EFC0002000100040003000100060004000100B0
:102F0C001F00050001000A00060002000B0008006B
:102F1C00020008000B0001000C000C0001000D0069
:102F2C000D0001000E000E00010015000F00020044
:102F3C001E001100010021001200010022001800E7
:102F4C00010023001900010032001B0001003100B8
:102F5C001C00010030001D0001003A001E000200A0
:102F6C003D00200002004600230002004200250024
:102F7C0002004000270002003F002900020044002C
:102F8C002D00010045002E00010047002F0001001C
:102F9C004800310001002800320001004A003300D3
:102FAC000200FF000000000007000A0001004B00B7
:102FBC00440002004E0046000100380047000200A9
:102FCC00FF000000000000004B00440002004E0017
:102FDC0046000100380047000200FF00000000001E
:102FEC0000000000020002000200010004000300C7
:102FFC0001000600040001001F00050001000A008A
:10300C00060002000B00080002000C000B0001007F
:10301C000D000C0001000E000D00010015000E004B
:10302C0002001E0010000100200011000100210010
:10303C001200010018001400020019001600010013
:10304C0022001800010023001900010032001A00B0
:10305C00010031001B00010030001C0001003A008F
:10306C001E0002003D00200002004600220002006B
:10307C004200240002004000260002003F0028000D
:10308C00020044002A00010045002B00010047000B
:10309C002C00010048002E00010049002F00010007
:1030AC004A00300002004D00320002003C00490092
:1030BC000100FF0000000000FF0000000000000005
:1030CC0000000000020002000200010004000300E6
:1030DC0001000600040001001F00050001000A00A9
:1030EC00060002000B00080002000C000B0001009F
:1030FC000D000C0001000E000D00010015000E006B
:10310C0002001E001000010020001100010021002F
:10311C001200010022001800010023001900010018
:10312C0033001A00010034001B00010035001C00A4
:10313C00010036001D0001003A001E0002003D0097
:10314C00200002004600220002004200240002007F
:10315C004000260002003F002800020044002A0024
:10316C00010045002B00010047002C000100480025
:10317C002E00010049002F0001004A00300002001F
:10318C00FF00000000000000000005800F800A0016
:10319C001B801E0014001180338036003C003980E7
:1031AC0028002D8027802200638066006C006980D7
:1031BC0078007D8077807200500055805F805A00C7
:1031CC004B804E0044004180C380C600CC00C980B7
:1031DC00D800DD80D780D200F000F580FF80FA00A7
:1031EC00EB80EE00E400E180A000A580AF80AA0097
:1031FC00BB80BE00B400B180938096009C00998087
:10320C0088008D8087808200838186018C01898172
:10321C0098019D8197819201B001B581BF81BA015E
:10322C00AB81AE01A401A181E001E581EF81EA014E
:10323C00FB81FE01F401F181D381D601DC01D9813E
:10324C00C801CD81C781C201400145814F814A012E
:10325C005B815E0154015181738176017C0179811E
:10326C0068016D8167816201238126012C0129810E
:10327C0038013D8137813201100115811F811A01FE
:10328C000B810E0104010181038306030C030983E6
:10329C0018031D8317831203300335833F833A03CE
:1032AC002B832E0324032183600365836F836A03BE
:1032BC007B837E0374037183538356035C035983AE
:1032CC0048034D8347834203C003C583CF83CA039E
:1032DC00DB83DE03D403D183F383F603FC03F9838E
:1032EC00E803ED83E783E203A383A603AC03A9837E
:1032FC00B803BD83B783B203900395839F839A036E
:10330C008B838E0384038183800285828F828A0261
:10331C009B829E0294029182B382B602BC02B98255
:10332C00A802AD82A782A202E382E602EC02E98245
:10333C00F802FD82F782F202D002D582DF82DA0235
:10334C00CB82CE02C402C182438246024C02498225
:10335C0058025D8257825202700275827F827A0215
:10336C006B826E0264026182200225822F822A0205
:10337C003B823E0234023182138216021C021982F5
:10338C0008020D8207820202160355005300420008
:10339C002000530065007200690061006C000000A1
:1033AC0018035400650065006E007300790064001A
:1033BC00750069006E006F000403090409026200C5
:1033CC00030100C032080B000202020100090400D4
:1033DC000001020201000524001001052401010175
:1033EC0004240206052406000107058203100010C0
:1033FC0009040100020A0000000705030240000056
:10340C00070584024000000904020002FF6AFF0065
:10341C000705810240000107050102400001000080
:10342C0009026200030100C032080B000202020113
:10343C00000904000001020201000524001001052E
:10344C00240101010424020605240600010705825B
:10345C000310000509040100020A0000000705031F
:10346C0002000200070584020002000904020002A7
:10347C00FF6AC7000705810200020107050102006F
:10348C00020100000A060002EF02014001000000E8
:10349C000000000000000000000000000000000020
:1034AC000000000000000000000000000000000010
:1034BC000548064B1B1AD90F01EBA301491002D08A
:1034CC00034B03B118477047C02E0020C02E0020BC
:1034DC000000000008B5054B1BB105490548AFF3CA
:1034EC000080BDE80840FFF7E3BF00BF000000000C
:1034FC00F83D00200000016007F028BC084607F0EA
:10350C007BBC00BF07F068BC016070470068044AD0
:10351C0003681B69934201D107F018BC184700BF20
:10352C00690000000068044A03681B68934202D1DA
:10353C00084607F061BC18476D0000000346416067
:10354C00042253F8040BD0F800C01946DCF8043000
:10355C00184700BF38B504460D4D206803681B6939
:10356C00AB420DD107F0F2FB0028F6D02068094AD7
:10357C0003685B69934207D107F02EFCC0B238BDDB
:10358C0098470028E9D0F1E79847C0B238BD00BF92
:10359C00690000007500000070B50446304D2068CD
:1035AC0003681B69AB424DD107F0D0FB0028F6D065
:1035BC0020682C4E03685B69B34247D107F00CFCC2
:1035CC002071206803681B69AB4237D107F0BEFB42
:1035DC000028F6D0206803685B69B3423ED107F03F
:1035EC00FBFB6071206803681B69AB4222D107F0BA
:1035FC00ADFB0028F6D0206803685B69B3422BD181
:10360C0007F0EAFBA071206803681B69AB420DD17F
:10361C0007F09CFB0028F6D0206803685B69B34276
:10362C0016D107F0D9FBE071606870BD984700288F
:10363C00E9D0F1E798470028D4D0DCE79847002878
:10364C00BFD0C7E798470028A9D0B1E79847B7E79C
:10365C009847E071606870BD9847D3E79847C0E71A
:10366C00690000007500000070B50446314D2068FB
:10367C0003681B69AB424ED107F068FB0028F6D0FB
:10368C0020682D4E03685B69B34248D107F0A4FB58
:10369C002071206803681B69AB4238D107F056FBD8
:1036AC000028F6D0206803685B69B34240D107F06C
:1036BC0093FB6071206803681B69AB4223D107F050
:1036CC0045FB0028F6D0206803685B69B3422DD116
:1036DC0007F082FBA071206803681B69AB420ED116
:1036EC0007F034FB0028F6D0206803685B69B3420E
:1036FC0017D107F071FBE07194ED010A70BD98478A
:10370C000028E8D0F0E798470028D3D0DBE79847AB
:10371C000028BED0C6E798470028A8D0B0E7984745
:10372C00B6E79847E07194ED010A70BD9847D1E770
:10373C009847BEE76900000075000000026870B58C
:10374C00416004461368C8B2184D1B68AB421BD1CC
:10375C0007F052FB2268607913681B68AB4220D1DA
:10376C0007F04AFB2268A07913681B68AB4214D19E
:10377C0007F042FB2268E07913681B68AB4207D163
:10378C00BDE8704007F038BB014610469847E1E7AA
:10379C0001461046BDE87040184701461046984750
:1037AC00E8E7014610469847DCE700BF6D000000D3
:1037BC00026810EE101A70B580ED010A0446136809
:1037CC00C8B2184D1B68AB421BD107F015FB226821
:1037DC00607913681B68AB4220D107F00DFB22689F
:1037EC00A07913681B68AB4214D107F005FB226863
:1037FC00E07913681B68AB4207D1BDE8704007F055
:10380C00FBBA014610469847E1E701461046BDE871
:10381C0070401847014610469847E8E701461046A5
:10382C009847DCE76D000000006803685B68184788
:10383C00006805F0A9BD00BF92B12DE9F041064624
:10384C0017460D1F002401340422311D306805F089
:10385C009BFD7368A74245F8043FF4D1BDE8F081A5
:10386C00704700BF806903681B681847806903684C
:10387C005B681847036818470B680360704700BF04
:10388C000B680360704700BF704700BF00B583B082
:10389C00019005F0F5FC019803B000BD022809D099
:1038AC00032803D10246054803F0E0BD0322044877
:1038BC0003F0DCBD0322034803F0D8BDD43B002049
:1038CC003C390020883A002030B51546013A83B0C7
:1038DC000346D2B20C46042A21D82449022B8A5C16
:1038EC0021D0032B30D0012B0FD12146204800933F
:1038FC00019202F0B1FE019A21461D4803F030F905
:10390C0021461B4802F09AFE009B013B194903EB30
:10391C0043031944214401F8015C03B030BD022B70
:10392C004FF00002DDD121461348CDE9002302F00F
:10393C0093FE009A2146104803F012F921460E48D6
:10394C0002F07CFE019BE0E721460C48CDE9002308
:10395C0002F082FE009A2146084803F001F9214644
:10396C00064802F06BFE019BCFE700BF381B00201E
:10397C003C390020E8380020883A0020D43B002055
:10398C00124A0228DFED127A124B117120EE270A2F
:10399C0011490B60B8FE400A104BBDEEC00A136013
:1039AC004FF0010283ED000A4A720AD0032804D0BA
:1039BC0090420AD10A4804F0A9BC0749094804F00E
:1039CC00A5BC0549084804F0A1BC7047983D0020EF
:1039DC003D0A834368000400709D0220689D02200C
:1039EC003C390020D43B0020883A0020124A02289F
:1039FC00DFED127A124B117120EE270A11490B6080
:103A0C00B8FE400A104BBDEEC00A13604FF0010225
:103A1C0083ED000A4A720AD0032804D090420AD1DE
:103A2C000A4804F073BC0749094804F06FBC054907
:103A3C00084804F06BBC7047983D00203D0A834356
:103A4C0070000400709D0220689D02203C3900200B
:103A5C00D43B0020883A0020144AB8FE400ABDEE40
:103A6C00C00A134B022810B4124C11711249136086
:103A7C004FF00102216010EE101A627219800DD005
:103A8C00032806D090420ED121460C4810BC04F0FD
:103A9C003DBC08490A4810BC04F038BC054909482B
:103AAC0010BC04F033BC10BC704700BF983D002024
:103ABC006C9D0220709D0220660002003C390020A3
:103ACC00D43B0020883A0020124A0228DFED127AFB
:103ADC00124B117120EE270A11490B60B8FE400AF7
:103AEC00104BBDEEC00A13604FF0010283ED000ACB
:103AFC004A720AD0032804D090420AD10A4804F032
:103B0C0005BC0749094804F001BC0549084804F004
:103B1C00FDBB7047983D0020572A8F3E6C00040077
:103B2C00709D0220689D02203C390020D43B00206F
:103B3C00883A002038B52DED028BB0EE408A054650
:103B4C000C46FFF7ABFEF7EE008A30EE480AB0EEFB
:103B5C00C00AB4EEE80AF1EE10FA27DD022D0ED100
:103B6C0016E0164803F082FC30EE480AF7EE007AB5
:103B7C00B0EEC00AB4EEE70AF1EE10FA16DD032D32
:103B8C004FF003022146ECD10D4803F06FFCEBE73C
:103B9C00032221460B4803F069FC30EE480AB0EED4
:103BAC00C00AB4EEE80AF1EE10FAF1DC6420BDECC8
:103BBC00028BBDE8384005F0A9BD00BF3C390020A0
:103BCC00D43B0020883A0020022810B50C4684B063
:103BDC002AD0032815D0012839D103901D4802F0B2
:103BEC003BFD4FF47A70214600230090039A19484C
:103BFC0004F0D6FD2146174804B0BDE8104002F091
:103C0C001DBD154802F028FD4FF47A7021460023A3
:103C1C0000900122104804F0C3FD21460E4804B068
:103C2C00BDE8104002F00ABD0C4802F015FD4FF43F
:103C3C007A702146002300900122084804F0B0FD60
:103C4C002146064804B0BDE8104002F0F7BC04B0B1
:103C5C0010BD00BF3C390020D43B0020883A002026
:103C6C00022803460A4600B583B02DD0032823D082
:103C7C00012806D1CDE90001174802F0EDFCDDE981
:103C8C000032013BDFF868C01448511E03EB4303BC
:103C9C00DCF800204FF0000C1844013200F801C091
:103CAC004FF0010C0E4818440B4400F801C00D49AC
:103CBC0041F8232003B000BDCDE900010A4802F011
:103CCC00CBFCDDE90032DCE7CDE90001074802F06E
:103CDC00C3FCDDE90032D4E73C390020949D02207E
:103CEC00BC3D0020C83D0020D43B0020883A002079
:103CFC00889D022038B500230F4A104C1D461370C6
:103D0C005370937014F8013B8BB9A37853B9637952
:103D1C001BB90135032DF5D138BDE9B2084802F0C5
:103D2C009BFCF6E7E9B2074802F096FCEFE7E9B234
:103D3C00054802F091FCE8E7B80C0120B03D0020EA
:103D4C00D43B0020883A00203C3900202DE9F04774
:103D5C00804E80464FF0000A7F4F5FFA8AF57F4C09
:103D6C0054F8041F7E4802F05BFA29467C4802F0A6
:103D7C00A3FA03460120002B50D105F0C7FCA64244
:103D8C00EED10AF1010ABAF1040FE6D14FF0000AA4
:103D9C00744C5FFA8AF7A6F11C0555F8041F72489B
:103DAC0002F03EFA3946704802F086FA03460120CA
:103DBC00002B74D105F0AAFCB542EED10AF1010A30
:103DCC00BAF1030FE5D14FF0000A684D5FFA8AF79C
:103DDC00A6F11C0454F8041F654802F021FA394678
:103DEC00634802F069FA03460120002B37D105F035
:103DFC008DFCA642EED10AF1010ABAF1030FE5D10E
:103E0C005C49574802F00CFA5A49574802F008FA34
:103E1C0058495748BDE8F04702F002BA0446294613
:103E2C004F4807F80A4002F017FC524A29464C4802
:103E3C0002F020FC4F494A4802F0F2F92946484862
:103E4C0002F0FCFBB8F1000F4AD10AF1010A20463E
:103E5C0005F05CFCBAF1040F7FF47FAF96E70446E3
:103E6C003946434805F80A4002F0F6FB414A394608
:103E7C003F4802F0FFFB3F493D4802F0D1F939467B
:103E8C003B4802F0DBFBB8F1000F3AD10AF1010A12
:103E9C00204605F03BFCBAF1030F97D1B0E705467D
:103EAC003946314804F80A5002F0D6FB314A3946FB
:103EBC002D4802F0DFFB2F492B4802F0B1F93946AF
:103ECC00294802F0BBFBB8F1000F2ED10AF1010A10
:103EDC00284605F01BFCBAF1030F7FF45AAF72E7CA
:103EEC0021462548FFF71EFB29462348FFF71AFBFE
:103EFC0029461B4802F046FA01461F48FFF71EFBF5
:103F0C00A3E703211C48FFF70DFB39461A48FFF7BE
:103F1C0009FB3946164802F035FA01461648FFF7F8
:103F2C000DFB204605F0F2FB65E702211248FFF776
:103F3C00F9FA39461048FFF7F5FA39460A4802F003
:103F4C0021FA01460C48FFF7F9FA284605F0DEFB8A
:103F5C0034E700BFB81B0020B03D00209C1B0020A4
:103F6C003C390020B33D0020883A0020B63D0020AB
:103F7C00D43B002000093D0010340020DFF868C05D
:103F8C00022800B5ACF800204FF00402DFF85CE02A
:103F9C00ACF802204FF001028EF804108CF80920C6
:103FAC000D4ACEF8002013600FD0032807D001284B
:103FBC0011D1614609485DF804EB04F0A7B96146DC
:103FCC0007485DF804EB04F0A1B9614605485DF8BB
:103FDC0004EB04F09BB900BD689D02203C39002025
:103FEC00D43B0020883A0020709D0220983D002090
:103FFC0030B5441E244B4D1E83B004EB44021344D5
:10400C005B5D5A1E022A06D9052B04D01F4B19786A
:10401C0031B303B030BDB7EEC07A742204EB440464
:10402C008DED010A9FED166B27EE067BB8FE477BE4
:10403C00FDEEC77B17EE903AFFF7A0FF1349144A29
:10404C00087801212244134B9DED010A5055621949
:10405C0003EB820383ED000A0F4B2344595528B917
:10406C000E4803B0BDE83040FFF75CBA0C4B0D486E
:10407C0013F8121003B0BDE83040FFF753BA00BF7D
:10408C000000000000C02640E8380020F69D022009
:10409C00C49D0220A09D0220949D0220103400207B
:1040AC006C29002048330020DFF868C0022800B5D6
:1040BC00ACF800204FF00202DFF85CE0ACF8022014
:1040CC004FF001028EF804108CF809200D4ACEF83E
:1040DC00002013800FD0032807D0012811D161468E
:1040EC0009485DF804EB04F011B9614607485DF826
:1040FC0004EB04F00BB9614605485DF804EB04F0E1
:10410C0005B900BD6C9D02203C390020D43B002039
:10411C00883A0020709D0220983D0020000000008D
:10412C002DE9F04FDFF80C830024AD4EAD4DAE4FB2
:10413C00DFF80493DFF804A3DFF804B32DED048B50
:10414C0085B018F8013B002B40F024811BF804309B
:10415C003278272B00F2C680A4484FEA031C00EBF0
:10416C00031350F80C00DB688068184200F0BA802A
:10417C0001233B70E2B99E4B1B5D022B00F02181A9
:10418C00032B00F02381012B0ED199F800009949E3
:10419C000B54994B1A54994B43F82020984B43F8E5
:1041AC0020200222974B1A540122012308F8012CDB
:1041BC0033700134013604350137032C09F1010940
:1041CC00BFD1DFF838B24FF00008DFF878A29FEDCE
:1041DC008E9A8B4E8D49DFF820929FED7F8B0EE0EF
:1041EC0008F1010809F101090BF1040B0131B8F1D7
:1041FC00640F0AF1010A06F1040600F0D8807D4B29
:10420C0013F80830002BEBD099F800404FEA082740
:10421C007F4A04EB0823DBF8005052F823309D4210
:10422C0040F092807B4B03960E463B4400937A4BB6
:10423C003B44CDE9013834E067EE897A4146F8FE1B
:10424C00677AFDEEE77A17EE903AFFF797FE3A1988
:10425C00724B4146284603EB8203742293ED007A9D
:10426C00B7EEC77A27EE087BB8FE477BFDEEC77B1F
:10427C0017EE903AFFF782FE45EA0803614A032BDA
:10428C0003D8029BD35C012B4DD00134604ADBF880
:10429C000050E4B23B1989F8004052F82330AB428D
:1042AC004ED196F800C03B195D497022A44501EB34
:1042BC0083015ED90098D1ED007A055D01999AF8D9
:1042CC000030284611F80480002BB5D0F8FE677A30
:1042DC00FDEEE77A6622414617EE903A1BB2FFF7E5
:1042EC00E3FEB4E70023012A3B707FF461AF4D4835
:1042FC00005D022860D0032868D001280ED199F8FF
:10430C0000003C490A543C4A13543C4A42F82030C1
:10431C003B4A42F8203002223A4B1A540023012225
:10432C0008F8012C44E7013D08F1FF313E4B05EB49
:10433C0045053E480D4413F81510FFF7F3F8A4E7B4
:10434C003146DDF80880039E91F800C00135A44584
:10435C00CBF800507FF444AF354C002354F8285070
:10436C0089F80030CBF8003055B9224B03F80850CF
:10437C0036E73146DDF80880039E99F80040E5E702
:10438C0034680134A54234603FF62AAF194A02F86A
:10439C00083025E72B685AF82420013393422B6010
:1043AC007FF607AF00232B6008F8013C01E705B04E
:1043BC00BDEC048BBDE8F08F99F800200D498B54AF
:1043CC00ACE799F800300B49CA54EDE6FFF792FCC4
:1043DC003B78A4E7AFF300800000000000C026404B
:1043EC00A03D002020390020F8380020901C00202F
:1043FC0034390020B80C0120140601207806012065
:10440C006C080120540C01203D0A8343F00B012061
:10441C001C0D012014A20020143E0020009021202D
:10442C00000020202C3900206C290020483300206B
:10443C00600A0120943D00203839002060290020BA
:10444C00C41B0020FC09012070B5164C82B0164D1F
:10445C00E61C15F8011B012919D003290DD039B917
:10446C002078019005F0D2F90221019805F002FAAA
:10447C000134B442EDD102B070BD2078012101901D
:10448C0005F0F8F90121019805F0C0F9F0E7207862
:10449C000021019005F0BAF90321019805F0EAF921
:1044AC00E6E700BFC41B0020303900206049614A98
:1044BC00486812682DE9F8435F4B6424A3FB023271
:1044CC00920C04FB02F24B681B1A9A42FBD85B4815
:1044DC00FFF71CF80128044670D041215748FFF71C
:1044EC0021F801215548FFF729F805215348FFF71A
:1044FC0019F8052252495148FFF796F901214F4806
:10450C00FFF710F823214D48FFF70CF812214B4808
:10451C00FFF708F8DFF8348101214848FFF702F86B
:10452C0045214648FEF7FEFF444898F80010FEF778
:10453C00F9FF98F80030002B3AD04FF00009414EAB
:10454C00002756F8040B002407F0A2FCC1B23B482C
:10455C00FEF7E8FF03E0295D0134FEF7E3FF56F8B0
:10456C00045C284607F094FCA0423448F3D8013789
:10457C0098F80030BB42E4DCB9F1000F18D00121EF
:10458C002E48FEF7CFFF56212C48FEF7CBFF01211A
:10459C002A48FEF7C7FF01212848FEF7C3FF762102
:1045AC002648FEF7BFFF284B24481978FEF7BAFFC0
:1045BC0000212248BDE8F843FEF7B4BF1F48FEF7C0
:1045CC00C9FF4121A0F1FF091C48FEF7ABFF2146B2
:1045DC001A48B9FA89F9FEF7B1FF052117484FEAD5
:1045EC005919FEF79FFF052215491448FFF71CF9CE
:1045FC0021461248FEF796FF23211048FEF792FF42
:10460C0012210E48FEF78EFFDFF8408021460B4842
:10461C00FEF788FF45210948FEF784FF074898F804
:10462C000010FEF77FFF98F80030002B87D1A3E72E
:10463C00001000E07C26002083DE1B434833002062
:10464C000C2A002080290020F19D02202C2A002019
:10465C002DE9F04F00237D4C7D482DED028B89B068
:10466C002370FEF753FF002800F0F6807848FEF721
:10467C0071FF784B012220701A70002800F0FB802B
:10468C002138DE2800F2F780DFE810F05904F5003D
:10469C00F500F5004D03F901F500F500F500F50006
:1046AC002E06F5002606F500F500F500F500F500E0
:1046BC00F500F500F500F500F500F500F500F50046
:1046CC00F500F5000B05FA048805F500F500F5007A
:1046DC001B059805F5001B048504F5006104F50025
:1046EC00F500AB056703F500F5003504F500000493
:1046FC00E202B902F5008402F5003302F500F50080
:10470C000702F5001703AF03F500F500F500F500FF
:10471C00F500F500F500F500F500F500F500F500E5
:10472C00F500F500F500F500F500F500F500F500D5
:10473C00F500F500F500F500F500F500F500F500C5
:10474C00F5009E03F5009303F500F500F500F50068
:10475C00F500F500F500F500F500F500F500F500A5
:10476C00F500F500F500F500F500F500F500F50095
:10477C00F500F500F500F500F500F500F500F50085
:10478C00F500F500F500F500F500F500F500F50075
:10479C00F500F500F500F500F500F500F500F50065
:1047AC00F500F500F500F500F500F500F500F50055
:1047BC00F500F500F500F500F500F500F500F50045
:1047CC00F500F500F500F500F500F500F500F50035
:1047DC00F500F500F500F500F500F500F500F50025
:1047EC00F500F500F500F500F500F500F500F50015
:1047FC00F500F500F500F500F500F500F500F50005
:10480C00F500F500F500F500F500F500F500F500F4
:10481C00F500F500F500F500F500F500F500F500E4
:10482C00F500F500F500F500F500F500F500F500D4
:10483C00F500F500F500F500F500F5003F03F50077
:10484C00F500F500F500F500A20500BFF59D02206E
:10485C0048330020F69D02200546B448FEF756FE6C
:10486C00002800F0FC80B148FEF774FED4282070BC
:10487C0000F05585257004F09FFFAD4B1B68C01AE6
:10488C00B0F57A7F3CD9B7EE008AAA4BAA4A4FF012
:10489C00010BAA49AA48DFF8ECC2DFF8ECA201939D
:1048AC005646D9466546D34680460F460124924665
:1048BC00CDE902C0CDE9041216F8011B002966D11E
:1048CC0001340AF1040A013708F10108042C05F13E
:1048DC000405F1D1019B0BF1030A09F1010B06331D
:1048EC00BBF1040F0193DDE902C0DDE9041200F114
:1048FC0003000CF10C0C02F10C0201F10301CFD1FD
:10490C00DFF888824FF0000BDFF884A2DFF82892E2
:10491C000BEB4B050124894B4F465646CDF804A0B2
:10492C001D44CA460BEB040916F8013BCBB1854B71
:10493C0058F824101B68994213D2BBF1010FE1B255
:10494C0000F08780BBF1020F7F4870D07F48029146
:10495C0001F074FE02992B780020052B06F8010C4F
:10496C0070D0013404370135042CDDD1CB460AF16B
:10497C000C09DDF804A008F10C08BBF1030F0AF1D7
:10498C00030AC5D109B0BDEC028BBDE8F08FE3B2D0
:10499C005FFA89F0194606930790FEF77FFFD5ED75
:1049AC00007A6B4B83ED000A30EE670A694BB0EE70
:1049BC00C00AC3ED007AB4EEC80AF1EE10FA7FF526
:1049CC007FAF98F8001001294BD0002106F8011C8C
:1049DC00397805297FF474AF5F486049604AD0F894
:1049EC0004C009685F4BA2FB01E1890C03FB01FECB
:1049FC004368A3EB0C039E45FAD8DDE90610FFF7DC
:104A0C00E3F8544BD3ED007AF5EEC07AF1EE10FAE0
:104A1C0040F37284DFED546A87EEA67ABBFE477AC8
:104A2C00E7EE667AC3ED007ACAED007A48E7E1B2A8
:104A3C00029101F003FE2B7800200299052B06F859
:104A4C00010C8ED15FFA89F0FEF728FF87ED000A82
:104A5C0087E74648029101F0F1FD02997BE7207847
:104A6C000BE6019B424813F81410FEF75BFD002186
:104A7C0006F8011C397805297FF422AFACE73D4BD1
:104A8C001B78002B7FF4F7AE01212848FEF756FD6A
:104A9C0001212648FEF752FDEDE6364C2378002B1B
:104AAC0040F0D1842148FEF755FD0346324D227863
:104ABC002B70002A40F0C1841C48FEF74BFD0346C6
:104ACC002E4E22783370002A40F093841748FEF75C
:104ADC00CBFD2B4B3178287883ED000AFEF786FF4F
:104AEC002378002B7FF4C7AE01211048FEF71AFD86
:104AFC00C1E6204C2378002B40F0B1840B48FEF724
:104B0C0029FD03461C4D22782B70002A40F0A1840D
:104B1C000648FEF71FFD0146184B28781970FFF761
:104B2C009FF82378002B7FF4A6AEDDE7103400202D
:104B3C00AC3D00206B290020FC380020E838002018
:104B4C00C49D0220889D0220D43B00203C390020CB
:104B5C00103E0020909D0220001000E07C260020DA
:104B6C0083DE1B43A08601000000B443883A00207A
:104B7C0048330020F69D02202B2A00202A2A0020F0
:104B8C00A83D0020A09D0220949D0220C43D002041
:104B9C00BC3D0020AA4C2378002B40F04884A94847
:104BAC00FEF7D8FC0346A84D22782B70002A40F063
:104BBC003884A448FEF7CEFC0346A44E227833700A
:104BCC00002A40F029849F48FEF74EFDA04A287821
:104BDC0082ED000A421E9F4B317802EB42021344D5
:104BEC000B4413F8013C042B00F06E842378002B4B
:104BFC007FF441AE00219348FEF794FC3BE6904BCA
:104C0C001B78002B7FF437AE8F4D8E488F4CFEF700
:104C1C00A1FC28708B48FEF79DFC20708948FEF79C
:104C2C0099FC2B788C4A0146022B107000F06F8493
:104C3C00032B00F06184012B7FF41DAE64232278DA
:104C4C00864801F0EFFB01467E48FEF777FD12E641
:104C5C007B4C2378002B40F0A6837A48FEF77AFC35
:104C6C000346794D22782B70002A40F097837548C3
:104C7C00FEF770FC0346754E22783370002A40F024
:104C8C005F837048FEF7F0FCF0EE407A28783178BC
:104C9C0000EB4003724A734C0B44C4ED007A02EBF8
:104CAC008302714C12ED047A77EE877AB0EE670AC4
:104CBC00C4ED007AFFF79CF9DDE5614C2378002BFD
:104CCC0040F0A5835F48FEF745FC03465E4D227815
:104CDC002B70002A40F096835A48FEF73BFC0346A3
:104CEC005A4E22783370002A40F088835548FEF7DC
:104CFC00BBFC5E4B3178287883ED000AFEF7E4FEAE
:104D0C002378002B7FF4B7ADEEE64D4B1C78002CCE
:104D1C007FF4B1ADFA214B48FEF704FC544B554AD5
:104D2C001B78D454A7E5464B1B78002B7FF4A3AD1E
:104D3C00454C4448FEF70EFC20704248FEF70AFC36
:104D4C00424B014620781970FEF7A8FD454B3D48B3
:104D5C0083ED000AFEF72CFD8DE5394B1B78002BFB
:104D6C007FF489AD384C394D3648FEF7F3FB424E93
:104D7C0020703448FEF7EEFB28703248FEF7EAFB51
:104D8C002978024630702078FEF79EFD3378052B8B
:104D9C007FF4AAAE24782D78204604EB44042946EF
:104DAC00FEF77CFD2C442E4B03EB840303ED040A2D
:104DBC009AE6234B1B78002B7FF45DAD03222F4921
:104DCC002048FEF739FD8FE61D4B1B78002B7FF436
:104DDC0052AD03222A491B48FEF72AFD012119482E
:104DEC00FEF7A0FBFFF730FB45E5154B1B78002BBE
:104DFC0040F0BA821348FEF737FCF0EE407A124BC3
:104E0C0012491B78097803EB4303154A1D480B44E0
:104E1C00144C154902EB83030078C4ED007A93ED32
:104E2C00007A37EE870A81ED000A00283FF423ADA3
:104E3C00154B197800293FF41EADFFF7D9F81AE588
:104E4C00F69D0220103400202B2A00202A2A002054
:104E5C00F43D0020E8380020FC9D02203C39002065
:104E6C00FC380020103E0020F03D0020A43D002026
:104E7C00F79D0220080801202D2A0020602900201F
:104E8C0030390020F39D0220F29D0220AE4C237895
:104E9C00002B40F05082AD48FEF75CFB034600222D
:104EAC00AB48AC490370CA54AB48AC4940F823201A
:104EBC0041F8232001212478A948AA4AC454D1548A
:104ECC00D9E4A14C2378002B40F0F9829F48FEF7DF
:104EDC0041FB0346A44922780B70002A40F0EA8279
:104EEC009A48FEF737FB0346A04922780B70002A3C
:104EFC007FF4C1ACF8E5944C2378002B40F02F8262
:104F0C009248FEF727FB0346994D22782B70002A16
:104F1C0040F020828D48FEF71DFB0346954E22780B
:104F2C003370002A40F012828848FEF79DFB924BAA
:104F3C003178287883ED000AFFF75AF89BE4FEF7E6
:104F4C00D9FE814B1B78002B7FF495ACCCE57E4BC6
:104F5C001B78002B7FF48FAC854E7C48854CFEF77C
:104F6C00F9FA30707948FEF7F5FA20707748FEF7B9
:104F7C00F1FA3378814D022B287000F0E382032B79
:104F8C0000F0D082012B00F0A7827D4C21786F4875
:104F9C00FEF7C8FA6FE46C4C2378002B40F02482A7
:104FAC006A48FEF7D7FA0346714D22782B70002A17
:104FBC0040F015826548FEF7CDFA03466D4E227817
:104FCC003370002A40F006826048FEF7C3FA0346AD
:104FDC00DFF8BC8188F800302378002B40F0F48196
:104FEC005A48FEF741FBF0EE407A634F2378C7ED49
:104FFC00007A002B40F0E2815448FEF735FBF0EECE
:10500C00407ADFF890912378C9ED007A002B40F0BC
:10501C00CF814E48FEF728FBF0EE407A2878594BAA
:10502C00421E3178DFF870A102EB4202CAED007A21
:10503C0013440B4413F8013C013B012B3FF6D6AD56
:10504C0099ED000AFEF7D2FC9AED000A3178287827
:10505C00FEF73AFD97ED000A31782878FEF7C8FF85
:10506C0098F80030002B3FF406AC97ED000A31782D
:10507C002878FEF75FFD2378002B7FF4FCAB33E53B
:10508C00314B1B78002B40F052813048FEF7ECFA84
:10509C00354A394B107883ED000A00283FF4EBAB0E
:1050AC00C6E6294B1B78002B7FF4E5AB032236496F
:1050BC002648FEF7BDFB01212448FEF733FAFFF723
:1050CC00DABB214C2378002B40F063811F48FEF79C
:1050DC0041FA0346264D22782B70002A40F0548169
:1050EC001A48FEF737FA0346224E22783370002A0C
:1050FC0040F044811548FEF7B7FAF0EE407A1E4FA7
:10510C002378C7ED007A002B40F034810F48FEF76E
:10511C00ABFA28781D4B421E317883ED000A02EB66
:10512C004202184B13440B4413F8013C032B7FF43D
:10513C005DADFEF791FC97ED000A31782878FEF70B
:10514C0057FFFFF798BB00BFF69D022010340020DC
:10515C00F79D022014060120780601206C0801201E
:10516C00540C0120B80C0120F39D0220F29D02206A
:10517C002B2A00202A2A0020103E0020F49D022019
:10518C00F89D0220E838002038390020F43800203F
:10519C00EF9D0220A83D0020A43D0020B34B1B78BE
:1051AC00002B7FF468AB6421B148FEF7C7F94FF4CC
:1051BC008071AF48FEF7C2F9FFF75DBBAB4B1B78B4
:1051CC00002B7FF458AB0120FEF7C0FDFFF753BB5B
:1051DC00A64B1B78012B7FF44EABFFF767F9FFF75B
:1051EC004ABBA24B1E78002E7FF445ABA14CA048C5
:1051FC00FEF7B0F920709E48FEF7ACF99E4D27786B
:10520C009E4B2860D8559A48FEF7A4F99C4BD8556C
:10521C002B68002B50D0DFF888822778944808EB55
:10522C000727FEF797F92B68B8550136B342F4D827
:10523C00002B41D00026DFF86C8227788C4808EBD5
:10524C000727FEF787F92B68B8550136B342F4D817
:10525C0093B30027DFF8508226788548FEF704FACE
:10526C0007EB0623013708EB830383ED000A2B6859
:10527C00BB42F1D803B30027DFF8308226787C4894
:10528C00FEF7F2F907EB0623013708EB830383EDF6
:10529C00000A2B68BB42F1D873B10026DFF81082EC
:1052AC0027787348FEF778F92B6806EB0727013649
:1052BC00B34248F82700F3D86D482578FEF76CF90F
:1052CC00704A0121237842F825006F4A6848D1546E
:1052DC00FEF728F9FFF7CFBA644B1B78002B7FF44D
:1052EC00CAAA03226949E3E6604B1B78002B7FF4C2
:1052FC00C2AA03226649DBE67FF596ABF0EEE77AAD
:10530C009FED647A644BC7EE876AFBFE666AE6EE35
:10531C00C77A77EE677AC3ED007AFFF785BB5448FE
:10532C00FEF718F9514B20701D70FFF7A6B95B48BA
:10533C00FEF79AF9ACE65948FEF70CF90346AEE5D0
:10534C005648FEF791F9F0EE407A9FE45348FEF789
:10535C008BF9ECE55148FEF7FDF80346DEE54F48C6
:10536C00FEF7F8F80346CFE54C48FEF77DF9F0EE72
:10537C00407A44E54948FEF777F9CAE64748FEF714
:10538C0073F9F0EE407ABAE64448FEF7E3F80346C8
:10539C00AAE64248FEF7DEF803469BE63F48FEF7D6
:1053AC00D9F8034667E43D48FEF7D4F8034658E4C1
:1053BC003A48FEF759F9F0EE407A2FE63748FEF7F7
:1053CC0053F9F0EE407A1CE63448FEF74DF9F0EE56
:1053DC00407A0AE63148FEF7BDF80346F8E52F4857
:1053EC00FEF7B8F80346E9E52C48FEF7B3F8034698
:1053FC00DAE52A48FEF738F9FFF76BBB2748FEF7CA
:10540C0033F976E42548FEF7A5F8034668E423480B
:10541C00FEF7A0F8034659E42048FEF725F9FFF7FC
:10542C00D5BB1E48FEF796F80346FFF7C6BB1B48D4
:10543C00FEF790F80346FFF7B6BB1848FEF78AF85C
:10544C000346FFF73DBB1548FEF784F80346FFF70C
:10545C002DBB1248FEF77EF80146FFF75DBB0F48E7
:10546C00FEF778F80346FFF74DBB00BFF69D022010
:10547C0010340020F79D0220EC3D0020F00B0120A1
:10548C00FC090120600A0120080801202C390020A9
:10549C00343900200000B443909D02204833002092
:1054AC0014A20020143E0020009021200000202097
:1054BC001C0D01202B48FEF74DF8034614E5294836
:1054CC00FEF748F8034605E5FEF75AFA2378002B59
:1054DC007FF4D1A9FFF708BB2178234801F0BCF871
:1054EC002178224C2A78204801F09AF829782070EB
:1054FC001D4801F0A3F849E5642322781C4800F00C
:10550C0091FF01461B48FEF719F9FFF7B4B9642364
:10551C002278194800F086FF01461648FEF70EF96E
:10552C00FFF7A9B92178124801F096F821780F4CB1
:10553C002A780F4801F074F8297820700C4801F093
:10554C007DF823E521780C4801F086F82178074C8A
:10555C002A78094801F064F829782070064801F08F
:10556C006DF813E5483300203C390020F89D0220EB
:10557C00D43B002010340020883A002038B5204954
:10558C002048FDF7C1FF204D20492148FDF7BCFF05
:10559C004FF480611F4800F031FE29460C221E4852
:1055AC0003F0D4F90C231C4A4FF480611B4C1C48AB
:1055BC001460C2E906531B4D00F020FE12221A485B
:1055CC00294603F0C3F91223174A4FF48061174898
:1055DC001460C2E90653164D00F010FE1322154854
:1055EC00294603F0B3F913491323134A0C601348EB
:1055FC00C1E906531249BDE8384006F0A9B800BF0E
:10560C008026002010340020F02600209026002058
:10561C00483300203C390020203D0020E01B0020B6
:10562C00883A002050270020403D0020D43B002029
:10563C00B0270020603D00203C290020C829002014
:10564C00FD030000F0B5002260496148614E624FD5
:10565C002DED028B8DB003F079FAC0225F495C48C6
:10566C0003F0F2FB00225E495E4803F06FFA0C2156
:10567C005C4803F0D1FBC0225B495A4803F0E4FBC1
:10568C0000225749594803F061FA1221574803F098
:10569C00C3FBC0225649554803F0D6FB00225049A3
:1056AC00544803F053FA1321524803F0B5FBC022BF
:1056BC005149504803F0C8FB5049514802F0C8FD0D
:1056CC0047494F4800F0ACFDB0EE000A4C4802F0E0
:1056DC009FFD4C494C4802F0BBFD41494A4800F043
:1056EC009FFDB0EE000A484802F092FD4749484839
:1056FC0002F0AEFD3A49464800F092FDB0EE000AC9
:10570C00434802F085FDFEF79FFE00231C463370D4
:10571C0017F8015B0221284604F0ACF8012003F0D5
:10572C00F5FF07EE904AB0EE000B0134B8EEE71B24
:10573C0005F0A6FC2846B0EE408B04F089F83378CF
:10574C0006EE100A0021284607EE103AB8EEC66B9A
:10575C00B8EEC77BA6EE087BFCEEC77B17EE903A43
:10576C00337004F087F8052CD2D13378294CC3F16F
:10577C001F03337004F020F8274B002227495A816D
:10578C009A8108609A74012225485C60186008A808
:10579C001A72244B24492360244B0091069102A9D0
:1057AC000293FEF769F845F6BF5206A9204803F0AC
:1057BC00E3FC069B08A8DB689847009B02A8DB6803
:1057CC0098470DB0BDEC028BF0BD00BFF406140081
:1057DC0090260020F19D0220BC1B0020503300209D
:1057EC0000093D00F0260020083100205027002041
:1057FC00C8310020B027002088320020203D002036
:10580C003C390020403D0020883A0020603D0020BB
:10581C00D43B0020983D0020709D0220AC3D002020
:10582C0074000400689D0220801C0020910C000074
:10583C00C82900204FF0000CFF23B1F5FA6F00B51A
:10584C00C0E900CCC0E902CC037000F062845FD8E0
:10585C00B1F5876F00F20681B1F57A7F80F0028294
:10586C00B1F5A17F80F0E280B1F5967F80F0F482F3
:10587C001E2900F29083092949D94FF0010E724B71
:10588C000EFA01FE0EEA0303002B40F05B841E2986
:10589C0000F0B3831D293AD103234FF0000CDFF83D
:1058AC00B0E1002106E00131FF2BCBB213D01B017C
:1058BC001EF803309A42F6D1C9B20EEB011EBEF8A7
:1058CC0001300380DEF80C30C360DEF808308360F2
:1058DC00DEF804304360BCF1000F18D0002102E068
:1058EC00BEF1FF0F13D0CBB201314FEA031E0CEB0C
:1058FC0003131CF80EE07245F2D1D3E9012CB3F876
:10590C000110DB68C0F808C001804260C36000BDB4
:10591C004AF61813994200F0038422D840F6D27349
:10592C00994234D840F6B373994200F2C98240F6DA
:10593C003E03994200F0F98340F21883B1F57A6F77
:10594C0000F00C8440F6AA73994200F0008440F6F3
:10595C0048039942DBD10723DFF8F8C0DFF8F8E001
:10596C009FE7B1F5484F00F0288300F26B814BF2B2
:10597C001143994200F0D98340F2E8824BF2105364
:10598C00994240F0D9830323DFF8D0E089E741F254
:10599C004A039942BBD841F22B03994240F29383BC
:1059AC002A4BCB181E2BB2D801A151F823F000BF03
:1059BC009F2B00007F2400007F2400007F24000028
:1059CC007F2400007F2400007F2400007F2400003F
:1059DC007F2400007F240000CF2B00007F240000D8
:1059EC007F2400007F2400007F2400007F2400001F
:1059FC007F2400007F2400007F2400007F2400000F
:105A0C009F2B00007F2400007F2400007F240000D7
:105A1C007F2400007F2400007F2400007F240000EE
:105A2C007F2400007F240000CF2B0000B1F5AF7F56
:105A3C0000F0C782B1F5B47F7FF469AF0323DFF8C0
:105A4C0020C0DFF80CE02CE700140411D4EFFFFFAA
:105A5C006C270060AC1E0060FC1F00607C210060A5
:105A6C003C270060B1F5966F00F2A68140F24143ED
:105A7C0099427FF64CAFA1F242416E293FF647AFF7
:105A8C0001A353F821F000BF6B2B00007F24000012
:105A9C007F2400007F2400007F2400007F2400006E
:105AAC007F2400007F2400007F2400007F2400005E
:105ABC00472B0000472B00007F2400007F240000B0
:105ACC007F2400007F2400007F2400007F2400003E
:105ADC007F2400007F240000472B0000472B000090
:105AEC007F2400007F2400007F2400007F2400001E
:105AFC007F2400007F2400007F2400007F2400000E
:105B0C00472B00007F2400007F2400007F2400002E
:105B1C007F2400007F2400007F2400007F240000ED
:105B2C007F2400007F240000472B00007F2400000E
:105B3C007F2400007F2400007F2400007F240000CD
:105B4C007F2400007F2400007F2400007F240000BD
:105B5C00FF2B00007F2400007F2400007F24000026
:105B6C007F2400007F2400007F2400007F2400009D
:105B7C007F2400007F240000FF2B00007F24000006
:105B8C007F2400007F2400007F2400007F2400007D
:105B9C007F2400007F2400007F2400007F2400006D
:105BAC006B2B00007F2400007F2400007F2400006A
:105BBC007F2400007F2400007F2400007F2400004D
:105BCC007F2400007F240000472B00007F2400006E
:105BDC007F2400007F2400007F2400007F2400002D
:105BEC007F2400007F2400007F2400007F2400001D
:105BFC00472B00007F2400007F2400007F2400003E
:105C0C007F2400007F2400007F2400007F240000FC
:105C1C007F2400007F2400000B2C00007F24000058
:105C2C007F2400007F2400007F2400007F240000DC
:105C3C007F2400007F2400007F2400007F240000CC
:105C4C000B2C00004DF20823994200F05D8240F2CB
:105C5C00AA814DF20833994240F04A820323DFF8BF
:105C6C0010E51EE6A1F57A7150293FF650AE01A35E
:105C7C0053F821F0532B0000532B00007F2400001D
:105C8C007F2400007F2400007F2400007F2400007C
:105C9C007F2400007F2400007F240000532B000091
:105CAC00532B00007F2400007F2400007F24000081
:105CBC007F2400007F2400007F2400007F2400004C
:105CCC007F240000F32B00007F2400007F240000C1
:105CDC007F2400007F2400007F2400007F2400002C
:105CEC007F2400007F2400007F240000F32B0000A1
:105CFC007F2400007F2400007F2400007F2400000C
:105D0C007F2400007F2400007F2400007F240000FB
:105D1C007F240000E72B00007F2400007F2400007C
:105D2C007F2400007F2400007F2400007F240000DB
:105D3C007F2400007F2400007F240000E72B00005C
:105D4C007F2400007F2400007F2400007F240000BB
:105D5C007F2400007F2400007F2400007F240000AB
:105D6C007F2400006B2B00007F2400007F240000A8
:105D7C007F2400007F2400007F2400007F2400008B
:105D8C007F2400007F2400007F2400006B2B000088
:105D9C007F2400007F2400007F2400007F2400006B
:105DAC007F2400007F2400007F2400007F2400005B
:105DBC007F2400006B2B0000B1F59B6F00F2748107
:105DCC0040F2B94399427FF6A2ADA1F2BA411E2925
:105DDC003FF69DAD01A353F821F000BFC32B00008B
:105DEC007F2400007F2400007F2400007F2400001B
:105DFC007F2400007F2400007F2400007F2400000B
:105E0C007F240000C32B00007F2400007F240000AF
:105E1C007F2400007F2400007F2400007F240000EA
:105E2C007F2400007F2400007F240000B72B00009B
:105E3C007F2400007F2400007F2400007F240000CA
:105E4C007F2400007F2400007F2400007F240000BA
:105E5C007F240000B72B0000A1F5967115293FF6A1
:105E6C0056AD01A353F821F0872B00007F240000CE
:105E7C007F2400007F2400007F2400007F2400008A
:105E8C007F2400007F2400007F2400007F2400007A
:105E9C003B2B0000932B00007F2400007F2400008C
:105EAC007F2400007F2400007F2400007F2400005A
:105EBC007F2400007F2400003B2B00005F2B0000A0
:105ECC00A1F6B4711E293FF622AD01A353F821F0BF
:105EDC00AB2B00007F2400007F2400007F240000F7
:105EEC007F2400007F2400007F2400007F2400001A
:105EFC007F2400007F240000DB2B00007F240000A7
:105F0C007F2400007F2400007F2400007F240000F9
:105F1C007F2400007F2400007F2400007F240000E9
:105F2C00AB2B00007F2400007F2400007F240000A6
:105F3C007F2400007F2400007F2400007F240000C9
:105F4C007F2400007F240000DB2B00004AF619138D
:105F5C00994200F0C6804BF2104399427FF4D7ACC3
:105F6C0003234FF0000CDFF80CE29AE440F2E473E8
:105F7C00994200F0C28040F63403994200F0B1809F
:105F8C0040F2DA7399427FF4C2AC0723DFF8E8C120
:105F9C00DFF8E8E185E46B2935D10323DFF8E0C1B4
:105FAC00DFF8E0E17DE44CF60103994200F0B180AA
:105FBC004DF201239942E8D000BD0323DFF8C8E17C
:105FCC006FE40323DFF8C4E16BE40323DFF8C0C103
:105FDC00DFF8C0E165E40323DFF8BCC1DFF8BCE106
:105FEC005FE40323DFF8B8C1DFF8B0E159E4032321
:105FFC00DFF8B0C1DFF8A4E153E40323DFF8A8C154
:10600C00DFF898E14DE440F2AE80712903D0743989
:10601C0001293FF67CAC03234FF0000CDFF864E160
:10602C003FE40323DFF884C1DFF870E139E4032394
:10603C004FF0000CDFF878E133E403234FF0000C51
:10604C00DFF870E12DE40323DFF86CC1DFF84CE1DD
:10605C0027E40323DFF864C1DFF840E121E40323E4
:10606C004FF0000CDFF858E11BE403234FF0000C59
:10607C00DFF850E115E40323DFF84CC1DFF81CE135
:10608C000FE40323DFF844C1DFF810E109E4032334
:10609C00DFF83CC1DFF804E103E40323DFF834C18B
:1060AC00DFF8F8E0FFF7FDBB40F2F643994203D06E
:1060BC00B1F5A06F7FF42BAC0323DFF81CC1DFF824
:1060CC00DCE0FFF7EEBB41F21803994204D041F239
:1060DC00220399427FF41BAC0323DFF800E1FFF7A6
:1060EC00E0BB0723DFF8F8C0DFF890E0FFF7D9BB7F
:1060FC004DF2093399427FF40AAC0723DFF8E4C070
:10610C00DFF878E0FFF7CDBB0323DFF8DCE0FFF727
:10611C00C8BB0723DFF8D4C0DFF860E0FFF7C1BBD2
:10612C000323DFF8CCE0FFF7BCBB0723DFF8C4C0C8
:10613C00DFF848E0FFF7B5BB4BF2115399423FF43F
:10614C000AAC00BD0323DFF83CE0FFF7AABB032336
:10615C004FF0000CDFF8A0E0FFF7A3BB0323DFF840
:10616C0098E0FFF79EBB40293FF455AFFFF7CFBB3C
:10617C002C200060EC210060CC1D0060FC1F006036
:10618C00BC270060CC2700600C210060BC2600609E
:10619C000C2700606C2700601C2300606C260060DC
:1061AC000C240060CC2500604C2500601C2600608F
:1061BC002C1B00607C1C0060FC240060AC24006084
:1061CC00BC1A00600C1C00606C2300605C24006036
:1061DC00CC2200607C250060BC2300609C1B00600E
:1061EC008C1F00605C1D00609C2000603C1E0060E9
:1061FC005C2200601C1F0060EC1C006010B5B0EE4F
:10620C00000A044601F0D0FF0023FE22FF2104F116
:10621C004C0084F84A3105F091FD204610BD00BFBA
:10622C0010B5044682B0019102F016F80199A064F1
:10623C0028B103689B6902B0BDE8104018474021A3
:10624C00204602B0BDE8104002F0EEB8FD2908B5BA
:10625C001CD890F84A3100EB030C9CF84CC09445C8
:10626C0019D0144B4FF0000C04E00CF1010CBCF1F4
:10627C00550F19D0B3F800E002339645F5D101441F
:10628C0080F84AC181F84CC0012008BD042102F0FD
:10629C00CBF8002008BD0144FF2B81F84C30F3D122
:1062AC00422102F0C1F8F4E70144FF2381F84C309D
:1062BC00F6E700BF1C280060FE292DE9F0410C46D2
:1062CC00C6B006460ED00A2306AA0093012302F09C
:1062DC00A1F920B19DF81830A3422CD0002046B073
:1062EC00BDE8F08140F2F7220B46009206AA02F0BC
:1062FC0045F90028F3D006AC0DF1160504EB0008A7
:10630C00022314220095FE213046CDE901324FF0D4
:10631C00FF3314F8017B00222B80022302F0CCF90E
:10632C0039462A883046FFF791FF4445E8D10120D1
:10633C0046B0BDE8F081304601F084FFF7EE007AFC
:10634C00B4EE670AF1EE10FA06D0BDF81A20214619
:10635C003046FFF77BFFC2E74FF6FF7314210DF1B8
:10636C0016050022ADF81630022330460095CDE913
:10637C000131214602F0A0F9BDF81620ADF81A2023
:10638C00E5E700BF00B587B002234FF0140E4FF6BF
:10639C00FF7C0DF11602CDF808E0ADF816C0CDE982
:1063AC000023002202F088F9BDF8160007B000BDEA
:1063BC00F0B5044689B01F4600230D4616460693D9
:1063CC0001F04AFFA06420B33146284601F05CF886
:1063DC0010F47F0FC0F30743079002D1069809B061
:1063EC00F0BD4FF0040C06AA20460E9C00923946D4
:1063FC00BDF81C20CDE901C402F05EF903460698F5
:10640C00012B04D0022B08BF00B209B0F0BD40B282
:10641C00E5E705904021204602F006F8059809B002
:10642C00F0BD00BFFF2A2DE9F041144686B00546A9
:10643C0040D0861898460F4696F84C30542B10D8FE
:10644C002C4A32F813104FF6FF73994209D02346A9
:10645C003A462846CDF80080FFF7AAFF06B0BDE803
:10646C00F0810223142221462846CDE901320DF198
:10647C00160200924FF0FF32ADF81620002202F007
:10648C001BF9BDF8162021462846FFF7DFFE28B978
:10649C002846422101F0C8FF0020DFE796F84C3077
:1064AC00542BF5D8134A32F813104FF6FF73994258
:1064BC00CDD1EDE7042101F0B7FF022314200DF13B
:1064CC0016024FF6FF7102902846ADF816102146C1
:1064DC00CDE90023002202F0EFF8BDF8162021468A
:1064EC002846FFF7B3FE0028D2D00421284601F03D
:1064FC009BFFCDE71C280060F0B5044685B00D4627
:10650C0016461F4601F0A8FEA064C0B131462846CD
:10651C0000F0BAFF10F47F0FC0F3074C039002D1C8
:10652C00002005B0F0BD20460B9C0AABBDF80C203A
:10653C003946CDE900C402F001F905B0F0BD4021A7
:10654C00204601F071FFEBE7FF2A2DE9F0411446DC
:10655C0086B0054641D0861898460F4696F84C30C2
:10656C00542B11D82D4A32F813104FF6FF73994261
:10657C000AD023460C9C3A462846CDE90084FFF706
:10658C00BBFF06B0BDE8F081022314222146284649
:10659C00CDE901320DF1160200924FF0FF32ADF849
:1065AC001620002202F088F8BDF816202146284655
:1065BC00FFF74CFE28B92846422101F035FF002098
:1065CC00DFE796F84C30542BF5D8144A32F81310F8
:1065DC004FF6FF739942CCD1EDE7042101F024FF73
:1065EC00022314200DF116024FF6FF71029028467B
:1065FC00ADF816102146CDE90023002202F05CF81C
:10660C00BDF8162021462846FFF720FE0028D2D0E0
:10661C000421284601F008FFCDE700BF1C280060CC
:10662C0000B54FF0640C83B013460A460421CDF834
:10663C0000C0FFF789FF03B000BD00BF00B54FF0ED
:10664C00640C83B00A4601232221CDF800C0FFF769
:10665C007BFF03B000BD00BF00B54FF0640C83B0EE
:10666C000A4600232221CDF800C0FFF76DFF03B0CE
:10667C0000BD00BFFF2900B583B000F08C8043182B
:10668C0093F84C30542B00F28980DFF838C33CF877
:10669C001330B3F59B6F38D840F2B94C634500F218
:1066AC00E980B3F5AF7F60D040F2BE80B3F58C6F5C
:1066BC0000F2038140F2414C634500F2C581B3F511
:1066CC00826F00F2048240F2F13C634540F2188282
:1066DC00A3F2F23CB24B1FFA8CFC23FA0CF3DB074F
:1066EC005CD5B04B9A423ED03FD9AF4B9A4200F0AA
:1066FC00888003F5F42303F590739A4200F092809E
:10670C00AA4B9A424AD105233BE041F24A0C63451D
:10671C0047D841F22B0C634500F2AC81B3F57A6F8C
:10672C0013D000F21B8140F2E47C634500F24E81F1
:10673C00B3F5FA6FC0F0F481A3F5FA6C9C4B1FFA19
:10674C008CFC23FA0CF3DB0728D5984B9A42DAD051
:10675C0059D8B2F5E13F39D00BD9964B9A423AD081
:10676C00904B9A421AD104230BE0B2F5E13F2DD0A5
:10677C002ED8B2F5165F00F09580B2F5614F0DD1B1
:10678C0001234FF0640C0A460621CDF800C0FFF738
:10679C00DBFE03B000BD042101F046FE002003B077
:1067AC0000BDB3F5484F1DD017D84BF2104C6345C4
:1067BC0018D040F219814BF2105C634512D023F4CF
:1067CC0080734BF2114C6345E8D1BEE70223D8E746
:1067DC00784B9A42E2D10323D3E74DF2082C634560
:1067EC0040F0D0806F4B9A42BDD0BED9724B9A42CA
:1067FC0018D000F239816D4B9A4284D06A4B9A4280
:10680C00CCD10623BDE76D4B9A4200F0318100F2EA
:10681C003D81654B9A42F4D003F5F42303F5907354
:10682C009A42BBD10723ACE7752B00F235816A2B5A
:10683C0000F2E5801E2B00F27D81092BAED94FF0C2
:10684C00010EDFF884C10EFA03FE0EEA0C0CBCF14B
:10685C00000F00F07381B2F5E13F00F0348100F2DB
:10686C00FE80B2F5165F00F03081B2F5614F95D124
:10687C00222386E7A3F2BA4C514B1FFA8CFC23FA65
:10688C000CF3DB078AD54B4B9A42A4D00CD8B2F54B
:10689C00614F3FF475AFB2F5E13F97D0B2F5165F9B
:1068AC007FF47CAF00236CE7404B9A423FF42BAF54
:1068BC003D4B9A427FF454AFA3E7B3F5916F40F28E
:1068CC00A880A3F292431FFA83FCBCF11E0F3FF683
:1068DC0065AF1E2B3FF662AF0FF2040C5CF823F091
:1068EC00533200000D3300000D3300000D33000057
:1068FC000D3300000D3300000D3300000D3300008C
:10690C000D3300000D330000533200000D33000036
:10691C000D3300000D3300000D3300000D3300006B
:10692C000D3300000D3300000D3300000D3300005B
:10693C00F73300000D3300000D3300000D33000061
:10694C000D3300000D3300000D3300000D3300003B
:10695C000D3300000D330000F733000040F6D27CFD
:10696C00634566D840F6B37C634540F2D380A3F60A
:10697C00B47C134B1FFA8CFC23FA0CF3DB073FF5AA
:10698C00E4AE0BE740F2B1804DF2083C63453FF4B6
:10699C0029AF4DF2093C63453FF4D7AEFEE600BF8C
:1069AC000304104080841E0000093D00C0C62D0069
:1069BC000104100040420F0020AA4400808D5B00AF
:1069CC00010410401C28006000140431A3F63403A9
:1069DC009BB2142B3FF6E2AEDFF878C12CFA03F32E
:1069EC00DB073FF5B2AED9E64AF6181C63453FF417
:1069FC00F9AE4AF6191C63453FF4A7AECEE66B3BE5
:106A0C0040F2416C9BB22CFA03F3DB077FF5C6AE68
:106A1C0021E740F2694C63457FF6C0AEA3F26A4CA5
:106A2C00484B1FFA8CFC23FA0CF3DB073FF559AEED
:106A3C00B4E641F2180C63453FF487AE41F2220CE8
:106A4C0063453FF482AEA9E6A3F2424C3E4B1FFADB
:106A5C008CFC23FA0CF3DB077FF5A0AE41E63B4B35
:106A6C009A423FF48DAE99E6394B9A427FF496AE3A
:106A7C00082386E6DFF8E0C09C44324B1FFA8CFCFE
:106A8C0023FA0CF3DB077FF589AE5EE6304B9A42B6
:106A9C007FF484AE092374E6A3F596739BB2152B91
:106AAC003FF67CAE4FF0010C0CFA03F3DFF8A4C0F8
:106ABC0013EA0C0F7FF4CFAEDFF8A0C013EA0C0F73
:106ACC007FF40FAE6AE610235BE6CF2359E6A3F200
:106ADC001A439BB21E2B3FF661AEDFF868C02CFA4E
:106AEC0003F3DB073FF5FDAD58E64CF6010C6345AF
:106AFC003FF42BAE4DF2012C63453FF426AE4DE630
:106B0C00B3F5B47F3FF4A7AEA3F57A73012B7FF6F0
:106B1C00E8AD43E640F6AA7C63453FF416AE3DE68D
:106B2C0040F2F64C63453FF4DCADB3F5A06F3FF497
:106B3C00D8AD33E6402B3FF48EAE2FE61E2B3FF440
:106B4C00D0AD2BE601041040010C304040420F0048
:106B5C00A037A00001041000D4EFFFFF00082000B4
:106B6C00FF2930B583B000F0C1820C4641180546B0
:106B7C0091F84C10542935D8D24B33F81110B1F58B
:106B8C00B47F4BD031D940F6AA70814221D050D974
:106B9C004BF21040814200F0468200F22F8241F20B
:106BAC004A03994200F24C8341F22B03994200F2C2
:106BBC00C98240F6D273994200F2758340F6B373E2
:106BCC0099420FD9A1F6B471BF4B89B2CB40D8070B
:106BDC0008D5032A00F00E82012A00F00B82002A4D
:106BEC0000F00882002003B030BD712900F0508104
:106BFC0000F20E811E2900F227820929F2D94FF0EA
:106C0C00010CB2480CFA01FC0CEA0000002840F020
:106C1C003F811E2900F0C6811D29E3D1032A00F013
:106C2C001C82012A00F03A81042ADBD140F6FF7362
:106C3C0014E2B1F5916F00F24B8140F21943994285
:106C4C0040F21283A1F21A416E29CBD801A353F85A
:106C5C0021F000BF7D3A0000553700005537000089
:106C6C0055370000553700005537000055370000E8
:106C7C00553700005537000055370000153B000014
:106C8C0055370000553700005537000055370000C8
:106C9C0055370000553700005537000055370000B8
:106CAC0055370000153B00005537000055370000E4
:106CBC005537000055370000553700005537000098
:106CCC00553700005537000055370000153B0000C4
:106CDC005537000055370000553700005537000078
:106CEC005537000055370000553700005537000068
:106CFC0055370000153B0000553700005537000094
:106D0C005537000055370000553700005537000047
:106D1C005537000055370000553700007D3A00000C
:106D2C007D3A0000553700005537000055370000FC
:106D3C005537000055370000553700005537000017
:106D4C00553700007D3A00007D3A000055370000B1
:106D5C0055370000553700005537000055370000F7
:106D6C005537000055370000553700007D3A0000BC
:106D7C0055370000553700005537000055370000D7
:106D8C0055370000553700005537000055370000C7
:106D9C00553700007D3A000055370000553700008C
:106DAC0055370000553700005537000055370000A7
:106DBC005537000055370000553700007D3A00006C
:106DCC005537000055370000553700005537000087
:106DDC005537000055370000553700005537000077
:106DEC00553700007D3A000055370000553700003C
:106DFC005537000055370000553700005537000057
:106E0C00553700005537000055370000153B000082
:106E1C00B1F5A17F80F06E81B1F5967F34D3A1F5E9
:106E2C00967115293FF6DEAE01A353F821F000BF91
:106E3C00013A000055370000553700005537000067
:106E4C005537000055370000553700005537000006
:106E5C005537000055370000CD3A00007D3A000050
:106E6C0055370000553700005537000055370000E6
:106E7C0055370000553700005537000055370000D6
:106E8C00CD3A00007D3A0000743901293FF6AAAED4
:106E9C00032A00F0C181012A7FF4A4AE64210023EF
:106EAC002246284600910A21FFF74EFB00283FF4AA
:106EBC0099AE0023224664240B2128460094FFF748
:106ECC0043FB90E61C2800600104104000140411E0
:106EDC0040F2E473994200F2CE80B1F5FA6F80F083
:106EEC00BA81B1F59B6F00F2F48140F2B94399423B
:106EFC0000F2D081A1F292439BB21E2B3FF672AEF0
:106F0C00CC4921FA03F3D9077FF56CAE102A3FF672
:106F1C0069AE01A353F822F0AD3C00000D3B00001C
:106F2C0055370000053B0000ED3A0000713D0000B4
:106F3C005537000055370000553700005537000015
:106F4C005537000055370000553700005537000005
:106F5C005537000055370000693D0000042A3FF604
:106F6C0041AE01A353F822F0533D0000233D000035
:106F7C00553700000B3D0000C93C00004FF0640C7D
:106F8C000423224609212846CDF800C0FFF7DCFA7D
:106F9C0003B030BD4FF0640C0323F2E74FF0640CE8
:106FAC000123EEE7013A0F2A3FF61CAE01A353F87A
:106FBC0022F000BF0D3B000055370000053B0000E0
:106FCC00ED3A0000553700005537000055370000EA
:106FDC005537000055370000553700005537000075
:106FEC005537000055370000553700005537000065
:106FFC00693D00004FF0640C1346C2E74CF60103E8
:10700C0099424AD040F28A804DF2083399420AD014
:10701C0000F254814DF2012399423ED04DF20823E7
:10702C0099427FF4DFAD042A3FF6DCAD01A353F89F
:10703C0022F000BFAD3C00000D3B000055370000B6
:10704C00053B0000ED3A000040293FF421AF6B29CD
:10705C007FF4C8AD032A7FF41EAF002364212246BF
:10706C00284600910A21FFF76FFA00283FF4BAADC9
:10707C0040F6FF731EE740F64803994200F2248164
:10708C0040F6330399427FF6ADADA1F634016A4B5D
:10709C0089B2CB40D9077FF5A5AD102A3FF6A2AD3A
:1070AC0001A353F822F000BFAD3C00000D3B0000E3
:1070BC0055370000053B0000ED3A00005537000045
:1070CC005537000055370000553700005537000084
:1070DC005537000055370000553700005537000074
:1070EC005537000055370000693D0000042101F0C0
:1070FC009BF977E5B1F5AF7F7FF474AD032A00F00F
:10710C008380012A7FF46EAD4FF0640C012322467C
:10711C000821CDF800C0FFF717FA64E54BF21153C4
:10712C009942BAD000F2B1804BF211439942B4D0DB
:10713C004BF2105399423FF476AF53E54FF0640C89
:10714C0000231EE73D4BCB183A499BB221FA03F3BF
:10715C00DB077FF547AD3CE564210023224628463A
:10716C0000914E21FFF7F0F958B940F6FF736421F6
:10717C002246284600910A21FFF7E6F900283FF441
:10718C0031AD4FF0640C40F6FF7322460B212846BC
:10719C00CDF800C0FFF7D8F925E56421002322467D
:1071AC00284600914E21FFF7CFF90028E9D103467C
:1071BC00DDE7642100232246284600914E21FFF78B
:1071CC00C3F950B9642103462246284600910A218E
:1071DC00FFF7BAF900283FF405AD4FF0640C00231B
:1071EC00D3E74FF0640C012322464E212846CDF8FC
:1071FC0000C0FFF7A9F9F6E44FF0640C1023C0E6C9
:10720C004FF0640C0523BCE66425022322460821BA
:10721C000095FFF799F9E6E46421002322462846FD
:10722C0000910A21FFF790F900283FF4DBAC40F203
:10723C00FF333FE60104104001041000D4EFFFFFC0
:10724C004AF6181399423FF4EEAE4AF619139942D6
:10725C003FF423AFC6E4A1F5FA61254B89B2CB40CC
:10726C00DB077FF5BFAC18E740F2E93399423AD916
:10727C00A1F2F2339BB21E2B3FF6B4AC1D4921FA9E
:10728C0003F3DB073FF542AEACE4B1F5484F3FF4F6
:10729C00CAAEA7E4A1F2BA41174B89B2CB40D807CA
:1072AC007FF5A0AC32E641F2180399423FF491AC61
:1072BC0041F2220399423FF48CAC93E44DF2093332
:1072CC0099423FF4EAAE8DE4B1F57A6F3FF481ACAC
:1072DC0088E440F2F64399423FF418AEB1F5A06F42
:1072EC003FF414AE7EE4B1F57A7FBFF40FAE79E4CF
:1072FC00010410000304104001041040FF2A2DE982
:10730C00F04314468BB0054600F0888087189946E8
:10731C00884697F84C30542B22D8504A32F8131028
:10732C004FF6FF7399421BD006AE4246304605918C
:10733C00FEF780FA9DF81820FF2A30D023466424EB
:10734C00059928460094FFF733F8B9F1010F3CD0AA
:10735C002AD807EE900AB8EEE70A0BB0BDE8F08326
:10736C000223142206AE214628460096CDE90132AE
:10737C004FF0FF32ADF81820002201F09DF9BDF856
:10738C00182021462846FEF761FFD8BB422128462B
:10739C0001F04AF89FED320A0BB0BDE8F0834121B1
:1073AC00284601F041F8F5E7A9F10203022BF1D8C8
:1073BC009DF819304B45EDD107EE900A9DED090A69
:1073CC00F8EEE77A27EE800AC7E79DED077A07EE1D
:1073DC00900ADFED245AF8EEC76A9DED087AF8EEB4
:1073EC00E77A9FED216AB8EEC77A77EEE67A37EE48
:1073FC00667A67EEA57A87EE870A30EE460A0BB0FE
:10740C00BDE8F08397F84C30542BBFD8134A32F8B0
:10741C0013104FF6FF73994287D1B7E7042101F09F
:10742C0003F80223142006AA4FF6FF710290284697
:10743C00ADF818102146CDE90023002201F03CF9EB
:10744C00BDF8182021462846FEF700FF00289DD0E5
:10745C000421284600F0E8FF98E700BF1C280060D4
:10746C0000000000000048430000C84222B1032A7B
:10747C0002D09FED040A704713460A460421FFF719
:10748C003DBF00BF0000000010B5002382B0B0F576
:10749C00B47F009300F02D8255D8B0F5A17F80F019
:1074AC00D781B0F5967F80F08E811E2800F2108176
:1074BC00092840F2EE800124894A84402240002AA7
:1074CC0040F0C2811E2840F00E82DFF828C28548A9
:1074DC000022134608E00132FF2BD3B200F06F817B
:1074EC0003EB430310F813309942F4D1D2B202EB00
:1074FC00420200EB4200448890F804E0BCF1000F1B
:10750C0010D0002201E0FF280CD0D3B2013203EBE3
:10751C0043031CF813000CEB43038142F3D15C884A
:10752C0093F804E0ADF800408DF802E0009B019365
:10753C00BDF804200020BDF8063062F30F0063F3A1
:10754C001F4002B010BD40F2F642904200F0B381F1
:10755C007ED8B0F5966F00F2CF8140F2414398424D
:10756C0040F2CC80A0F242406E2800F29280DFE81C
:10757C0010F09E0190009000900090009000900000
:10758C009000900090009201920190009000900069
:10759C009000900090009000900092019201900059
:1075AC00900090009000900090009000900092014C
:1075BC00900090009000900090009000900090003F
:1075CC00900092019000900090009000900090002C
:1075DC00900090009000920190009000900090001C
:1075EC00900090009000900090009201900090000C
:1075FC0090009000900090009000900090009E01F0
:10760C0090009000900090009000900090009000EE
:10761C009000A201900090009000900090009000CB
:10762C00900090009000A2019000900090009000BB
:10763C00900090009000900090002201900090002B
:10764C00900090009000900090009000900022011B
:10765C0041F24A0290421FD841F22B02904200F2B2
:10766C00588140F64802904200F2298140F63302DC
:10767C00904200F20781B0F5A06F00F01C81A0F5DC
:10768C00FA639BB2142B04D8174A22FA03F3D807D7
:10769C001AD4002301934BE7B0F5484F00F0DF807C
:1076AC0000F2E1804BF21042904200F0D88040F2A0
:1076BC0039814BF21053984200F0D18020F4807045
:1076CC004BF211439842E4D14FF0000C0748FFE60F
:1076DC006B2840F0B180DFF820C00548F8E600BF09
:1076EC0000140411CC2D006001041000902A0060DD
:1076FC00CC300060B82D0060C4300060B0F5876FEE
:10770C00C7D840F21943984244D9A0F21A401E2817
:10771C00BFD801A353F820F0274300000342000018
:10772C000342000003420000034200000342000039
:10773C000342000003420000034200000342000029
:10774C001F440000034200000342000003420000FB
:10775C000342000003420000034200000342000009
:10776C0003420000034200001F44000003420000DB
:10777C0003420000034200000342000003420000E9
:10778C0003420000034200000342000003420000D9
:10779C001F44000040F2E933984240F2ED80A0F221
:1077AC00F2339BB21E2B3FF674AF764A22FA03F3E8
:1077BC00DB077FF56EAFDFF8F4C1734888E64FF056
:1077CC00000E74469AE6A0F5967015283FF661AF48
:1077DC0001A353F820F000BFB9430000034200009E
:1077EC000342000003420000034200000342000079
:1077FC000342000003420000034200000342000069
:10780C0017440000A14300000342000003420000A3
:10781C000342000003420000034200000342000048
:10782C0003420000034200000F440000A14300008B
:10783C00DFF87CC154484BE640F29A80712803D0A3
:10784C00743801283FF625AF4FF0000C4F483FE647
:10785C00B0F5AF7F7FF41DAF9C464D4838E64FF036
:10786C00000C4C4834E64DF208229042F7D063D914
:10787C004DF208339842F2D04DF2093398423FF45E
:10788C0023AF06E7A0F63400434A80B2C240D407C7
:10789C007FF5FFAE18E7DFF81CC13B4818E6DFF8B0
:1078AC0018C13E4814E6DFF814C13C4810E6DFF876
:1078BC0010C135480CE6DFF80CC1334808E640F639
:1078CC00D27290424BD840F6B37398423FD9A0F68F
:1078DC00B472334B92B2D340DB077FF5DAAE4FF084
:1078EC00000C3048F4E51D287FF4D3AE94462B48A9
:1078FC00EEE59C462948EBE5A0F2BA439BB21E2B61
:10790C003FF6C7AE264A22FA03F3DA073FF553AF28
:10791C00BFE6254A224C821892B2D440E2077FF58A
:10792C00B8AEDCE74AF61813984298D04AF6191309
:10793C0098423FF4C9AEACE64CF6010398423FF4D2
:10794C00C3AE4DF2012398423FF4BEAEA1E6B0F5B2
:10795C007A6FC4D040F6AA739842C0D099E641F22F
:10796C0018029042BBD041F222039842B7D090E665
:10797C0040283FF469AF8CE6B0F57A7FBFF41BAFBB
:10798C0087E600BF03041040CC2D0060CC300060B3
:10799C00F42E0060042C006001041000EC2F006039
:1079AC0001041040C8280060D4EFFFFF742D006064
:1079BC00982D0060382D0060B42F0060D42F00602B
:1079CC008C2D0060202D006010B5844603989DF826
:1079DC000840BDF810E040B3022A21D0012A1DD185
:1079EC00FF2924D0BEF1050F1DD9ACF808E04FF0EB
:1079FC00000ECCF80400002061F3070EACF80A006E
:107A0C0062F30F2EACF80C0063F3174E012364F3F2
:107A1C001F6E8CF80E30CCF800E010BD112010BD9C
:107A2C00BEF10A0FE1D8132010BD062010BD0420B2
:107A3C0010BD00BF002800F0BB800346807B40B324
:107A4C00F0B5587802285CD0012801D01120F0BD87
:107A5C00B3F80AC018890CEB020404F1050E254694
:107A6C0086454CDAFD2C4ADC7AB158680A44ACEBFA
:107A7C00010C04460CEB010011F801EB14FA80F038
:107A8C008A4280F805E0F5D1AC460020A3F80AC084
:107A9C00F0BD122070470A30704530DA002AF4D05D
:107AAC000CF101008E4607F1090480B21EF8015B4F
:107ABC002646022804F80C5000F2818015D0F87983
:107ACC00FF2800F097800B244FF0010C1889A0427E
:107ADC0015DD88187045D8D00CF101001EF8014B4B
:107AEC0080B206F80C40022869D1387AFF2800F0E1
:107AFC008B800C2418894FF0020CA042E9DC0A2080
:107B0C00F0BD5868B3F80AC007469878B3F808E097
:107B1C0055280CEB0200BED009307045EFDA002A74
:107B2C00B3D00CF101008E4607F1080480B21EF8A8
:107B3C00015B2646022804F80C503BD93418254624
:107B4C0014F8034CFF2C23D000F109048446A4B292
:107B5C001889A042D3DD8818704596D00CF101002D
:107B6C001EF8014B80B206F80C400228E6D1F879D9
:107B7C004FF0020C0B24FF28EAD1387AFF28E7D10A
:107B8C00787AFD28E4D10C244FF0030CB872DFE7AF
:107B9C0015F8024CFF2CD7D115F8014CFD2CD3D184
:107BAC000CF1020C34541FFA8CFC0CF10904CFE7D5
:107BBC0006207047DBD00A244FF0010CC8E73418BC
:107BCC00254614F8034CFF2C04D000F10A0484461B
:107BDC00A4B27BE715F8024CFF2CF6D115F8014C3A
:107BEC00FD2CF2D10CF1020C34541FFA8CFC0CF16C
:107BFC000A046BE7387AFF287FF465AF787AFD28A2
:107C0C007FF461AFB87274E7787AFF287FF471AFB4
:107C1C00B87AFD287FF46DAF0D244FF0030CF87289
:107C2C0054E700BF002851D0827B0346002A4BD07A
:107C3C00406800284AD030B55A78022A03D0012A6D
:107C4C0046D0112030BD93F802C05A89BCF1550FB3
:107C5C00198969D009328A426ADA3F4A02601A7875
:107C6C00027199785A89552964D003324FF0080E65
:107C7C0042715A89033242FA0EF282719A78C271B9
:107C8C005A8996441FFA8EF21546002A61D002EBEF
:107C9C00000E844600221CF8011B304C81EA122194
:107CAC00F44534F8111081EA022292B2F3D14FEA72
:107CBC00122C05F1010EA91C42551FFA8EFE00F87C
:107CCC000EC00020998130BD1220704706207047ED
:107CDC005A89198902F1050C8C4529DAFD2A27D815
:107CEC004FF0FF3202801A7882705A890232C270C9
:107CFC009A78552A08BFDA7802715C89621D92B2B3
:107D0C00022A154623D9821C04F1020E411C12FAD8
:107D1C008EFE002211F801CF62448E45D2B2F9D109
:107D2C00D243A11D4255CCE702F10A0C8C4591DBE4
:107D3C000A2030BD04324FF0090E42715A890432C8
:107D4C00121282719A78C271DA78027298E7FF2265
:107D5C00E7E79446ADE700BFFFFFFD0094310060FC
:107D6C0003B172B101F1FF3CBCF1010F0CD8826080
:107D7C004FF0010C00224171838180F81BC010462A
:107D8C00704706221046704711221046704700BFFC
:107D9C00002800F0B581C27E034682B110B542794D
:107DAC00022A0ED0012A01D0112010BD427E052AD4
:107DBC0000F24181DFE802F0594F613320151220A7
:107DCC007047427E092A00F23681DFE812F00E017C
:107DDC000501FA00EA00D800C000AD00770073007E
:107DEC0065009A7D0020D97582F0FF0258769A754D
:107DFC00914218BF0D2010BDDA89986802F1010C70
:107E0C00A3F80EC081541A8A987DB3F80EC0023ABA
:107E1C0008449445987500F0C180012010BD4FF0C6
:107E2C00000C987DB3F810E062460844BEF1020FD6
:107E3C00A3F80EC061F30702987561F30F22DA8084
:107E4C0000F0AC8004219A685976002AE5D1002212
:107E5C0006205A7610BDFF2900F0ED809A7D022095
:107E6C0019710A4458769A75D7E7DA78012A40F2E4
:107E7C00D08001221970DA70CFE79A8902329142D0
:107E8C0000F3BF80012940F2C0809A7D0320198243
:107E9C000A4458769A75C0E79A8A4FF0000C588AB3
:107EAC0042EA012283F819C0904214BF0E206046AA
:107EBC009A8210BD092299825A76AEE798680028FA
:107ECC00C5D0DA89B3F80CC09445C0F09A8002F1A1
:107EDC00010CA3F80EC081545A8AB14881EA1221D0
:107EEC0093F806C030F81110BCF1550FAD4881EA7B
:107EFC000221DA895982018800F0C280032A40F2FB
:107F0C00D1809C6804EB020C1CF804ECBEF1FF0F52
:107F1C0000F0FE800188188A0A44033282427FF402
:107F2C007CAF08225A7678E7B3F812C0D9719C4A14
:107F3C0081EA1C21B3F810E032F81120BEF1040FD5
:107F4C0082EA0C225A82ECD007225A7665E7588ACC
:107F5C004FF0000C924A552981EA102E997132F893
:107F6C001E20A3F80EC082EA002283F807C0B3F8E3
:107F7C0010C05A827AD0BCF1030FE5D1D1E7588AF0
:107F8C001A8A81EA102C42EA012285491A82022AB5
:107F9C0031F81C1081EA0021598236D905225A7613
:107FAC003BE7B3F812C04FF0040E7D4A198281EA08
:107FBC001C2132F8112083F819E082EA0C225A8233
:107FCC002BE7FC293AD9A1F1FE02B2FA82F252094E
:107FDC00A2BB04205A7610BDFD294DD0B3F812C0B7
:107FEC004FF0020E6E4A1976E1E7DA78022A2CD9A4
:107FFC006C484FF0000C01221970A0F800C0DA7028
:10800C000BE700220A205A7610BD002207205A7670
:10801C0010BD501CC0B20228D87099547FF4FDAE2C
:10802C0059781A780A40FF2A6CD000200122197066
:10803C005870DA70F1E600225A76EEE6B3F812C008
:10804C004FF0030E564A1971B1E7501CC0B2032809
:10805C00D87099547FF4E1AEB3F801101A780A4045
:10806C00FF2A6DD002221980DA70D6E6BCF1030F1C
:10807C00CBD906225A76D0E600220C205A7610BDB7
:10808C00032A1ED99C6804EB020C1CF804ECBEF10C
:10809C00FF0F60D00188188A0A44043282427FF4B0
:1080AC00BCAE3EE7BCF1FF0F7FF434AF032A7FF484
:1080BC0031AF9A6892F800C0BCF1FF0F60D0032278
:1080CC0028E7E7D193F807C0BCF1FF0FE2D1D3F852
:1080DC0008C09CF800E0BEF1FF0FDBD19CF801E07A
:1080EC00BEF1FD0FD6D19CF802C0BCF1FD0FD1D171
:1080FC004FF0020C01316246A3F80EC00180C9E7B3
:10810C000620704700220121DA819A75597684E69F
:10811C001CF803ECBEF1FF0F7FF4FCAE1CF802EC74
:10812C00BEF1FD0F7FF4F6AE1CF801CCBCF1FD0FD7
:10813C007FF4F0AE013A013192B20180DA81E9E6C6
:10814C000A0AFD2A8ED1002040F60E410122D88168
:10815C0059825A7661E61CF803ECBEF1FF0F99D1F7
:10816C001CF802ECBEF1FD0F94D11CF801CCBCF153
:10817C00FD0F8FD1013A013192B20180DA8189E78A
:10818C0092F801C0BCF1FD0F99D19278FD2A96D1DD
:10819C004FF0020C01316246A3F80EC00180B9E623
:1081AC0094310060E49D0220F0EE007A0346022236
:1081BC000020B4EE670A5A60D8605864F1EE10FAE9
:1081CC0007D0F7EE007AB4EE670AF1EE10FA1CD184
:1081DC0001221A7129B9002218469A7783F83B209C
:1081EC00704700B583B008460193009101F026FC5E
:1081FC000122DDE90013986018465A71002299811A
:10820C009A7783F83B2003B000BD11225A64E1E752
:10821C00F0EE007AB4EE670AF1EE10FA08D0F7EE41
:10822C00007AB4EE670AF1EE10FA06D1012200E0F2
:10823C000222012302711846704711220023426466
:10824C0018467047037900EE103AB8EE400A7047B2
:10825C000346012019607047006870472DE9F04310
:10826C0087B00446BDF83870ADF81620002B40D00E
:10827C00006800283DD01E46049100F065FB0546C1
:10828C0000283DD0002F3FD02279B8460499022A0D
:10829C0038D0A2F10109B9FA89F94FEA5919A38921
:1082AC0004F1100002930746A36801930023009386
:1082BC000323FFF789FB4A460DF116013846FFF7F9
:1082CC00B9FB31465FFA88F23846FFF7B3FB384604
:1082DC00FFF7A8FC034668B904902068616902683E
:1082EC005669A28BB047049B2846636407B0BDE86F
:1082FC00F083062300256364284607B0BDE8F083AD
:10830C000B23F7E79146CAE70F23F3E72DE9F04378
:10831C000546006889B000B30E4600F015FB044614
:10832C00A0B12A79531E012B63D8D6F80A3099468E
:10833C00ABB1F389B17CD9B1717AC9B9328A2868E9
:10834C00494603685B699847002301E00B2300242E
:10835C0020466B6409B0BDE8F0830623F7E7A97CDF
:10836C00AB6883299946AB89E4D00022B2742A7990
:10837C0005F11000FE21CDE9019300238046009306
:10838C008323FFF721FB034658BB2A79022A3AD0F4
:10839C00012A30D0024607A94046FFF74BFB0346A3
:1083AC00F8B9327A9AB307460CE0DDE904317288E9
:1083BC0001375958FFF73EFB034690B9327AFBB2AE
:1083CC009A4224D9736807EB870240469918CDE985
:1083DC00043204310122FFF72DFB03464046002BEB
:1083EC00E3D000221446B2746B64204609B0BDE899
:1083FC00F0830223ABE7338802228DF81C3073889C
:10840C008DF81D30C7E7336804220793C3E7404655
:10841C00FFF708FC03460028E3D1AA8B01237072F6
:10842C003282B3748BE700BF416470472DE9F0438F
:10843C00044687B00068BDF8385038B12E46003D70
:10844C0018BF0125002B18BF002535B106230025C8
:10845C002846636407B0BDE8F0831F46CDE90421CC
:10846C0000F072FA8046002832D0049A552A2DD09A
:10847C0000951346A28904F11000059902928146D9
:10848C00A26801922279FFF79FFA03460028DFD1F8
:10849C00324639464846FFF7CDFA03460028D7D175
:1084AC004846FFF7BFFB03460028D1D10490206853
:1084BC00A28BD0F800C06169DCF814309847A28B0D
:1084CC00049B90420CBF45461423C1E70223BEE730
:1084DC000B23BCE72DE9F0410446006800283DD091
:1084EC00884617461D460AB1002937D000F02CFAF1
:1084FC0000283ED004F120063B4642462179304606
:10850C00FFF72EFC58BB1C4FD7F8008009E02379ED
:10851C00022B29D0012B23D03B68A3EB08039D42EF
:10852C0016D9206803689B6898470028F4DD2068FA
:10853C000368DB689847C1B23046FFF729FC002876
:10854C00E5D001280BD13B68A3EB08039D42E8D88A
:10855C000320002660643046BDE8F081062000262A
:10856C0060643046BDE8F08194F82630552BD3D1A9
:10857C00F6E70B20F3E700BF889D02202DE9F041C0
:10858C00054684B0002A40D033B913234364002439
:10859C00204604B0BDE8F0811E4600231746012298
:1085AC0000930C46FFF742FF0028F0D0FE2C1DD1A3
:1085BC00174B00241B68984601E0B442E8D2032311
:1085CC0003A928461A46FFF785FF20B195F82430F9
:1085DC003B550134E4B20E4B196840F2F623A1EB83
:1085EC0008019942E9D903236B64D1E70A9B032262
:1085FC0003A92846FFF76EFF0028C8D095F8243051
:10860C00A342C4D101243B70C2E706234364BEE7F6
:10861C00889D02202DE9F043064683B0002A46D0FF
:10862C0033B9132343640024204603B0BDE8F08320
:10863C0000279846154601223B4600970C46FFF74B
:10864C00F5FE0028EFD0FE2C22D11A4B3C461B68BD
:10865C00994601E04445E7D204EB44070323304636
:10866C0005EB47011A460231FFF734FF28B10134FC
:10867C0096F82430E4B205F817300E4B1A6840F225
:10868C00F623A2EB09029A42E4D903237364CBE7E5
:10869C000A9B0322A91C3046FFF71CFF0028C2D0FE
:1086AC0096F82430A342BED101242B70BCE70623DC
:1086BC004364B8E7889D022030B585B0089CBDF8AE
:1086CC002450002C38D073B3AB4231D8FE2931D0B2
:1086DC000479022C19D0012C11D000230093022212
:1086EC0003AB0446FFF7A2FEF8B10A9B2A46089991
:1086FC002046FFF7EFFEC0B1E08D05B030BD8DF820
:10870C000D3002238DF80C20E8E7002462F30704F7
:10871C00120A62F30F2463F317441B0A63F31F64FA
:10872C0004230394DAE7092343644FF0FF30E4E7B2
:10873C001323F9E70523F7E70623F5E770B582B0B5
:10874C0006460D46BDF818400094FFF787FD88B12A
:10875C00FE2D044602D1204602B070BD0022079BBC
:10876C0030461146FFF7B6FE20B13379022B05D007
:10877C00012B0BD00024204602B070BD96F8273098
:10878C0013F07F0F0CBF01240024E4E796F8273088
:10879C00002BE0D013F0250F14BF01240024DAE7DE
:1087AC0090F804C0BCF1020F17D1012A844610B511
:1087BC0008BF164B86B0044605208DF810201022F9
:1087CC00CDF8113004AB009060460391FFF72EFEFC
:1087DC00039930B9002006B010BD02234364002079
:1087EC007047FE29F7D00022089B20461146FFF760
:1087FC0071FE0028EED02379022BEBD194F82730B0
:10880C0013F07F0F0CBF01200020E4E744584C22EA
:10881C0010B50446806803681B6A984700232371CF
:10882C0010BD00BF806803681B6918478068036827
:10883C005B6918470069704738B50446C0680D4637
:10884C00431C17D1A068294603681B689847E36846
:10885C00054601330CD0A0680368DB6898470021FB
:10886C00207B00F0D3FF207B00F0F2FF0028FAD130
:10887C00284638BD0121C0B200F0C8FF207B00F0B3
:10888C00E7FF0128FAD1DDE770B50446C0680D4654
:10889C001646431C18D1A0682946324603685B680B
:1088AC009847E368054601330CD0A0680368DB6881
:1088BC0098470021207B00F0A9FF207B00F0C8FF27
:1088CC000028FAD1284670BD0121C0B200F09EFFED
:1088DC00207B00F0BDFF0128FAD1DCE710B504467F
:1088EC00806882B0002203682161DB69019198479E
:1088FC000E4B0199E068B3FBF1F36361431C03D1A8
:10890C000123237102B010BD0121C0B200F0B2FFEF
:10891C000021207B00F07AFF207B00F099FF0028DB
:10892C00FAD10123237102B010BD00BF00366E01D5
:10893C000368044A9B690169934201D1FFF7CEBFDA
:10894C00184700BF4D540000007970470023816028
:10895C004FF461410371024BC0E90321036070477E
:10896C00601C002001207047B0F84630B0F8482059
:10897C009BB292B2934202D2013AD01A7047416B29
:10898C0001390A44D01A7047016972B6B0F84A200E
:10899C00B0F84C3092B29BB29A423CBF806B12182A
:1089AC00C86AD31A62B6C0F302601844704700BF9D
:1089BC00B0F84A100246B0F84C3089B29BB29942DA
:1089CC0010D00133906B116B984298BF00239942E1
:1089DC0003D9126AD05CC0B270475B1A526AD05C81
:1089EC00C0B27047D0F810C072B6B0F84A0080B26E
:1089FC00814201D062B6E4E7DCF82C3013F0E06F72
:108A0C0003D14FF0FF3062B67047DCF81C00002138
:108A1C004FF0010C136AC0F30900A2F84AC0A2F887
:108A2C004C105870EFE700BFB0F84AC00146B0F8E0
:108A3C004C301FFA8CFC9BB29C4525D0013310B5F1
:108A4C00D1F838E09E4515D90A6B1C469A4216D9C6
:108A5C000A6AD25CD0B28A6DA1F84C404AB19C45EE
:108A6C001DD3ACEB0303CC6B9C4202D3CB6DC2F891
:108A7C00883010BD00240A6B23469A42E8D8486A15
:108A8C009A1A825CD0B2E6E76246006972B6B1F817
:108A9C004AC01FFA8CFC624505D062B6CEE7E644AC
:108AAC00AEEB0303DFE7C36A13F0E06F03D14FF0C3
:108ABC00FF3062B67047C069C0F30900F9E700BF28
:108ACC0090F8443043B110B5044602F025FA94F8FE
:108ADC004430002BF9D110BD704700BF38B5436945
:108AEC00D3E90312096811422DD00169044690F8AC
:108AFC0044200D4632B102F00FFA94F84430002BAA
:108B0C00F9D163690021104AA961207E03EB0010A2
:108B1C00007D02EB0010D0F804C00520CCF800005A
:108B2C0094F819C003EB0C1393F8343002EB0312D6
:108B3C00A36D52681060A4F84A10A4F84C1013B13D
:108B4C00E26DC3F8842038BD901C002007EE901A0B
:108B5C009FED957A0421B6EE005AF8EE677A9FEDF8
:108B6C00936A41F6FF7CC7EE275A2DE9F043154670
:108B7C008E460122046907EE901AF8EEE77A85EE2C
:108B8C00A77A77EE057AFDEEE77A17EE903A634511
:108B9C00A8BF6346012BB8BF012307EE903AF8EE4D
:108BAC00E76A76EEC76AC6EE877AF5EEC07AF1EE22
:108BBC0010FA01D5F1EE677AF4EEC67AF1EE10FAFE
:108BCC0003D8B0EE676A8E461A4601312129D2D1FC
:108BDC0041690023866BB1F85870A0F84A30F71B36
:108BEC00A0F84C30A0F84630C763B1F85A70A0F822
:108BFC004830F61B80F844300664D1E903763B68B4
:108C0C003343AE053B60C5F34023837600F1A68069
:108C1C00077EDFF8C08101EB0717654B97F814C08E
:108C2C00D7F81C9008EB0C1CDCF80860DCF804C0CE
:108C3C003360BB69CCF80030B9F1000F02D03F6A49
:108C4C00C9F80070477ED92301EB071797F834C099
:108C5C0008EB0C1CDCF808603360BF6BDCF80430EC
:108C6C001F60437E01EB0313DF6B0FB11B6C3B608A
:108C7C00BEF1080F0EF1FF3CCCBF4FF0000E4FF0D1
:108C8C00010E42EA4E434FEA0C6202F0F8521343D3
:108C9C00002223614B7849681033E260454A42F860
:108CAC00231042694FF0010E434905F0030C57782D
:108CBC00B2F85620414B7A544FF0021741694A786A
:108CCC0003EB521302F01F029B000EFA02F21A6021
:108CDC00E762A36A43F08803A3626B0735D44CF4B4
:108CEC007013AF06827E2BD543F08053002A3DD102
:108CFC002E07A36103D5236943F0005323616369F5
:108D0C00EA0654BF23F0805343F080536361EB05B4
:108D1C0003D5236943F4005323618B6873B1284E48
:108D2C003478002C3CD0274D2B4605EB840101E018
:108D3C008B422AD01A6804339042F9D1BDE8F083F3
:108D4C00002AD5D043F0A003D2E705F00F03042B83
:108D5C0014BF1D4B1D4B4CEA0303C2E7477E4FF279
:108D6C00D903DFF8708001EB07176FE7427E43F001
:108D7C00A00301EB021292F8342008EB0216B6683D
:108D8C00326822F440423260B2E7631C104A3370FE
:108D9C00137845F8240043F002031370BDE8F08308
:108DAC000123084DF2E700BF001BB74BEC78AD6018
:108DBC0038F00100002C002000E400E040380038BE
:108DCC00ED9D0220202F002010003C0010003C40A4
:108DDC00049E0220901C0020EFF31380B8B9EFF32F
:108DEC0010834BB9EFF305823AB94FF48073EFF36C
:108DFC00118050B1984208D270470F2A02D8EFF375
:108E0C0011827047034B9B5CF1E7184670474FF09B
:108E1C00FF30F1E7F0E300E038B50D46044694F876
:108E2C004430002BFBD12846012100F023FD054BDB
:108E3C002A0103EB05159B58EA68C4E91432C3F800
:108E4C00882038BD901C0020036B416201B1134493
:108E5C00D0F814C000218363BCF85820BCF85AC069
:108E6C009A1AA0F84A10A3EB0C03A0F84C10C0E916
:108E7C000F237047036D2DE9F041884604460669BF
:108E8C0013B1426DC3F88420A37E2BB172B6B369C3
:108E9C0043F00053B36162B6B4F84650636BADB2A5
:108EAC000135AB424CD800273D46B4F848309BB254
:108EBC009D4219D029E073691B0210D5B4F84830D3
:108ECC00626B9BB201339A4237D91A46E16A9942D6
:108EDC002ED9E169CB5CDBB2F361A4F84820B4F87D
:108EEC0048309BB2AB4210D1FFF776FF6369B3F801
:108EFC0056308342DFDAB0F5807FF0D102F00CF807
:108F0C00B4F848309BB2AB42EED0E26AAA4219D90F
:108F1C00E26902F8058072B6012084F84400A4F8D6
:108F2C004670B36943F40003B36162B6BDE8F081E7
:108F3C005B1AA16ACB5CDBB2CEE700221346C5E715
:108F4C002F46B2E7AD1AA26A02F80580E3E700BF2C
:108F5C00FFF790BF0269536913F4401F70B537D007
:108F6C00D36A13F0E06FC3F3026E2ED0B0F84A4010
:108F7C00B0F84C30A4B29EB2D2F81CC0631CB0F84E
:108F8C004C10856BCCF3090C89B29D4298BF002321
:108F9C00994208D0016B9942A3EB010166D9016A91
:108FAC0001F803C01C460EF1FF3313F0FF0EE3D1A2
:108FBC00836DA0F84A4043B1B4425BD3A41B016C4F
:108FCC00A14202D8C16DC3F884105369DD0248D4A4
:108FDC00D2F818E01EF4000F28D053691C0225D5D6
:108FEC00B0F846C0B0F848301FFA8CFC9BB206E0D3
:108FFC00C169C95CC9B2D161D16A490512D4634552
:10900C003CD0446B0133C16A9C4298BF0023994207
:10901C00A3EB0104ECD8816A095DC9B2D161D16AB4
:10902C004905ECD56345A0F8483029D01EF4800FD3
:10903C0016D053695B0213D50021036D80F84410E0
:10904C0013B1416DC3F88810837E2BB172B693694E
:10905C0023F00053936162B6936923F48003936108
:10906C0070BD536943F480135361B1E7446A04F84B
:10907C0001C097E7816B891B0C44A0E7A0F848302E
:10908C00936923F400039361936943F48003936120
:10909C00CCE700BF0148FFF75DBF00BF9026002062
:1090AC000148FFF757BF00BFF02600200148FFF72B
:1090BC0051BF00BF502700200148FFF74BBF00BF36
:1090CC00B0270020704700BF704700BF704700BF3B
:1090DC00704700BF70B51A4C1A4D2368AB4202D0D2
:1090EC00194AD16829BBA369AB4202D0164AD1698F
:1090FC00C9B9236BAB4202D0134AD16A69B9A36CCC
:10910C00AB4209D0104AD16B31B101211B680F4819
:10911C00D163BDE87040184770BD01211B680C4835
:10912C00D1629847EBE701211B680A48D161984747
:10913C00DFE701211B6804F10800D1609847D2E7F2
:10914C00C02E0020C81B002000410840102F00201A
:10915C00F82E0020E02E002038B5064CA4F1600556
:10916C0054F8083C2046183CDB689847AC42F7D1D1
:10917C0038BD00BF102F0020036870B5164688B0AC
:10918C00002B50D000229A600122DA60324C054646
:10919C0004A81C1951F8083B241102935B689847EA
:1091AC002E4904EB4403DB0003F10800CA58019379
:1091BC000844D26800909047DDF808C0019B27490D
:1091CC00009841F803C02649DCF80830029104A944
:1091DC009847029B04A8DB6898472B680320214919
:1091EC001E6098602B7920480B550B784A78DFF875
:1091FC008CC09342C0F828C228BF13468878CA781E
:10920C00834228BF0346934228BF1346174C4FF0A6
:10921C00E0214FF08060012284F87A30C1F80C0113
:10922C00104608B070BD124AD36E43F44053D36657
:10923C000122104B1A60104A1346026040329C689F
:10924C00002CA3D0103393420360F8D100231A46AC
:10925C000360104608B070BD00BFF7BFC02E0020E1
:10926C00C81B002030290020002C002000E400E066
:10927C0000C00F400040084000410840455C000021
:10928C000268002A32D01A4B1A49D3181B1103EB6F
:10929C00430210B5D20082B00446019302F10800DB
:1092AC008B5808440092DB689847009A1248114981
:1092BC00019B88500021226801209160D060FF2022
:1092CC000E4AD0541378507892F802C0834228BFCB
:1092DC000346D0780A4A634528BF6346834228BFB9
:1092EC00034682F87A30216002B010BD704700BF8F
:1092FC0000BFF7BFC02E0020C81B00203029002063
:10930C0000E400E0074B0020DFF824C0064A0749C0
:10931C00C3F800C0C3F818C0C3F830C0C3F848C0C5
:10932C0002F016BAC02E00203C290020C95C0000B7
:10933C00C81B00202DE9F0410C46D1B1EAB18046A2
:10934C008F1800250E4E04E001F056FDBC4205447A
:10935C000CD0D8F8003014F8010B1B68B342F3D0D2
:10936C00014640469847BC420544F2D12846BDE828
:10937C00F0810D462846BDE8F0811546F6E700BFA2
:10938C006D00000001F0C0BC2DE9F047884651B3D8
:10939C005AB3914682460027154C164E25680BE0B1
:1093AC0001F01AFD002810DA01F0B6FD2368DAF896
:1093BC0008205B1B934210D2DAF800305B69B34291
:1093CC00EED0504698470028EEDB013708F8010B29
:1093DC00B945E3D13846BDE8F087012338468AF811
:1093EC000C30BDE8F0870F46F4E71746F2E700BFF4
:1093FC00889D022075000000A94AAA4B90422DE9D5
:10940C00F047A94CD3F814E09969D4F80CC000F2D9
:10941C00088103F1437303F5F4530333A3FB0023D7
:10942C00DB0D03EB830303EB830202F2B63240F253
:10943C0027639A4228BF1A469C4BA3FB0232D208E0
:10944C00203A984D0CF01F04D5F88030944243F02C
:10945C00C003C5F880300BD22CF01F0C924C4CEA98
:10946C00020CC4F80CC02368002BFCDA0CF01F04AF
:10947C001EF0007327D18E4D2E698E4DB54300F032
:10948C00FA8081F4805576464FF4805716F0605F71
:10949C0006D02EF0605E4EEA030E824BC3F814E049
:1094AC0015F4405F07D021F440517E4D3943A9613A
:1094BC00AB6C1B07FCD44EF0007E7A49C1F814E06B
:1094CC008B6C9F06FCD47C49884200F2DF8001261D
:1094DC0035460EE0082D0CD1042E00F29180013699
:1094EC00022506FB00F38B4200F2C3805B008B422B
:1094FC0006D8013506FB05F300FB03F38B42E9D9D3
:10950C00771E05F1FF384FEA872A8EEA87276B49C9
:10951C0059186B4B99427CD9DFF8E4916C2369485C
:10952C006349B0FBF5F0684DB0FBF6F00E683540C2
:10953C004D4508D043F400534FF480550D600B603B
:10954C000B68002BFCDA57490B6903F00703434502
:10955C0004D0C1F810808B6CDE03FCD417F4E05FF0
:10956C000BD02EF4E05E0AF4E0534E4943EA0E0EA3
:10957C00C1F814E08B6C9D07FCD4544D544945192B
:10958C008D4239D8534BED09A3FB05352D0B6B1EC2
:10959C001B028EEA030111F4407F07D02EF4407EAB
:1095AC0003F440733F4943EA0E034B613D494B6959
:1095BC0023F000734B618B6C9B06FCD4464BA24290
:1095CC00A3FB00134FF0FF314FEA9343B0FBF5F5CB
:1095DC00B1FBF3F34149086041490D6041490B600F
:1095EC0008D22CF01F0C30494CEA0202CA600B68FE
:1095FC00002BFCDABDE8F0874FF440730425C8E774
:10960C00771E2E494FF007084FEA872A59188EEA21
:10961C008727294B99421CD8DFF8E890362332482B
:10962C007EE7324B984201D80E220AE7304B984223
:10963C0028D9304A904227D9821A2F4B120AA3FB01
:10964C000232D20902EB820202EB820202F2E24205
:10965C00EDE6A3F182532948DFF8AC90A3F58933EA
:10966C007E3BA3FB01310B0D03FB00F043EA090920
:10967C0056E7012544E71F468EF0C0560D464FF0C5
:10968C00C05303E70F22DCE61222DAE6012603467A
:10969C004FF0000A77464FF00008354637E700BF19
:1096AC00001C4E0E00C00F40000008401F85EB51FF
:1096BC0000800D4040300080FFB19F26808D5B0004
:1096CC00FF7EF64D00643F4D7F3001807FD1F00866
:1096DC007F17B42C9F10E50083DE1B437C260020F3
:1096EC0078260020649D022000B29F26FF0A6B1B87
:1096FC0000A4781F0046C32323B24C00001BB70004
:10970C006C200080362000800020008000B970475B
:10971C002DE9F84F01218146224C234E234D54E86C
:10972C00003F3268286844E80013002BF7D1204929
:10973C004B684FF47A7BDFF87CA01B1A01270BFBDC
:10974C0002F8DAF80020A2FB03235B4594BF98448F
:10975C00D84454E8003F3268286844E80073002B72
:10976C00F7D14B68DAF800C01B1A0BFB02F2ACFB0A
:10977C0003C3B3F57A7F94BFD21802F57A72A2EBC9
:10978C000802B2F57A7F08D3B9F1010F08F57A789F
:10979C0009F1FF39DDD1BDE8F88F01F0BDFB0449BB
:1097AC00D7E700BF8C9D0220889D0220849D02205B
:1097BC00001000E0649D022010B50F4B4FF0010C1F
:1097CC000E4CDFF844E053E8002F2068DEF8001060
:1097DC0043E800C2002AF6D1094B5B68094A5B1AC0
:1097EC004FF47A71126801FB00F0A2FB03238B4249
:1097FC0094BFC018401810BD8C9D0220889D02207B
:10980C00001000E0649D0220849D0220272812D8BD
:10981C0002010C4B03EB00109B58C268D3F804C038
:10982C001CEA020F03D039B1C3F884207047836857
:10983C0029B9054A1A607047C3F888207047034A53
:10984C001A607047901C00203830010038F001007D
:10985C0027280BD8064B020103EB00109A58C3685B
:10986C0092681A4214BF01200020704700207047F4
:10987C00901C0020272831D802011B4B012903EB37
:10988C0000109B5800B55A68D0E902EC12D004299C
:10989C0010D022EA0C025A60C9B102291FD0032948
:1098AC004FF015020CBF114B114BCEF80030436832
:1098BC001A6000BD42EA0C0201295A6007D040F63A
:1098CC003803CEF80030436815221A6000BD3823E7
:1098DC001522CEF8003043681A6000BD7047054B66
:1098EC00CEF80030EFE700BF901C002038300100AC
:1098FC003800010038F0010008B5FBF7A3FEFAF7B9
:10990C00A7FE01F009FBFAE7844641EA000313F0D5
:10991C0003036DD1403A41D351F8043B40F8043B6A
:10992C0051F8043B40F8043B51F8043B40F8043B2D
:10993C0051F8043B40F8043B51F8043B40F8043B1D
:10994C0051F8043B40F8043B51F8043B40F8043B0D
:10995C0051F8043B40F8043B51F8043B40F8043BFD
:10996C0051F8043B40F8043B51F8043B40F8043BED
:10997C0051F8043B40F8043B51F8043B40F8043BDD
:10998C0051F8043B40F8043B51F8043B40F8043BCD
:10999C0051F8043B40F8043B403ABDD2303211D36D
:1099AC0051F8043B40F8043B51F8043B40F8043BAD
:1099BC0051F8043B40F8043B51F8043B40F8043B9D
:1099CC00103AEDD20C3205D351F8043B40F8043B6D
:1099DC00043AF9D2043208D0D2071CBF11F8013B6B
:1099EC0000F8013B01D30B8803806046704700BF31
:1099FC00082A13D38B078DD010F003038AD0C3F140
:109A0C000403D21ADB071CBF11F8013B00F8013B21
:109A1C0080D331F8023B20F8023B7BE7043AD9D3E0
:109A2C00013A11F8013B00F8013BF9D20B780370B5
:109A3C004B7843708B7883706046704701F08EBE14
:109A4C0001F1FF3C70B566464FF0000E01E00EF1DF
:109A5C00010EB0FBF2F402FB1403092B03F13705E2
:109A6C0098BF03F130059042204606F8015FEED214
:109A7C0001EB0E0300225A70BEF1000F11D0481CEE
:109A8C0070440CF102021CF8014F10F8015DA1EBBF
:109A9C000C03521A8CF80050013B047073449A4228
:109AAC00EFDB084670BD00BF10B500234FF47044C7
:109ABC000F224FF4806EA0F88C411946A0F88E212D
:109ACC004FF46044A0F890310A46B0F8883148F25F
:109ADC00B82C43F0F003A0F8883101EB41030131BD
:109AEC0000EB431304299C80A3F806E05A841A86E1
:109AFC005A805A81A3F80EC05A82DA825A83DA83CA
:109B0C00EBD1B0F8883143F00F03A0F88831B0F8EE
:109B1C00883143F47063A0F8883110BD374B384A54
:109B2C00996F384841F47F0170B5996741F201068D
:109B3C00D3F8801045F6C05543F226040A43C3F807
:109B4C008020FFF7B1FF00F58040FFF7ADFF00F577
:109B5C008040FFF7A9FF00F58040FFF7A5FF00222A
:109B6C00A0F503104FF00F0E114600EB42134FEA15
:109B7C00421C01329981042A5981A3F80EE09E827D
:109B8C00DD8020F80C1019829C81EED100221E4839
:109B9C004FF00F0E41F20106114645F6C05543F247
:109BAC00260400EB42134FEA421C01329981042A2D
:109BBC005981A3F80EE09E82DD8020F80C101982EA
:109BCC009C81EED1002211480F2641F2010511466D
:109BDC0045F6C05443F2260E00EB42134FEA421CEA
:109BEC0001329981042A5981DE819D82DC8020F822
:109BFC000C101982A3F80CE0EED170BD00C00F4020
:109C0C00000003FC00C03D4000001E4000401E4010
:109C1C0072B6EFF30583524CC4F884301EF0040F77
:109C2C000CBFEFF30882EFF309824FF0E0234D4DA8
:109C3C00D3F8280DD3F82C1DC4E92201D3F8341D18
:109C4C00D3F8383DC4E924139369A83444F8103C84
:109C5C00D36944F80C3C00F0B9F804ED020A01F0A9
:109C6C00FBF90B2344F8040C4FF0FF323E4844F848
:109C7C00283C2B68202104355A4042F3000301395B
:109C8C0003EA000383EA5202F7D1A542F1D1344B27
:109C9C00C3F8A820BFF34F8F4FF0E0233149334A6C
:109CAC00C3F8701FC3F8702FBFF34F8FBFF36F8FC4
:109CBC002F4A02242F48D36E2F4943F44053D366C6
:109CCC000460D3692D4823F07F0343F04003D36134
:109CDC000B68834240D8274D00204FF0E0234FF013
:109CEC00FF3228600121C5F8080125480C460E46B4
:109CFC00C5F80001C5F80811C3F88021C3F8842108
:109D0C00C3F88821C3F88C21C3F8902101E000F03E
:109D1C005DF9D5F80C31002BF9D04F2CC5F80C613E
:109D2C0004F10104F3D9174B022017494FF00042FC
:109D3C00C1F840015A63D5F80C313BB913481449AA
:109D4C000C4A0163D2F80C31002BFAD04FF0E0230F
:109D5C00104AC3F80C2DFEE7FFF74EFBBBE700BF24
:109D6C0000FF272080FF27202083B8EDA0FF2720AD
:109D7C0000C00F40004008407C260020803DCD0BE9
:109D8C00009F240000900D4000002E4000800F40EA
:109D9C00F100AD0B0400FA05094A08B5034610683A
:109DAC0023B1034407498B4201D8136008BD02F06C
:109DBC001BF80C2203464FF0FF301A6008BD00BFA1
:109DCC003829002000002820FFF722BF124AD2F8C1
:109DDC0080305B07FBD5D2F880301048C3F30B23DF
:109DEC000F4990ED007A07EE903A91ED006AB8EECB
:109DFC00477A0C4AF8EEE77A0B4BD2ED006A77EE15
:109E0C00C77A93ED007AB8EE477A67EE867A87EEDA
:109E1C00A60A37EE400A704700810D40549D02207F
:109E2C005C9D0220609D0220589D0220836B70B5C2
:109E3C0086460E4610461BB1536843F400435360EC
:109E4C0072B6DEF8342042B31B4B1060D3F8B0214D
:109E5C0032421ED1194C656805E06268A2EB050C14
:109E6C00BCF5166F0BD2D3F8402142F48042C3F8F4
:109E7C004021D3F8B811D3F840215204EDD531402C
:109E8C0007D10D4ACEE90201D2F8B0313343C2F802
:109E9C00B031CEF8340062B670BD0749CEE902028B
:109EAC00D1F8B0313343C1F8B031CEF83000CEF830
:109EBC00340062B670BD00BF00002E40001000E000
:109ECC0070B5056B95B12B46002403E01B6801347B
:109EDC00012B0CD05A681206F8D5036306462CB138
:109EEC002846B36B2D689847013CF9D170BD002210
:109EFC000023C0E90C23F1E700B501BBDFF8A0C0DB
:109F0C00234B0021234A4FF0010E4FF001109960B2
:109F1C00C3F800E0CCE902314FF0800CC3F804C068
:109F2C00C2F8BC01D2F8B0311B4843EA0E03C2F8A8
:109F3C00B0310160D2F8B031002BFBD100BD090467
:109F4C00164BDFF85CC04FF0010E41F080019860B9
:109F5C00104A596000F58051C3F800E0D96000F553
:109F6C000051CCF84830196100F5405100F58040A3
:109F7C00596100219861CCF84C10D2F8B03143F4FF
:109F8C008033C2F8B031D2F8B031002BFBD1B7E737
:109F9C00402F002000002E40883D0020602F002024
:109FAC0000000020074901220B78824023EA0203BB
:109FBC000B7033B9044AD2F8483123F08003C2F84D
:109FCC0048317047FB9D022000002E402DE9F047E0
:109FDC00A64C82B0D4F84461F107C4F844614CD566
:109FEC00D4F8AC31002B43D0A14DA24FDFF8B8828E
:109FFC00C4F8AC31D5E90A20D4F8403143F400530D
:10A00C00C4F84031D4F840319B04F5D5D4F8403134
:10A01C004FF0011123F40053C4F84031C4F8B411CB
:10A02C00D4F8B43113F00113FAD191B284463B60E9
:10A03C00B1F5086F00F03A8100F2958040F2023ED3
:10A04C00714500F0928100F2A480822900F0E18138
:10A05C00B1F5817F00F0B381802940F0958086486E
:10A06C0002210380FFF748FFD4F8AC31002BBFD19D
:10A07C007E4AD2F8BC31002B42D1720616D57B4BEE
:10A08C00D3F8AC21C3F8AC21D3F8BC21C3F8BC2164
:10A09C00D3F8B041002CFBD14FF0FF32C3F8B42100
:10A0AC00D3F8843100F040FD744B1C60F40103D5EF
:10A0BC00734B1B6803B19847B00103D5714B1B68F8
:10A0CC0003B19847710708D5684BD3F8843113F462
:10A0DC00007345D06C4B01221A70644BD3F8483195
:10A0EC001A060AD5330608D5684A13782BB1013BFA
:10A0FC00DBB21370002B00F06D8202B0BDE8F0876C
:10A10C005C49C2F8BC310868034240F098815B4A54
:10A11C0012681340B1D01C0C554D1FFA83F810D0A7
:10A12C0094FAA4F7B7FA87F705EBC7104030FFF79E
:10A13C00C7FE012303FA07F7BC43F1D1B8F1000FB6
:10A14C009BD0012798FAA8F4B4FA84F405EBC41058
:10A15C0007FA04F4FFF7B4FE38EA0408F2D18CE7EE
:10A16C00494A1370B9E742F2212E71455AD049D8A9
:10A17C00B1F5106F00F0A28042F2210C614503D1C1
:10A18C00010C072900F08C814FF00113C4F8C03189
:10A19C006AE7B1F5A06F00F0CA80A1F5D061012982
:10A1AC00F2D83B4B59680029EED01FFA8CFE120CEA
:10A1BC0003E019690C330029E6D0B3F800C09445CC
:10A1CC00F7D1B3F802C0F445F3D14FEA122C000CCE
:10A1DC00BCF1030F00F0CB811B89834228BF0346DF
:10A1EC00B2F5007F9A4640F09A81274B1B78002BE2
:10A1FC0040F0EE81274952462748DFF89C90FFF744
:10A20C0083FB9EE142F22133994214D04FF6C003F6
:10A21C009942B9D183B2FF2BB6D843F46E4363F3A2
:10A22C000F0CBEE780B230B91C4B120C19681C4BDA
:10A23C0019601C4B1A700023C5F84880EB64C8F8F1
:10A24C0008300123C8F800308023C8F804304FF0E0
:10A25C000113C4F8BC31D4F8B03143F48033C4F8E2
:10A26C00B031D4F8B031002BFBD1FDE600002E400C
:10A27C0000000020883D00201C9D02208C3D002009
:10A28C00DC9D0220E09D0220029E0220039E022003
:10A29C00E81F0020C833006000202320889D022086
:10A2AC00D89D0220009E0220402F0020B34B01219C
:10A2BC00B3481B780370FFF71FFED5E6AF49120CAD
:10A2CC0001930A70AF4AC4F8C821AF4AC4F8CC2134
:10A2DC00AE4AC4F8D02100F029FC80220199AC4888
:10A2EC0001F02CFDAB498022019BA9644A60AA4A6B
:10A2FC00EB64C5F8A02002F13C428B6002F56C22A5
:10A30C0002F56F72C5F8E02001220A604FF00112CD
:10A31C00C4F8BC21D4F8B02142F48032C4F8B02186
:10A32C009E4A3B60D2F8B031002BFBD19CE6994998
:10A33C00EB648B600123A9640B6080234B604FF0AE
:10A34C0001139649C4F8BC31D4F8B03143F48033CE
:10A35C00C4F8B031D1F8B031002BFBD1130C5B0633
:10A36C0043F08073C1F854317EE610F0780F7FF41F
:10A37C000BAF00F07F028A4B000653F822104CBF43
:10A38C0041F4803141F0010143F822100021814B4E
:10A39C00E96499600121AB64196080217F4A59609E
:10A3AC004FF00113C2F8BC31D2F8B03143F4803312
:10A3BC00C2F8B031D2F8B031002BFBD154E610F01A
:10A3CC00780F7FF4E1AE00F07F02754B000653F876
:10A3DC0022104CBF21F4803121F0010143F82210EE
:10A3EC0000216C4BE96499600121AB6419608021F8
:10A3FC006A4A59604FF00113C2F8BC31D2F8B0313F
:10A40C0043F48033C2F8B031D2F8B031002BFBD119
:10A41C002AE610F078037FF4B7AE00F07F01604AB3
:10A42C00000652F82110564A138036D5C90301D5BF
:10A43C000123137002215248FFF75EFD14E6002041
:10A44C00086058490C88486842F221018C427FF41C
:10A45C005EAE80B200287FF45AAE5349534C03C908
:10A46C00A18086284FEA11412060A1717FF44FAE84
:10A47C0072B64F48017841F008010170D2F84811CA
:10A48C000D0605D480200143C2F84401C2F84811DE
:10A49C0062B6484A5021117039E6CB07CAD5C7E7D6
:10A4AC004049EB60444BC1E900200122AB601A60CB
:10A4BC00424A5A603C4A9A60D4F8B01141F001010A
:10A4CC00C4F8B01102F58051D96002F50051196140
:10A4DC0002F5405102F5804259619A612F4AD2F837
:10A4EC00B031002BFBD12B49EB648B600123A964A9
:10A4FC000B6048F280034B604FF00113C2F8BC3183
:10A50C00D2F8B03143F48033C2F8B0314FF4803319
:10A51C00224A3B60D2F8B031002BFBD1A4E5B2F556
:10A52C00E06F7FF468AE264B1B78002B4ED125498B
:10A53C00DFF8949052464846FFF7E6F9072389F86E
:10A54C00013029F01F0309EB0A02BFF34F8F4FF0C4
:10A55C00E021C1F8703F20339A42FAD8BFF34F8FF5
:10A56C00BFF36F8F18485146FFF7C6FC7CE50B789C
:10A57C00834228BF03469A463DE600BF019E022057
:10A58C001C9D02200200CC00C80002000200C80082
:10A59C0080000020402F00205DCFC6B800002E4068
:10A5AC00C0012E4000310020803D0020D09D0220B3
:10A5BC00FB9D0220039E0220602F002080000700DC
:10A5CC00029E02202C340060002023200449AFE7B7
:10A5DC00044910E60320FFF7E5FC01F06DFE00BF17
:10A5EC00C83300602C3400602DE9F043841E83B026
:10A5FC00022C02D903B0BDE8F083124D90460F46F1
:10A60C00C60105EBC0143C2200210190201D994687
:10A61C0001F094FBB8FA88F23904520941EA42710C
:10A62C000122A951C4F83890A260B9F1000FE1D011
:10A63C000549019B9A400B681A430A6003B0BDE8B8
:10A64C00F08300BF000000208C3D00202DE9F0437A
:10A65C00A0F1020E83B0BEF1020F02D903B0BDE827
:10A66C00F0839146C201124F884602F1400605461E
:10A67C003C220021F4190193201D01F05FFBB9FA73
:10A68C0089FC4FEA0842019B4FEA5C1C42EA4C727F
:10A69C00BA510122A363A260002BDFD0054905F15A
:10A6AC0010000B6882401A430A6003B0BDE8F083C7
:10A6BC00000000208C3D002012044FF0010C816042
:10A6CC0042F08002C0F800C0C36101F5805C01F566
:10A6DC004053426001F5005201F58041C0F80CC0B6
:10A6EC008161C0E904237047831E022B00D9704797
:10A6FC0000F1100C064B0A4603EBC01000B54FF0EE
:10A70C00010E0EFA0CF15DF804EBFFF78FBB00BFE6
:10A71C0040000020831E022B00D970474FF0010C23
:10A72C00034B0A460CFA00F103EBC010FFF77EBB9B
:10A73C000000002040687047144B0A22DFF850C01C
:10A74C00D3F8200220F07F4000EB800300B55B00C3
:10A75C0085B0604538BF18466946FFF771F9DFF8D8
:10A76C0034C06B460022604619780132013341B186
:10A77C000A2A20F8021FF7D116228CF8002005B007
:10A78C0000BD52008CF8002005B000BD00441F40F5
:10A79C0080969800142A002000F0E6BA00F06EBBF8
:10A7AC0000F048BB0846114600F03ABB70B5164D98
:10A7BC004FF0E02415494FF40032154E05EB4015CF
:10A7CC0082B001EB4021C4F88C2103463288284624
:10A7DC000191FFF771FF019933880B44BFF34F8F41
:10A7EC00C4F85C1F20318B42FAD8BFF34F8FBFF3F4
:10A7FC006F8F03202946FFF78DFF4FF40033C4F809
:10A80C000C3102B070BD00BF802F002080202320AF
:10A81C00E69D0220264B1A884368C3F30E43D21AD6
:10A82C00002AF0B5C46983B028DD2248224D017896
:10A83C002D78CBB2DFF894C0A942204D09D01CF87A
:10A84C0003100F4635F811100E46C1F500718A42FF
:10A85C001AD90133002125F81420082B184D88BF74
:10A86C000B4625F8141098BF19460CF80340154BED
:10A87C00017019680A441A6003B0F0BD204603B099
:10A88C00BDE8F040FFF792BF0F4906EB472001925D
:10A89C00084401EB4421FFF737F8019A0949204697
:10A8AC00B31825F817300B6813440B60E7E700BFAB
:10A8BC00E69D0220F99D0220FA9D0220289D02208F
:10A8CC00389D0220249D022080202320489D0220B8
:10A8DC00224B1A78002A3FD102F0FF03204A12784B
:10A8EC00002A39D01F4A1288002A35D01E49C2F5D9
:10A8FC00006210B5087884B01C4901EB40141C4967
:10A90C0001EBC0212046CDE902230191FFF7D4FED3
:10A91C00DDE901120A44BFF34F8F4FF0E020039B97
:10A92C00C0F8701F20318A42FAD80193BFF34F8FC1
:10A93C00BFF36F8F04202146FFF7D6FE0A48002193
:10A94C00084B027819800132019BD2B2032A98BFBE
:10A95C001346037004B010BD704700BFFF9D02206A
:10A96C00019E0220E89D0220FE9D022080300020E6
:10A97C00803023202DE9F04F87B00490002900F09F
:10A98C00BF8000235F4C604F4FF00109DFF890A1AE
:10A99C005E4E029303915E4B5E4A1D783B8802EB40
:10A9AC00451284F800900192002B40F0A580984647
:10A9BC001D469B460198FFF7BDFE10F0800000F08D
:10A9CC008B80BFF34F8F9AF8003084F800B00DB92C
:10A9DC00D6F80080002B7BD13368A3EB0803782BCF
:10A9EC0000F283804C4B1B78002B71D000F094FA52
:10A9FC003B88012584F80090002BDBD044491A4693
:10AA0C00C3F500600D78039900EBC520DFF814B195
:10AA1C009142584417D20593DDE903210192FEF7C8
:10AA2C0073FF019A4FF04041059B9B1A3B803B4BB7
:10AA3C00C3F88410BFF34F8F029800231044237087
:10AA4C0007B0BDE8F08F0499FEF75EFF00230BEB17
:10AA5C00C5214FF400620198FFF72EFE0BEBC521C8
:10AA6C00BFF34F8F01F1200201F50063934294BFB5
:10AA7C00012340234FF0E02201EB4313C2F8701F77
:10AA8C0020318B42FAD1BFF34F8FBFF36F8F04206D
:10AA9C000199FFF729FE1E4A13780133DBB2042B10
:10AAAC0028BF002313703B88039AD11A029A1A44C8
:10AABC0003910292049A1A4400230492174A3B8091
:10AACC00C2F88430BFF34F8F237000297FF463AF3B
:10AADC00029807B0BDE8F08F4FF400620C4B8AF877
:10AAEC0000001D7813463A808DE7012302988AF8FE
:10AAFC00003007B0BDE8F08F1A46C3F5006082E75E
:10AB0C000846E6E7FF9D0220E89D0220889D022072
:10AB1C00FE9D022080300020019E022000002E406D
:10AB2C00FD9D022080302320704700BF2D4B00215B
:10AB3C0080222D4870B51B7800242C4E8B420CBF04
:10AB4C0040234FF400732A4D33802B8001F0F6F82C
:10AB5C00284A2146284B14704FF4807227481C80D9
:10AB6C0001F0ECF8264A1021264B0220C2E90044E1
:10AB7C00C2E90244244AC3E900441470234AC3E9DD
:10AB8C000244234B1C70234614602246FFF75EFDE3
:10AB9C00204B224631880320FFF726FD2346012255
:10ABAC0029880420FFF752FD20460134FFF7FEFDF3
:10ABBC00082CF9D1184B00214A221848184C046073
:10ABCC00C3F88410C3F88020D3F84821154942F00B
:10ABDC008072C3F8482121B1134A137843F0010362
:10ABEC00137070BD029E022080300020E69D022072
:10ABFC00EA9D0220FE9D0220E89D0220802F00206D
:10AC0C00289D0220389D0220F99D0220249D0220BF
:10AC1C00FA9D02208573000000002E40DC9D02206E
:10AC2C004174000000000000049E02202DE9F84F42
:10AC3C004FF400324FF0E023C3F88C212B4B1C78DF
:10AC4C00002950D082468B46E4B20027DFF8B4903E
:10AC5C00274B5046274AABEB07081B78A34204F15D
:10AC6C00010437D0092C244B244928BF00241E5D35
:10AC7C0039F8163031F8165003EB4621ED1A114411
:10AC8C00A8452A4617D21E4C42465046FEF73CFEBB
:10AC9C00236839F816105846A3EB0B0388443B4441
:10ACAC0029F8168023604FF0E0234FF40032C3F8EC
:10ACBC000C21BDE8F88FFEF727FE114A2F443046D1
:10ACCC001368AA445B1B1360084A1470FFF76EFDEF
:10ACDC00BB45BDD84FF0E0234FF400323846C3F8E3
:10ACEC000C21BDE8F88F0846DDE700BFFA9D022075
:10ACFC00F99D022080202320489D0220289D0220BF
:10AD0C00249D0220389D02200B4B0C4A1278197896
:10AD1C00D3B28A420DD0013309480A4A092B0A4999
:10AD2C0028BF0023C35C31F8131002EB4323585C9B
:10AD3C0070474FF0FF307047F99D0220FA9D0220BA
:10AD4C00489D022080202320389D0220054B186846
:10AD5C0000B1704700B583B0019000F0DDF80198A8
:10AD6C0003B000BD249D02202DE9F84F144E154D63
:10AD7C0033782A78934220D0DCB2DFF85090DFF899
:10AD8C0050B0DFF85080104F0134082CA24601D986
:10AD9C000024A24619F80400DBF8003038F8102023
:10ADAC0037F81010521A9B1ACBF80030FFF7FEFC44
:10ADBC0086F800A02B78A342E6D1BDE8F88F00BF3F
:10ADCC00FA9D0220F99D0220389D0220489D022008
:10ADDC00249D0220289D022000B583B001210DF195
:10ADEC000700FFF723FF18B19DF8070003B000BD63
:10ADFC004FF0FF30FAE700BF084B00B583B01B786B
:10AE0C008DF8070033B101210DF10700FFF7B2FDFA
:10AE1C0003B000BD03F0FF0003B000BD019E022093
:10AE2C00034B1B780BB1FFF7A5BD03F0FF00704778
:10AE3C00019E02202DE9F04100240D4E01230D4D01
:10AE4C00A0460D4F33703B782846A34205D0FFF740
:10AE5C0071FC030658BF08F5006801342035042C3A
:10AE6C00F1D1BFF34F8F002340463370BDE8F08122
:10AE7C00FF9D022080300020FE9D0220204B1B787D
:10AE8C0013B1204B1A8802B970471F4BC2F50062F0
:10AE9C001E481F4930B51B7883B01E4C00EB431085
:10AEAC0001EBC3210123054623700023CDE90012D9
:10AEBC00FFF702FCDDE900120A44BFF34F8F4FF09D
:10AECC00E023C3F8701F20318A42FAD8BFF34F8FAA
:10AEDC00BFF36F8F04202946FFF706FC0A490022B6
:10AEEC0008480B7802800133DBB2042B28BF1346D1
:10AEFC000B70BFF34F8F074B1A7003B030BD00BF00
:10AF0C00019E0220E89D0220FE9D02208030002040
:10AF1C0080302320FF9D02202E4B2DE9F0411E781E
:10AF2C0086B1DFF8C88098F800305BB90123F107CF
:10AF3C0088F8003040D4B20727D4002388F80030BA
:10AF4C00730701D4BDE8F081234B1A68002AF9D0AD
:10AF5C00EFF30582002AF5D1EFF3108572B618686D
:10AF6C00002830D01D4C217800292CD101222270D0
:10AF7C0042691A60002A2AD0916105B962B600258F
:10AF8C008368457798472570DCE7154B1B78002BB9
:10AF9C00D3D0144F002557F8044F236820461B6963
:10AFAC00984710B163699B6898470D4B01351A7827
:10AFBC00EBB29A42EFD8C0E7FFF7C8FE0028BAD030
:10AFCC00AFF30080B7E7002DBCD162B6BAE7064BF1
:10AFDC001A60D2E7049E0220D0350020EC9D02209E
:10AFEC00ED9D02201C2F0020DC350020EE9D022060
:10AFFC0070B5EFF3108272B60C4C206880B10C4E19
:10B00C0000254369236073B19D6102B962B6836800
:10B01C0045779847EFF3108272B620680028F0D17C
:10B02C0002B962B670BD3360EFE700BFD8350020BF
:10B03C00D4350020FFF7DCBF0449054A4968054BAD
:10B04C001960136801331360704700BF001000E0F3
:10B05C00889D0220849D0220074A506A936A1946F3
:10B06C008446506A936A9942F9D18445F7D1DB0B37
:10B07C0043EA4040704700BF00400D400000000014
:10B08C002DE9F0432DED0A8B8BB08DED000B019962
:10B09C00DDF800E04FEA115C11EE903A0CF1FF3450
:10B0AC0040F2FD72944211EE100A4FEA135500F271
:10B0BC00CC80C5F30A02A2F2BE347F2C98BF0020CC
:10B0CC0000F23381BFEE008BD54AD64B8A18C2F3FF
:10B0DC00463C03EB4C1493ED006B93ED027B94ED2B
:10B0EC00122B94ED183B94ED160B141505EE104A2B
:10B0FC006FF31302B8EEC55B93ED049BA5EE060B44
:10B10C00A5EE073B93ED08AB93ED105B93ED067B3F
:10B11C0093ED0CBB93ED0A6B93ED0E4BBEF100045B
:10B12C008D1A45EC1C4BACEE028BA8EE054B28EEB1
:10B13C00092B38EE005BA8EE0A7BA8EE0B6B30EE09
:10B14C00450B30EE080B33EE000B28EE023BA3EE62
:10B15C00046BB0EE434BA3EE067B98EE024B28EE4D
:10B16C00038B30EE046B35EE034B35EE445B35EE62
:10B17C00035B36EE056BA8EE076B34EE062B21EE67
:10B18C00025B15EE902A6FF47273C2F30A5C63448F
:10B19C003E2B00F2FD8034EE424B34EE064BA24BBC
:10B1AC00B0EE457B93ED028B91EE027BA1EE047B1E
:10B1BC0093ED003BB0EE480B93ED046BA5EE030B47
:10B1CC0010EE101A30EE480B93ED062BA0EE065B3A
:10B1DC00B0EE451B93ED0E4BA0EE021B37EE017B40
:10B1EC0093ED0C6B27EE072B01F07F02921802F106
:10B1FC000F0403EBC202A7EE046B92ED1C4B03EBA6
:10B20C00C40293ED0A3B93ED085B53F834E05568A8
:10B21C00A7EE035B4018002422EE023B37EE047BC2
:10B22C0014EB0E02A2EE057B05EB4033A3EE067B7E
:10B23C00BCF1000F00F0BB8043EC102BA7EE000B11
:10B24C000BB0BDEC0A8BBDE8F083021843EB030492
:10B25C006FF00107561EA04644F1FF34B7426FF45D
:10B26C00001676EB0404C0F059811EEB0E0241EB84
:10B27C0001046FF00107561EA04664F10004B742AA
:10B28C006FF4001676EB0404C0F01F810029C5F39F
:10B29C000A0280F2758140F2FE34A24240F3F4803F
:10B2AC0040F23344A24200F37281A61A4FF0FF38E9
:10B2BC00A6F12007C6F120040294039708FA06F4BD
:10B2CC0008FA07F72743029C28FA04F4274308FAE4
:10B2DC0006F420EA040423EA07073C4340F0D48038
:10B2EC00029C039F03FA04F4F0402043FB401843F4
:10B2FC0000F001008004A2F2BE337F2B21F000414C
:10B30C0023D8CCF30A0CBCF1000F7FF4DBAE9FED1D
:10B31C00407B9DED006B26EE077B53EC172B23F047
:10B32C0000419646A1F15071CCE6041843EB03069C
:10B33C006FF00108671EB1466FF4001C46F1FF3632
:10B34C00B8457CEB060CC0F02481384B994208BF01
:10B35C00BEF1000F00F0B68040F2BD339A42334B81
:10B36C004AD9BEF1010F71EB030334BF0122002255
:10B37C00B5F5006F2CBF002301239A424FF000005B
:10B38C000ED10BB0BDEC0A8BBDE8F04300F088B9D0
:10B39C00002BC0F28280BCF5816F2AD9002AF0DB29
:10B3AC000BB0BDEC0A8BBDE8F04300F081B9A142B3
:10B3BC0080F2A080B7EE004B03F17F5101F5001134
:10B3CC00104641EC150B27EE057B35EE076BB0EE06
:10B3DC00C63BB4EEC43BF1EE10FA29D49FED0E0B34
:10B3EC0026EE000B0BB0BDEC0A8BBDE8F04300F071
:10B3FC008FB94FF0000CCEE6002272458B41B7EEB0
:10B40C00000B34BF31EE000B30EE410B18E700BFE0
:10B41C00000000000000304300000000000010009D
:10B42C00AB6A19C0F00A0020800200200000F03F37
:10B43C00B5EEC06BF1EE10FA01D5BFEE004B36EE57
:10B44C00042B35EE465B34EE423B35EE075B33EEB8
:10B45C00067B37EE057B37EE027B37EE446BB5EEA1
:10B46C00406BF1EE10FA04D1002201F0004343ECE2
:10B47C00162B9FED715B8DED065B9DED067B27EE2C
:10B48C00057B8DED087BA9E79DED000B0BB0BDECAA
:10B49C000A8BBDE8F04300F02BB9B7EE000B35EE8C
:10B4AC00000B00283FF4CCAEB1EE400BC8E61EEB0F
:10B4BC000E0E674B81F400214FF00002494172459A
:10B4CC008B4158D3B7EE000BBAE69DED007B0029FB
:10B4DC0027EE070B6FDB002052EA080240F0998040
:10B4EC00002BBFF6ADAE0BB0BDEC0A8BBDE8F04344
:10B4FC0000F0E6B803F140419FED516B01F570018E
:10B50C00104641EC100BA7EE000B20EE060B0BB017
:10B51C00BDEC0A8BBDE8F04300F006B952EA080016
:10B52C00C5D01EEB0E0E4B4D4FF0000441EB01004D
:10B53C00744575EB000C01461DD3A84508BFA2420B
:10B54C0019D1454A904208BFA645BBD0424ADB43BD
:10B55C0091424FEAD37334BF00210121994268D044
:10B56C009FED390B6CE60018394983F400235B41DD
:10B57C00A2429941A6D29DED007B37EE010B5FE60E
:10B58C00A2F2BE337F2B3FF6E7AE0020BBE60020D5
:10B59C00B1E654EA09028AD0304D0022A94208BF14
:10B5AC009645E0D019F5001F08BF9442E3D11EEB7D
:10B5BC000E0E4941CAE7C5F30A01A1F2FF34342C3F
:10B5CC0089D8C1F586614FF0FF34A1F11D0C033110
:10B5DC0004FA0CF604FA01F5C1F1200E354324FAF5
:10B5EC000EF635438C4020EA040423EA05052C436F
:10B5FC007FF471AF20FA01F103FA0EFE41EA0E015D
:10B60C0023FA0CFC41EA0C0111F001010DD10846A2
:10B61C0062E7002BBFF614AEB7EE006B86EE007B34
:10B62C008DED047B9DED040B0AE60120B1EE400B81
:10B63C0052E721EE010B03E60000000000001000B1
:10B64C00000000000000007F00000000000000006F
:10B65C000000F0FF0000E0FF0000E07F0000F03F82
:10B66C0010B582B08DED000B044600F0BDFB9DEDD6
:10B67C00000B046002B010BD82B058B1B1EE407B3B
:10B68C008DED007B9DED007B222020EE070B02B0A0
:10B69C00FFF7E6BFB0EE407BF2E700BF0000000012
:10B6AC009FED010BFFF7E8BF000000000000001049
:10B6BC009FED010BFFF7E0BF0000000000000070E1
:10B6CC0082B00028BFEE006BB7EE007B07FE067B56
:10B6DC008DED007B9DED000B9FED037B222080EE1A
:10B6EC00070B02B0FFF7BCBF000000000000000019
:10B6FC00B4EE400BF1EE10FA30EE407B87EE076BA8
:10B70C00B0EE460B02D62120FFF7AABF704700BF50
:10B71C00B5EE400BF1EE10FA00D070472220FFF787
:10B72C009FBF00BF000000009FED076BB0EEC07B19
:10B73C00B4EE467BF1EE10FA00DC70472220FFF7E6
:10B74C008FBF00BFAFF30080FFFFFFFFFFFFEF7F56
:10B75C0003460846194600F0EBBA00BF024B0146FF
:10B76C00186800F003B800BF482900202DE9F04FFD
:10B77C0001F10B02162A85B0804624D8102900F25C
:10B78C00AB8000F0C9FA022518211022B74C2144D5
:10B79C00A1F108004E68864200F062817268F1687F
:10B7AC00B46822F003023244E1608C60516841F0CD
:10B7BC0001014046516000F0B5FA06F1080420463C
:10B7CC0005B0BDE8F08F32F0070200F185809142A0
:10B7DC0000F28280019200F09FFA019AB2F5FC7F90
:10B7EC00C0F0BA81570A7FD0042F00F272819709FA
:10B7FC0007F139052BB207F1380CDB009B4C2344C5
:10B80C00A3F108065B689E4207D10DE00028DF68B3
:10B81C0080F21381BE4207D03B46596821F00301E8
:10B82C00881A0F28F2DD6546236991498B4200F096
:10B83C00F1805E6826F00306B11A0F2900F391819E
:10B84C008B480029C4E9040080F27981B6F5007FA9
:10B85C00676880F01981F10801310FFA81FC7609D3
:10B86C000121B14054F83C0098600F4304EBCC012B
:10B87C000839D960676044F83C30C360AB100126CE
:10B88C009E40BE4236D83E4206D125F003057600D6
:10B89C003E4205F10405FAD004EBC50A04EBC507DA
:10B8AC00A946F9680EE0486820F0030EAEEB020CD6
:10B8BC00BCF10F0F0B46C96800F31881BCF1000FE7
:10B8CC0080F22D818F42EED109F1010919F0030F9D
:10B8DC0007F10807E5D17FE10C23C8F800300024FC
:10B8EC00204605B0BDE8F08F4FF4007340254FF0B3
:10B8FC003F0C83E7A768796821F0030393429A46CB
:10B90C0003D3991A0F2900F387805A495A4E0968B4
:10B91C00103111440820CDE9011200F095FA01997B
:10B92C004B1E03444542834630681D40B0F1FF3F37
:10B93C0018BF29464046019100F044FA411C0546C7
:10B94C00DDE9011200F02B8107EB0A0C844500F2B3
:10B95C0024814A4B186800EB01090BF1FF3EC3F838
:10B96C00009000F08981306801301BBFA5EB0C0CF6
:10B97C0009EB0C003560186015F00700814600F0EB
:10B98C004881C0F108000544CDE901236B1803EA96
:10B99C000E015844401A00EA0E06314640469B46BA
:10B9AC0000F010FA421CDDE9012300F09581401BE8
:10B9BC00304440F001011868A56000EB0609A7426D
:10B9CC006960C3F8009017D0BAF10F0F40F25E8196
:10B9DC00AAF10C0121F0070C796801F0010141EA90
:10B9EC000C017960052607EB0C01BCF10F0FC1E9C6
:10B9FC00016600F263816968214B1E684E4538BFB1
:10BA0C00C3F800901F4B1E684E4501D2C3F800903E
:10BA1C002F46C6E0676831E7BD1841F0010142F0DE
:10BA2C0001027A604046A560696000F07BF907F17D
:10BA3C000804204605B0BDE8F08F9A6801931944BC
:10BA4C00D760BA604A6842F0010240464A6000F092
:10BA5C0069F9019B03F10804204605B0BDE8F08F9D
:10BA6C00CE68B1427FF49AAE0235DDE6702000203C
:10BA7C0078200020AC370020402900207C370020A3
:10BA8C00A4370020A8370020B6F5206F4FEA5620C7
:10BA9C007CD3142800F2D38000F15C0109B25B3036
:10BAAC00C90004EB010C6158ACF1080C8C4503D1B6
:10BABC00A8E089688C4504D0486820F00300B042A7
:10BACC00F7D8D1F80CC0C3E9021CCCF80830CB6015
:10BADC00D4E6142F72D9542F00F2BA80170B07F149
:10BAEC006F052BB207F16E0CDB0087E69D1842F058
:10BAFC0001025A609E68864AF1608E60C4E9045562
:10BB0C00C5E902224CF001026A60404643F80EC0BF
:10BB1C00019300F007F9019B03F10804E0E69E4451
:10BB2C001C46DEF8043043F00103CEF8043054F820
:10BB3C00083F4046D9608B6000F0F4F8D0E61E4414
:10BB4C0040467268019342F00102726000F0EAF81C
:10BB5C00019B03F10804C3E6D508691C09B2C900AE
:10BB6C0014E69D1842F001025A60694A0193C4E937
:10BB7C000455C5E9022241F001026A604046995120
:10BB8C0000F0D0F8019B03F10804A9E6B00900F11C
:10BB9C00390109B23830C90083E7A74263D0A768DE
:10BBAC00796821F003009042A0EB020102D30F2927
:10BBBC003FF732AF404600F0B5F890E607F15C0570
:10BBCC002BB207F15B0CDB0018E6514651F8083933
:10BBDC008B428A4640F09A8015F0030F05F1FF3531
:10BBEC00F3D1636823EA0603636076009E423FF656
:10BBFC0081AE1EB97EE6760009F104091E42FAD028
:10BC0C004D4649E68010012606FA00F007436760AE
:10BC1C0059E7CDE902236B1803EA0E01ABEB0106E1
:10BC2C0006EA0E0631464046019300F0CBF8431C61
:10BC3C00019B04BF4E461846DDE90223B7E65428A3
:10BC4C0027D8300B00F16F0109B26E30C90028E71C
:10BC5C00B7F5AA7F27D8D70B07F178052BB207F1D8
:10BC6C00770CDB00CAE52B4B186800EB01090BF1D4
:10BC7C00FF3EC3F8009076E615EA0E0F7FF473AE24
:10BC8C00A568514441F001016960B5E601236B6080
:10BC9C0090E7B0F5AA7F25D8F00B00F1780109B236
:10BCAC007730C900FDE640F254539F4224D8930CE0
:10BCBC0003F17D0503F17C0CEB009FE507F1080116
:10BCCC004046CDE9012300F0E7F9A568029B6968BD
:10BCDC00D3F80090019A8FE6A9F108010BEB010053
:10BCEC00002664E640F2545188420BD8B00C00F1A7
:10BCFC007D01C9007C30D4E64FF47E737F254FF074
:10BD0C007E0C7BE54FF47E717E20CAE663686CE79F
:10BD1C00782000207C370020014800F091B800BF4B
:10BD2C0078370020014800F08DB800BF783700202C
:10BD3C0013460A460146022000F016B930B58407B6
:10BD4C008646034606D0A2B303F8011B980702F1FE
:10BD5C00FF32F8D1032A26D95FFA81FC0CEB0C2CAC
:10BD6C000F2A0CEB0C402AD922F00F0C9C44C3E98F
:10BD7C000000C3E9020010336345F8D112F00C0F38
:10BD8C0002F00F0417D04FEA940C0CF1FF351A4651
:10BD9C0003EB8C0C42F8040B6245FBD1043304F02A
:10BDAC00030203EB850322B11A4403F8011B9A42E8
:10BDBC00FBD1704630BD2246002AF5D1F9E7144676
:10BDCC00E1E700BF38B5074C002305460846236061
:10BDDC00FDF7E2FF431C00D038BD2368002BFBD0DD
:10BDEC002B6038BD903D0020014B1868704700BF98
:10BDFC004829002070B50E4E0E4DAE4208D0761B71
:10BE0C00B610002455F8043B01349847A642F9D8E3
:10BE1C00094E0A4D00F04CFAAE4208D0761BB61013
:10BE2C00002455F8043B01349847A642F9D870BD5C
:10BE3C00B01A0060B01A0060BC1A0060B01A006042
:10BE4C00704700BF704700BF082802D14FF48050E4
:10BE5C00704708B5FFF7C8FF162303604FF0FF309B
:10BE6C0008BD00BF00000000000000000000000042
:10BE7C0000000000000000000000000000000000B6
:10BE8C0000000000000000000000000000000000A6
:10BE9C0030B490F800F020F007016FF0000C10F0B7
:10BEAC00070491F820F040F048804FF000046FF048
:10BEBC000700D1E9002391F840F000F1080082FA64
:10BECC004CF2A4FA8CF283FA4CF3A2FA8CF34BBB2F
:10BEDC00D1E9022382FA4CF200F10800A4FA8CF2A8
:10BEEC0083FA4CF3A2FA8CF3E3B9D1E9042382FA76
:10BEFC004CF200F10800A4FA8CF283FA4CF3A2FA8B
:10BF0C008CF37BB9D1E9062301F1200182FA4CF2C2
:10BF1C0000F10800A4FA8CF283FA4CF3A2FA8CF329
:10BF2C00002BC6D0002A04BF04301A4612BAB2FA4B
:10BF3C0082F200EBD20030BC7047D1E9002304F050
:10BF4C000305C4F100004FEAC50514F0040F91F885
:10BF5C0040F00CFA05F562EA05021CBF63EA050322
:10BF6C0062464FF00004AAE7F0B51D4C83B00546BD
:10BF7C002068019116461F46FFF762FF194A019986
:10BF8C00136823B35A6820681F2A23DC4DB9541C4C
:10BF9C0002325C6043F82210FFF754FF002003B01C
:10BFAC00F0BD03EB820E0124CEF88860D3F88861D3
:10BFBC00944046EA040C022DC3F888C1CEF80871EF
:10BFCC00E5D1D3F88C512543C3F88C51DFE7064BF0
:10BFDC001360D7E7FFF736FF4FF0FF30DFE700BF06
:10BFEC0034290020E0350020E4350020F8B5064661
:10BFFC0008200C46FFF728FF07463046FFF78CFE5B
:10C00C00224A93685D6825F00305A5F111031C1BFA
:10C01C003C44B4FBF7F4013C07FB04F4A74208DCF6
:10C02C0000213046FFF7CEFE184A93682B44984205
:10C03C0004D03046FFF776FE0020F8BD6142304652
:10C04C00FFF7C0FE0130114A0DD0114993682D1B2A
:10C05C0045F001055D600B6830461B1B0B60FFF75C
:10C06C0061FE0120F8BD00213046FFF7ABFE074A08
:10C07C009268831A0F2BDCDD43F001035360054BF0
:10C08C0003491B68C01A0860D3E700BF702000206A
:10C09C007C37002040290020002965D02DE9F04193
:10C0AC000C460746FFF738FE54F804EC7D49A4F122
:10C0BC00080C2EF001030CEB03028D6850689542BE
:10C0CC0020F003000EF0010600F08B801518506074
:10C0DC006D6805F00105A846AEBB54F8084CACEBF6
:10C0EC00040C2344DCF8084001F1080E74456BD0B5
:10C0FC00DCF80C50E560AC60B8F1000F00F08C80FF
:10C10C0043F00100CCF804001360B3F5007F35D286
:10C11C00DA0848685C090132012312B2A3400343D8
:10C12C004B6051F83200CCF8080001EBC203083B1D
:10C13C00CCF80C3041F832C0C0F80CC03846BDE821
:10C14C00F041FFF7EFBD85B9034401F1080E90688B
:10C15C00704543F001047AD0D268C2609060CCF88C
:10C16C0004404CF80330D0E770474EF00102B3F5B1
:10C17C00007F44F8042C4CF80330C9D3B3F5206F7E
:10C18C004FEA53204AD2980900F1390212B200F159
:10C19C003804D20088188A580838904203D15FE0DE
:10C1AC009268904204D0516821F003019942F7D86B
:10C1BC00D068CCE90220C0F808C03846C2F80CC0E0
:10C1CC00BDE8F041FFF7AEBDA5BB1844D2E9022390
:10C1DC00D3609A6040F00103CCF804304CF80000B6
:10C1EC00ACE7184446B954F8083CACEB030C1844C3
:10C1FC00DCE90223D3609A6040F00103CCF80430F0
:10C20C00294BC1F808C01B68834297D8274B384686
:10C21C001968FFF7EBFE91E7034498E714280FD950
:10C22C00542824D8180B00F16F0212B200F16E04DE
:10C23C00D200AFE743F00101CCF8041013607DE7A6
:10C24C0000F15C0212B200F15B04D200A2E7C1E97A
:10C25C0004CCCCE902EECCF804404CF803306DE78A
:10C26C00A4100123A3404C6823434B60A1E7B0F515
:10C27C00AA7F07D8D80B00F1780212B200F177042C
:10C28C00D20087E740F25452904206D8980C00F145
:10C29C007D0200F17C04D2007CE74FF47E727E2498
:10C2AC0078E700BF7020002044290020AC37002024
:10C2BC005FF800F0691A00605FF800F0C5190060C3
:04C2CC00F8B500BF02
:08C2D0008CF4FF7F0100000067
:10C2D8000000000000000000000000000000000056
:10C2E8000000000000000000000000000000000046
:10C2F8000000000000000000000000000000000036
:10C308000000000000000000000000000000000025
:10C318000000000000000000000000000000000015
:10C328000000000000000000000000000000000005
:10C3380000000000000000000000000000000000F5
:10C3480000000000000000000000000000000000E5
:10C3580000000000000000000000000000000000D5
:10C3680000000000000000000000000000000000C5
:10C3780000000000000000000000000000000000B5
:10C3880000000000000000000000000000000000A5
:10C398000000000000000000000000000000000095
:10C3A8000000000000000000000000000000000085
:10C3B8000000000000000000000000000000000075
:10C3C8000000000000000000000000000000000065
:10C3D8000000000000000000000000000000000055
:10C3E8000000000000000000000000000000000045
:10C3F8000000000000000000000000000000000035
:10C408000000000000000000000000000000000024
:10C418000000000000000000000000000000000014
:10C428000000000000000000000000000000000004
:10C4380000000000000000000000000000000000F4
:10C4480000000000000000000000000000000000E4
:10C4580000000000000000000000000000000000D4
:10C4680000000000000000000000000000000000C4
:10C4780000000000000000000000000000000000B4
:10C4880000000000000000000000000000000000A4
:10C498000000000000000000000000000000000094
:10C4A8000000000000000000000000000000000084
:10C4B8000000000000000000000000000000000074
:10C4C8000000000000000000000000000000000064
:10C4D8000000000000000000000000000000000054
:10C4E8000000000000000000000000000000000044
:10C4F8000000000000000000000000000000000034
:10C508000000000000000000000000000000000023
:10C518000000000000000000000000000000000013
:10C528000000000000000000000000000000000003
:10C5380000000000000000000000000000000000F3
:10C5480000000000000000000000000000000000E3
:10C55800FE822B6547156740000000000000384345
:10C568000000FAFE422E76BF3A3B9EBC9AF70CBDFD
:10C57800BDFDFFFFFFFFDF3F3C5455555555C53FF7
:10C58800912B17CF5555A53F17D0A4671111813F9F
:10C59800000000000000C842EF39FAFE422EE63FD4
:10C5A80024C482FFBDBFCE3FB5F40CD7086BAC3FA7
:10C5B800CC5046D2ABB2833F843A4E9BE0D7553F2E
:10C5C8000000000000000000000000000000F03F34
:10C5D8006EBF881A4F3B9B3C3533FBA93DF6EF3FB6
:10C5E8005DDCD89C136071BC6180773E9AECEF3FAC
:10C5F800D16687107A5E90BC857F6EE815E3EF3FC1
:10C6080013F6673552D28C3C748515D3B0D9EF3FF9
:10C61800FA8EF92380CE8BBCDEF6DD296BD0EF3F96
:10C6280061C8E6614EF7603CC89B751845C7EF3F87
:10C6380099D3335BE4A3903C83F3C6CA3EBEEF3F75
:10C648006D7B835DA69A973C0F89F96C58B5EF3FCF
:10C65800FCEFFD921AB58E3CF747722B92ACEF3F78
:10C66800D19C2F703DBE3E3CA2D1D332ECA3EF3F0C
:10C678000B6E908934036ABC1BD3FEAF669BEF3FF9
:10C688000EBD2F2A525695BC515B12D00193EF3F35
:10C6980055EA4E8CEF8050BCCC316CC0BD8AEF3F60
:10C6A80016F4D5B923C991BCE02DA9AE9A82EF3F03
:10C6B800AF555CE9E3D3803C518EA5C8987AEF3F2B
:10C6C8004893A5EA151B80BC7B517D3CB872EF3FAF
:10C6D8003D32DE55F01F8FBCEA8D8C38F96AEF3F8A
:10C6E800BF53133F8C898B3C75CB6FEB5B63EF3F7C
:10C6F80026EB11769CD996BCD45C0484E05BEF3FB2
:10C70800602F3A3EF7EC9A3CAAB968318754EF3F5C
:10C718009D3886CB82E78FBC1DD9FC22504DEF3F58
:10C728008DC3A644416F8A3CD68C62883B46EF3F56
:10C738007D04E4B0057A803C96DC7D91493FEF3F6B
:10C7480094A8A8E3FD8E963C3862756E7A38EF3F60
:10C758007D4874F2185E873C3FA6B24FCE31EF3F5A
:10C76800F2E71F982B47803CDD7CE265452BEF3FC5
:10C778005E08713F7BB896BC8163F5E1DF24EF3F2B
:10C7880031AB096DE1F7823CE1DE1FF59D1EEF3FFD
:10C79800FABF6F1A9B213DBC90D9DAD07F18EF3FC2
:10C7A800B40A0C7282378B3C0B03E4A68512EF3F68
:10C7B8008FCBCE8992146E3C562F3EA9AF0CEF3F1B
:10C7C800B6ABB04D754D833C15B7310AFE06EF3F49
:10C7D8004C74ACE20142863C31D84CFC7001EF3F0E
:10C7E8004AF8D35D39DD8F3CFF1664B208FCEE3F92
:10C7F800045B8E3B80A386BCF19F925FC5F6EE3F3B
:10C8080068504BCCED4A92BCCBA93A37A7F1EE3F22
:10C818008E2D511BF80799BC66D8056DAEECEE3F1E
:10C82800D236943EE8D171BCF79FE534DBE7EE3FA2
:10C83800151BCEB3191999BCE5A813C32DE3EE3F18
:10C848006D4C2AA7489F853C2234124CA6DEEE3F49
:10C858008A69287A601293BC1C80AC0445DAEE3FE2
:10C868005B8917488FA758BC2A2EF7210AD6EE3FB6
:10C878001B9A49679B2C7CBC97A850D9F5D1EE3FF1
:10C8880011ACC260ED63433C2D89616008CEEE3F78
:10C89800EF64063B0966963C57001DED41CAEE3F22
:10C8A8007903A1DAE1CC6E3CD03CC1B5A2C6EE3F1B
:10C8B80030120F3F8EFF933CDED3D7F02AC3EE3FF2
:10C8C800B0AF7ABBCE90763C272A36D5DABFEE3F9A
:10C8D80077E054EBBD1D933C0DDDFD99B2BCEE3FF6
:10C8E8008EA3710034948FBCA72C9D76B2B9EE3F0D
:10C8F80049A393DCCCDE87BC4266CFA2DAB6EE3F12
:10C908005F380FBDC6DE78BC824F9D562BB4EE3F14
:10C91800F65C7BEC461286BC0F925DCAA4B1EE3F72
:10C928008ED7FD180535933CDA27B53647AFEE3F6D
:10C93800059B8A2FB7987B3CFDC797D412ADEE3F75
:10C9480009541CE2E163903C295448DD07ABEE3FF3
:10C95800EAC6195085C7343CB746598A26A9EE3F1E
:10C9680035C0642BE632943C4821AD156FA7EE3FE5
:10C978009F7699614AE48CBC09DC76B9E1A5EE3F63
:10C98800A84DEF3BC5338CBC85553AB07EA4EE3F2D
:10C99800AEE92B89785384BC20C3CC3446A3EE3F40
:10C9A80058585678DDCE93BC2522558238A2EE3FE2
:10C9B80064197E80AA10573C73A94CD455A1EE3F48
:10C9C80028225EBFEFB393BCCD3B7F669EA0EE3FAF
:10C9D80082B93487AD126ABCBFDA0B7512A0EE3F7C
:10C9E800EEA96DB8EF6763BC2F1A653CB29FEE3FA6
:10C9F8005188E0543DDC80BC849451F97D9FEE3F22
:10CA0800CF3E5A7E641F78BC745FECE8759FEE3F9A
:10CA1800B07D8BC04AEE86BC7481A5489A9FEE3FD4
:10CA28008AE6551E321986BCC9674256EB9FEE3F0F
:10CA3800D3D4095ECB9C903C3F5DDE4F69A0EE3FAE
:10CA48001DA54DB9DC327BBC8701EB7314A1EE3F09
:10CA58006BC06754FDEC943C32C13001EDA1EE3F50
:10CA6800556CD6ABE1EB653C624ECF36F3A2EE3F98
:10CA780042CFB32FC5A188BC121A3E5427A4EE3F5B
:10CA880034373BF1B66993BC13CE4C9989A5EE3F78
:10CA98001EFF193A845E80BCADC723461AA7EE3F35
:10CAA8006E5772D850D494BCED92449BD9A8EE3FEF
:10CAB800008A0E5B67AD903C99668AD9C7AAEE3F9B
:10CAC800B4EAF0C12FB78D3CDBA02A42E5ACEE3FBB
:10CAD800FFE7C59C60B665BC8C44B51632AFEE3F27
:10CAE800445FF35983F67B3C36771599AEB1EE3F38
:10CAF800833D1EA71F0993BCC6FF910B5BB4EE3F95
:10CB0800291E6C8BB8A95DBCE5C5CDB037B7EE3F23
:10CB180059B9907CF9236CBC0F52C8CB44BAEE3F8C
:10CB2800AAF9F422434392BC504EDE9F82BDEE3FE9
:10CB38004B8E66D76CCA85BCBA07CA70F1C0EE3F87
:10CB480027CE912BFCAF713C90F0A38291C4EE3FAD
:10CB5800BB730AE135D26D3C2323E31963C8EE3F6A
:10CB68006322622204C587BC65E55D7B66CCEE3F27
:10CB7800D531E2E3861C8B3C332D4AEC9BD0EE3F4B
:10CB880015BBBCD3D1BB91BC5D253EB203D5EE3FEE
:10CB9800D231EE9C31CC903C58B330139ED9EE3F45
:10CBA800B35A736E8469843CBFFD79556BDEEE3FE2
:10CBB800B49D8E97CDDF82BC7AF3D3BF6BE3EE3F93
:10CBC8008733CB92771A8C3CADD35A999FE8EE3FC6
:10CBD800FAD9D14A8F7B90BC66B68D2907EEEE3F15
:10CBE800BAAEDC56D9C355BCFB154FB8A2F3EE3F1D
:10CBF80040F6A63D0EA490BC3A59E58D72F9EE3F79
:10CC08003493AD38F4D668BC475EFBF276FFEE3F4E
:10CC1800358A586BE2EE91BC4A06A130B005EF3F69
:10CC2800CDDD5F0AD7FF743CD2C14B901E0CEF3F9D
:10CC3800AC9892FAFBBD91BC091ED75BC212EF3FBC
:10CC4800B30CAF30AE6E733C9C5285DD9B19EF3F41
:10CC580094FD9F5C32E38E3C7AD0FF5FAB20EF3FC0
:10CC6800AC5909D18FE0843C4BD1572EF127EF3FC7
:10CC7800671A4E38AFCD633CB5E706946D2FEF3F8A
:10CC88006819926C2C6B673C6990EFDC2037EF3F9A
:10CC9800D2B5CC83188A80BCFAC35D550B3FEF3FF1
:10CCA8006FFAFF3F5DAD8FBC7C89074A2D47EF3F88
:10CCB80049A97538AE0D90BCF2890D08874FEF3F32
:10CCC800A7073DA685A3743C87A4FBDC1858EF3F53
:10CCD8000F2240209E9182BC9883C916E360EF3FE3
:10CCE800AC92C1D5505A8E3C8532DB03E669EF3FE2
:10CCF8004B6B01AC593A843C60B401F32173EF3FAC
:10CD08001F3EB40721D582BC5F9B7B33977CEF3FE6
:10CD1800C90D473BB92A89BC29A1F5144686EF3FBE
:10CD2800D3883A6004B6743CF63F8BE72E90EF3F09
:10CD380071729D51ECC5833C834CC7FB519AEF3F00
:10CD4800F091D38F12F78FBCDA90A4A2AFA4EF3F73
:10CD58007D7423E298AE8DBCF1678E2D48AFEF3F0E
:10CD68000820AA41BCC38E3C275A61EE1BBAEF3F8C
:10CD780032EBA9C3942B843C97BA6B372BC5EF3F92
:10CD8800EE85D131A9648A3C40456E5B76D0EF3F91
:10CD9800EDE33BE4BA378EBC14BE9CADFDDBEF3F40
:10CDA8009DCD914D3B89773CD8909E81C1E7EF3F5F
:10CDB80089CC6041C105533CF1718F2BC2F3EF3F21
:10CDC8000038FAFE422EE63F3067C79357F32E3DF0
:10CDD800000000000000E0BF605555555555E5BFFF
:10CDE800060000000000E03F4E5559999999E93F27
:10CDF8007AA429555555E5BFE945489B5B49F2BFDB
:10CE0800C33F268B2B00F03F0000000000A0F63F38
:10CE1800000000000000000000C8B9F2822CD6BF54
:10CE28008056372824B4FA3C000000000080F63F02
:10CE38000000000000000000000858BFBDD1D5BFA9
:10CE480020F7E0D808A51CBD000000000060F63FF0
:10CE58000000000000000000005845177776D5BF95
:10CE68006D50B6D5A46223BD000000000040F63F17
:10CE7800000000000000000000F82D87AD1AD5BFA3
:10CE8800D567B09EE484E6BC000000000020F63FB1
:10CE98000000000000000000007877955FBED4BF56
:10CEA800E03E2993691B04BD000000000000F63F26
:10CEB800000000000000000000601CC28B61D4BFAD
:10CEC800CC844C482FD8133D0000000000E0F53F0B
:10CED800000000000000000000A886863004D4BFCF
:10CEE8003A0B82EDF342DC3C0000000000C0F53F45
:10CEF8000000000000000000004869554CA6D3BFA0
:10CF080060945186C6B1203D0000000000A0F53FA6
:10CF180000000000000000000080989ADD47D3BFA1
:10CF28009280C5D44D59253D000000000080F53F92
:10CF380000000000000000000020E1BAE2E8D2BFD3
:10CF4800D82BB7991E7B263D000000000060F53FF6
:10CF580000000000000000000088DE135A89D2BFDC
:10CF68003FB0CFB614CA153D000000000060F53F81
:10CF780000000000000000000088DE135A89D2BFBC
:10CF88003FB0CFB614CA153D000000000040F53F81
:10CF980000000000000000000078CFFB4129D2BF4C
:10CFA80076DA5328245A16BD000000000020F53F09
:10CFB8000000000000000000009869C198C8D1BFB7
:10CFC8000454E768BCAF1FBD000000000000F53F37
:10CFD800000000000000000000A8ABAB5C67D1BFF8
:10CFE800F0A88233C61F1F3D0000000000E0F43F98
:10CFF80000000000000000000048AEF98B05D1BF1A
:10D00800665A05FDC4A826BD0000000000C0F43F14
:10D018000000000000000000009073E224A3D0BFCD
:10D028000E03F47EEE6B0CBD0000000000A0F43F80
:10D03800000000000000000000D0B4942540D0BFDC
:10D048007F2DF49EB836F0BC0000000000A0F43F2D
:10D05800000000000000000000D0B4942540D0BFBC
:10D068007F2DF49EB836F0BC000000000080F43F2D
:10D07800000000000000000000405E6D18B9CFBF3E
:10D08800873C99AB2A570D3D000000000060F43F33
:10D0980000000000000000000060DCCBADF0CEBF57
:10D0A80024AF869CB7262B3D000000000040F43FCB
:10D0B800000000000000000000F02A6E0727CEBF25
:10D0C80010FF3F544F2F17BD000000000020F43F11
:10D0D800000000000000000000C04F6B215CCDBFC5
:10D0E8001B68CABB91BA213D000000000000F43F54
:10D0F800000000000000000000A09AC7F78FCCBF16
:10D1080034849F684F79273D000000000000F43FF9
:10D11800000000000000000000A09AC7F78FCCBFF5
:10D1280034849F684F79273D0000000000E0F33FFA
:10D13800000000000000000000902D7486C2CBBFE4
:10D148008FB78B31B04E193D0000000000C0F33F8F
:10D15800000000000000000000C0804EC9F3CABFF4
:10D168006690CD3F634EBA3C0000000000A0F33F3C
:10D17800000000000000000000B0E21FBC23CABF8E
:10D18800EAC146DC648C25BD0000000000A0F33F26
:10D19800000000000000000000B0E21FBC23CABF6E
:10D1A800EAC146DC648C25BD000000000080F33F26
:10D1B80000000000000000000050F49C5A52C9BF53
:10D1C800E3D4C104D9D12ABD000000000060F33FB8
:10D1D800000000000000000000D02065A07FC8BF4C
:10D1E80009FADB7FBFBD2B3D000000000040F33F84
:10D1F800000000000000000000E0100289ABC7BF7B
:10D20800584A537290DB2B3D000000000040F33F6A
:10D21800000000000000000000E0100289ABC7BF5A
:10D22800584A537290DB2B3D000000000020F33F6A
:10D23800000000000000000000D019E70FD6C6BFAC
:10D2480066E2B2A36AE410BD000000000000F33FEC
:10D2580000000000000000000090A77030FFC5BF6C
:10D268003950109F439E1EBD000000000000F33F90
:10D2780000000000000000000090A77030FFC5BF4C
:10D288003950109F439E1EBD0000000000E0F23F91
:10D29800000000000000000000B0A1E3E526C5BFC3
:10D2A8008F5B07908BDE20BD0000000000C0F23FBE
:10D2B80000000000000000000080CB6C2B4DC4BFB4
:10D2C8003C783561C10C173D0000000000C0F23FFA
:10D2D80000000000000000000080CB6C2B4DC4BF94
:10D2E8003C783561C10C173D0000000000A0F23FFA
:10D2F800000000000000000000901E20FC71C3BF69
:10D308003A54274D8678F13C000000000080F23F37
:10D31800000000000000000000F01FF85295C2BF96
:10D3280008C47117308D24BD000000000060F23F72
:10D33800000000000000000000602FD52AB7C1BF20
:10D3480096A31118A4802EBD000000000060F23FD3
:10D35800000000000000000000602FD52AB7C1BF00
:10D3680096A31118A4802EBD000000000040F23FD3
:10D3780000000000000000000090D07C7ED7C0BFF5
:10D38800F45BE88896690A3D000000000040F23F1F
:10D3980000000000000000000090D07C7ED7C0BFD5
:10D3A800F45BE88896690A3D000000000020F23F1F
:10D3B800000000000000000000E0DB3191ECBFBF7E
:10D3C800F233A35C547525BD000000000000F23F55
:10D3D800000000000000000000002B6E0727BEBF01
:10D3E8003C00F02A2C342A3D000000000000F23FE7
:10D3F800000000000000000000002B6E0727BEBFE1
:10D408003C00F02A2C342A3D0000000000E0F13FE7
:10D41800000000000000000000C05B8F545EBCBF2D
:10D4280006BE5F58570C1DBD0000000000C0F13F4C
:10D43800000000000000000000E04A3A6D92BABF08
:10D44800C8AA5BE83539253D0000000000C0F13F5F
:10D45800000000000000000000E04A3A6D92BABFE8
:10D46800C8AA5BE83539253D0000000000A0F13F5F
:10D47800000000000000000000A031D645C3B8BF7E
:10D4880068562F4D297C133D0000000000A0F13F95
:10D49800000000000000000000A031D645C3B8BF5E
:10D4A80068562F4D297C133D000000000080F13F95
:10D4B80000000000000000000060E58AD2F0B6BF5E
:10D4C800DA7333C9379726BD000000000060F13FCA
:10D4D80000000000000000000020063F071BB5BF49
:10D4E800575EC6615B021F3D000000000060F13F0F
:10D4F80000000000000000000020063F071BB5BF29
:10D50800575EC6615B021F3D000000000040F13F0E
:10D51800000000000000000000E01B96D741B3BFE8
:10D52800DF13F9CCDA5E2C3D000000000040F13F2B
:10D53800000000000000000000E01B96D741B3BFC8
:10D54800DF13F9CCDA5E2C3D000000000020F13F2B
:10D5580000000000000000000080A3EE3665B1BFA7
:10D5680009A38F765E7C143D000000000000F13FA7
:10D578000000000000000000008011C0300AAFBFAA
:10D58800918E36839E592D3D000000000000F13F2A
:10D598000000000000000000008011C0300AAFBF8A
:10D5A800918E36839E592D3D0000000000E0F03F2B
:10D5B800000000000000000000801971DD42ABBFD0
:10D5C8004C70D6E57A821C3D0000000000E0F03F78
:10D5D800000000000000000000801971DD42ABBFB0
:10D5E8004C70D6E57A821C3D0000000000C0F03F78
:10D5F800000000000000000000C032F65874A7BF09
:10D60800EEA1F23446FC2CBD0000000000C0F03F43
:10D61800000000000000000000C032F65874A7BFE8
:10D62800EEA1F23446FC2CBD0000000000A0F03F43
:10D63800000000000000000000C0FEB9879EA3BFE4
:10D64800AAFE26F5B702F53C0000000000A0F03F56
:10D65800000000000000000000C0FEB9879EA3BFC4
:10D66800AAFE26F5B702F53C000000000080F03F56
:10D6780000000000000000000000780E9B829FBFA1
:10D68800E4097E7C268029BD000000000080F03F70
:10D6980000000000000000000000780E9B829FBF81
:10D6A800E4097E7C268029BD000000000060F03F70
:10D6B80000000000000000000080D5071BB997BFDC
:10D6C80039A6FA93548D28BD000000000040F03FB1
:10D6D80000000000000000000000FCB0A8C08FBFE0
:10D6E8009CA6D3F67C1EDFBC000000000040F03F83
:10D6F80000000000000000000000FCB0A8C08FBFC0
:10D708009CA6D3F67C1EDFBC000000000020F03F82
:10D7180000000000000000000000106B2AE07FBF3E
:10D72800E440DA0D3FE219BD000000000020F03FA0
:10D7380000000000000000000000106B2AE07FBF1E
:10D74800E440DA0D3FE219BD000000000000F03FA0
:10D7580000000000000000000000000000000000C1
:10D768000000000000000000000000000000F03F82
:10D7780000000000000000000000000000000000A1
:10D7880000000000000000000000000000C0EF3FA3
:10D798000000000000000000000089751510803F9F
:10D7A800E82B9D996BC710BD000000000080EF3F7B
:10D7B8000000000000000000008093585620903FB1
:10D7C800D2F7E2065BDC23BD000000000040EF3F1B
:10D7D80000000000000000000000C9282549983F0B
:10D7E800340C5A32BAA02ABD000000000000EF3FF6
:10D7F80000000000000000000040E7895D41A03FF4
:10D8080053D7F15CC011013D0000000000C0EE3F9D
:10D81800000000000000000000002ED4AE66A43F07
:10D8280028FDBD7573162CBD000000000080EE3F7A
:10D83800000000000000000000C09F14AA94A83F48
:10D848007D265AD0957919BD000000000040EE3FB2
:10D85800000000000000000000C0DDCD73CBAC3F2D
:10D868000728D847F2681ABD000000000020EE3FE4
:10D87800000000000000000000C006C031EAAE3F12
:10D888007B3BC94F3E110EBD0000000000E0ED3F9C
:10D898000000000000000000006046D13B97B13F47
:10D8A8009B9E0D565D3225BD0000000000A0ED3F97
:10D8B800000000000000000000E0D1A7F5BDB33F64
:10D8C800D74EDBA55EC82C3D000000000060ED3F90
:10D8D800000000000000000000A0974D5AE9B53F85
:10D8E8001E1D5D3C06692CBD000000000040ED3F98
:10D8F800000000000000000000C0EA0AD300B73FA3
:10D9080032ED9DA98D1EEC3C000000000000ED3FAB
:10D9180000000000000000000040595D5E33B93F80
:10D92800DA47BD3A5C11233D0000000000C0EC3F1F
:10D9380000000000000000000060AD8DC86ABB3F19
:10D94800E568F72B809013BD0000000000A0EC3FB5
:10D9580000000000000000000040BC015888BC3FE7
:10D96800D3AC5AC6D146263D000000000060EC3F0B
:10D97800000000000000000000200A8339C7BE3FF5
:10D98800E045E6AF68C02DBD000000000040EC3F58
:10D99800000000000000000000E0DB3991E8BF3F14
:10D9A800FD0AA14FD63425BD000000000000EC3F61
:10D9B800000000000000000000E027828E17C13F31
:10D9C800F2072DCE78EF213D0000000000E0EB3F8C
:10D9D800000000000000000000F0237E2BAAC13FD9
:10D9E800349938448EA72C3D0000000000A0EB3F7E
:10D9F80000000000000000000080860C61D1C23FDA
:10DA0800A1B481CB6C9D033D000000000080EB3F7A
:10DA18000000000000000000009015B0FC65C33F46
:10DA280089724B23A82FC63C000000000040EB3F42
:10DA3800000000000000000000B033833D91C43FA7
:10DA480078B6FD547983253D000000000020EB3FA7
:10DA5800000000000000000000B0A1E4E527C53F79
:10DA6800C77D69E5E833263D0000000000E0EA3F95
:10DA7800000000000000000000108CBE4E57C63F9A
:10DA8800782E3C2C8BCF193D0000000000C0EA3FE7
:10DA980000000000000000000070758B12F0C63F07
:10DAA800E1219CE58D1125BD0000000000A0EA3FA2
:10DAB8000000000000000000005044858D89C73F29
:10DAC8000543917010661CBD000000000060EA3F2D
:10DAD8000000000000000000000039EBAFBEC83FA6
:10DAE800D12CE9AA543D07BD000000000040EA3FE0
:10DAF80000000000000000000000F7DC5A5AC93F8F
:10DB08006FFFA05828F2073D000000000000EA3F20
:10DB1800000000000000000000E08A3CED93CA3FCE
:10DB280069215650437228BD0000000000E0E93F1B
:10DB3800000000000000000000D05B57D831CB3F48
:10DB4800AAE1AC4E8D350CBD0000000000C0E93FD5
:10DB5800000000000000000000E03B3887D0CB3F09
:10DB6800B6125459C44B2DBD0000000000A0E93F77
:10DB780000000000000000000010F0C6FB6FCC3F62
:10DB8800D22B96C572ECF1BC000000000060E93FA2
:10DB980000000000000000000090D4B03DB1CD3F6F
:10DBA80035B015F72AFF2ABD000000000040E93F04
:10DBB80000000000000000000010E7FF0E53CE3FF9
:10DBC80030F441602712C23C000000000020E93F09
:10DBD80000000000000000000000DDE4ADF5CE3FCD
:10DBE800118EBB651521CABC000000000000E93F8A
:10DBF800000000000000000000B0B36C1C99CF3F8B
:10DC080030DF0CCAECCB1B3D0000000000C0E83F31
:10DC1800000000000000000000584D603871D03F3F
:10DC2800914EED16DB9CF83C0000000000A0E83F98
:10DC38000000000000000000006061672DC4D03FB4
:10DC4800E9EA3C168B18273D000000000080E83FF9
:10DC5800000000000000000000E827828E17D13F76
:10DC68001CF0A5630E212CBD000000000060E83FF9
:10DC7800000000000000000000F8ACCB5C6BD13F56
:10DC88008116A5F7CD9A2B3D000000000040E83F23
:10DC9800000000000000000000685A6399BFD13FEF
:10DCA800B7BD4751EDA62C3D000000000020E83F1D
:10DCB800000000000000000000B80E6D4514D23FBF
:10DCC800EABA46BADE870A3D0000000000E0E73FF6
:10DCD80000000000000000000090DC7CF0BED23F95
:10DCE800F404504AFA9C2A3D0000000000C0E73FB7
:10DCF80000000000000000000060D3E1F114D33FF1
:10DD0800B83C21D37AE228BD0000000000A0E73F1C
:10DD180000000000000000000010BE76676BD33FD3
:10DD2800C877F1B0CD6E113D000000000080E73FDC
:10DD380000000000000000000030337752C2D33FDB
:10DD48005CBD06B6543B183D000000000060E73F8C
:10DD5800000000000000000000E8D523B419D43FFB
:10DD68009DE090EC36E4083D000000000040E73FED
:10DD7800000000000000000000C871C28D71D43F8F
:10DD880075D66709CE272FBD000000000020E73FA9
:10DD980000000000000000000030179EE0C9D43FDA
:10DDA800A4D80A1B89202EBD000000000000E73F10
:10DDB800000000000000000000A03807AE22D53F98
:10DDC80059C7648170BE2E3D0000000000E0E63FA8
:10DDD800000000000000000000D0C853F77BD53FCA
:10DDE800EF405DEEEDAD1F3D0000000000C0E63FD6
:10DDF8000000000000000000006059DFBDD5D53FDD
:10DE0800DC65A4082A0B0ABD030405010400000010
:10DE180000190000055C00000000000074C00F40FD
:10DE2800C0000000000000000200000050851F40F4
:10DE380001000000FF000000FF00000000000000DB
:10DE480000000000010000000200000054851F408F
:10DE580001000000FF000000FF00000000000000BB
:10DE680000000000FF004000260018007C000000B1
:10DE780000093D0000E1000040420F0080841E00C0
:10DE8800C0C62D0000C20100802500000203040561
:10DE98000600000009080700355C0000395C000036
:10DEA8003D5C0000415C0000000000000000000034
:10DEB800A154000081530000955300009D530000B9
:10DEC800D5030000DD0300004D540000A5530000F9
:10DED80000000000000000006D0000001573000045
:10DEE800117300000D730000690000007500000048
:10DEF800F55E00000973000000000000000000004B
:10DF0800C15A0000A55E0000D95400003156000037
:10DF1800F95400009955000021550000BD56000035
:10DF28004D560000D554000000000000000000001D
:10DF3800A154000081530000955300009D53000038
:10DF4800A9530000F95300004D540000A5530000E8
:10DF5800E5030000E9030000F1030000F9030000F5
:10DF680000000042C8801F40B8821F40080000001F
:10DF780000000042C4801F40B4821F40040000001B
:10DF880000C0004224801F4014821F40100000007F
:10DF980000C0004228801F4018821F402000000057
:10DFA80000C000422C801F401C821F40400000001F
:10DFB80000C0004234801F4024821F40000100003E
:10DFC8000040004264811F4054831F400004000049
:10DFD8000040004280811F4070831F400000020003
:10DFE800004000427C811F406C831F4000000100FC
:10DFF8000040004268811F4058831F40000800000D
:10E00800004000423C811F402C831F40010000005B
:10E018000040004244811F4034831F400400000038
:10E028000040004240811F4030831F400200000032
:10E038000040004248811F4038831F40080000000C
:10E048000000004204811F40F4821F4000000400C9
:10E058000000004208811F40F8821F4000000800AD
:10E068000000004218811F4008831F400000800004
:10E078000000004214811F4004831F40000040003C
:10E088000000004200811F40F0821F400000020093
:10E0980000000042FC801F40EC821F40000001008D
:10E0A8000000004224811F4014831F400000000428
:10E0B8000000004228811F4018831F40000000080C
:10E0C800000000421C811F400C831F40000000011B
:10E0D8000000004220811F4010831F400000000202
:10E0E80000000042EC801F40DC821F40001000004E
:10E0F80000000042F0801F40E0821F400020000026
:10E108000000004234811F4024831F40000000406B
:10E118000000004238811F4028831F400000008013
:10E128000080004294801F4084821F400000040049
:10E1380000C0004290801F4080821F400000008085
:10E1480000800042A8801F4098821F400000800085
:10E1580000800042A4801F4094821F4000004000BD
:10E16800004000426C811F405C831F40001000008B
:10E1780000C0004230801F4020821F408000000005
:10E1880000800042C8811F40B8831F400080000003
:10E1980000800042C4811F40B4831F40004000003B
:10E1A80000800042C0811F40B0831F400020000053
:10E1B80000800042BC811F40AC831F40001000005B
:10E1C80000800042D0811F40C0831F400000020031
:10E1D80000800042CC811F40BC831F40000001002A
:10E1E8004368314D3152756E000000004368314D6F
:10E1F80031456E64000000004368314D3252756E3F
:10E20800000000004368314D32456E640000000094
:10E218004368314D3352756E000000004368314D3C
:10E2280033456E64000000004368324D3152756E0C
:10E23800000000004368324D31456E640000000064
:10E248004368324D3252756E000000004368324D0B
:10E2580032456E64000000004368324D3352756EDB
:10E26800000000004368324D33456E640000000032
:10E278004368334D3152756E000000004368334DDA
:10E2880031456E64000000004368334D3252756EAC
:10E29800000000004368334D32456E640000000002
:10E2A8004368334D3352756E000000004368334DA8
:10E2B80033456E6400000000000100004C29002076
:10E2C8001200000000060000903400600A00000000
:10E2D800000200002C34006062000000000700000B
:10E2E800C833006062000000EE030000F829002037
:10E2F80012000000000004EED029002028000000D1
:10E3080000030000C433006000000000010309049A
:10E31800AC3300600000000002030904943300607D
:10E328000000000003030904142A00200000000074
:10E3380000000000000000000000000000000000D5
:10E348000000000000000000702000207020002065
:10E3580078200020782000208020002080200020C5
:10E368008820002088200020902000209020002075
:10E378009820002098200020A0200020A020002025
:10E38800A8200020A8200020B0200020B0200020D5
:10E39800B8200020B8200020C0200020C020002085
:10E3A800C8200020C8200020D0200020D020002035
:10E3B800D8200020D8200020E0200020E0200020E5
:10E3C800E8200020E8200020F0200020F020002095
:10E3D800F8200020F8200020002100200021002043
:10E3E80008210020082100201021002010210020F1
:10E3F80018210020182100202021002020210020A1
:10E408002821002028210020302100203021002050
:10E418003821002038210020402100204021002000
:10E4280048210020482100205021002050210020B0
:10E438005821002058210020602100206021002060
:10E448006821002068210020702100207021002010
:10E4580078210020782100208021002080210020C0
:10E468008821002088210020902100209021002070
:10E478009821002098210020A0210020A021002020
:10E48800A8210020A8210020B0210020B0210020D0
:10E49800B8210020B8210020C0210020C021002080
:10E4A800C8210020C8210020D0210020D021002030
:10E4B800D8210020D8210020E0210020E0210020E0
:10E4C800E8210020E8210020F0210020F021002090
:10E4D800F8210020F821002000220020002200203E
:10E4E80008220020082200201022002010220020EC
:10E4F800182200201822002020220020202200209C
:10E50800282200202822002030220020302200204B
:10E5180038220020382200204022002040220020FB
:10E5280048220020482200205022002050220020AB
:10E53800582200205822002060220020602200205B
:10E54800682200206822002070220020702200200B
:10E5580078220020782200208022002080220020BB
:10E56800882200208822002090220020902200206B
:10E578009822002098220020A0220020A02200201B
:10E58800A8220020A8220020B0220020B0220020CB
:10E59800B8220020B8220020C0220020C02200207B
:10E5A800C8220020C8220020D0220020D02200202B
:10E5B800D8220020D8220020E0220020E0220020DB
:10E5C800E8220020E8220020F0220020F02200208B
:10E5D800F8220020F8220020002300200023002039
:10E5E80008230020082300201023002010230020E7
:10E5F8001823002018230020202300202023002097
:10E608002823002028230020302300203023002046
:10E6180038230020382300204023002040230020F6
:10E6280048230020482300205023002050230020A6
:10E638005823002058230020602300206023002056
:10E648006823002068230020702300207023002006
:10E6580078230020782300208023002080230020B6
:10E668008823002088230020902300209023002066
:10E678009823002098230020A0230020A023002016
:10E68800A8230020A8230020B0230020B0230020C6
:10E69800B8230020B8230020C0230020C023002076
:10E6A800C8230020C8230020D0230020D023002026
:10E6B800D8230020D8230020E0230020E0230020D6
:10E6C800E8230020E8230020F0230020F023002086
:10E6D800F8230020F8230020002400200024002034
:10E6E80008240020082400201024002010240020E2
:10E6F8001824002018240020202400202024002092
:10E708002824002028240020302400203024002041
:10E7180038240020382400204024002040240020F1
:10E7280048240020482400205024002050240020A1
:10E738005824002058240020602400206024002051
:10E74800682400206824002000000000B037002062
:10E758001838002080380020000000000000000069
:10E7680000000000000000000000000000000000A1
:10E778000000000000000000000000000000000091
:10E788000000000000000000000000000000000081
:10E798000000000000000000000000000000000071
:10E7A8000000000000000000000000000000000061
:10E7B8000000000000000000000000000000000051
:10E7C8000000000000000000000000000000000041
:10E7D8000000000000000000000000000000000031
:10E7E80001000000000000000E33CDAB34126DE6CE
:10E7F800ECDE05000B000000000000000000000037
:10E808000000000000000000000000000000000000
:10E8180000000000000000000000000000000000F0
:10E8280000000000000000000000000000000000E0
:10E8380000000000000000000000000000000000D0
:10E8480000000000000000000000000000000000C0
:10E8580000000000000000000000000000000000B0
:10E8680000000000000000000000000000000000A0
:10E878000000000000000000000000000000000090
:10E888000000000000000000000000000000000080
:10E898000000000000000000000000000000000070
:10E8A8000000000000000000000000000000000060
:10E8B8000000000000000000000000000000000050
:10E8C8000000000000000000000000000000000040
:10E8D8000000000000000000000000000000000030
:10E8E8000000000000000000000000000000000020
:10E8F8000000000000000000000000000000000010
:10E9080000000000000000000000000000000000FF
:10E9180000000000000000000000000000000000EF
:10E9280000000000000000000000000000000000DF
:10E9380000000000000000000000000000000000CF
:10E9480000000000000000000029DE07007B9A1785
:10E95800081C002000000000E80300000000000080
:10E96800301C002000000000E80300000000000048
:10E9780000801940401B00200000000018350020CE
:10E9880018340020000000000000000040000000D3
:10E9980040000000400000004000000000000000AF
:10E9A800000000000000000000000000000000005F
:10E9B800000000000000000000000000000000004F
:10E9C800301C002000000000E803000000000000E8
:10E9D8000080184010280020000000005835002052
:10E9E800583400200000000000000000280000004B
:10E9F8004000000028000000400000000000000067
:10EA080000000000000000000000000000000000FE
:10EA180000000000000000000000000000000000EE
:10EA2800301C002000000000E80300000000000087
:10EA380000C0184070280020000000008035002029
:10EA480098340020000000000000000028000000AA
:10EA58004000000028000000400000000000000006
:10EA6800000000000000000000000000000000009E
:10EA7800000000000000000000000000000000008E
:10EA8800301C002000000000E80300000000000027
:10EA980000001A40D028002000000000A8350020FF
:10EAA800D83400200000000000000000280000000A
:10EAB80040000000280000004000000000000000A6
:10EAC800000000000000000000000000000000003E
:10EAD800000000000000000000000000000000002E
:10EAE80002150000115C00000000000068C00F4023
:10EAF800000000300F000000020000002C851F40BD
:10EB080001000000FF000000FF00000000000000FE
:10EB1800000000000E0000000200000030851F40C9
:10EB280001000000FF000000FF00000000000000DE
:10EB380000000000130240002600180078000000C2
:10EB4800031600001D5C00000000000068C00F40B4
:10EB580000300000100000000200000038851F404F
:10EB680000000000FF000000FF000000000000009F
:10EB78000000000011000000020000003C851F405A
:10EB880000000000FF000000FF000000000000007F
:10EB980000000000FF004000260018007900000077
:10EBA800041B0000295C00000000000080C00F402A
:10EBB80000C00000150000000200000060851F4032
:10EBC80001000000260000000200000060851F40D0
:10EBD80000000000140000000200000064851F40CF
:10EBE80001000000270000000200000064851F40AB
:10EBF8000000000023024000260018007E000000EC
:10EC0800FFFFFFFF74370020805023200000000022
:10EC1800FFFFFFFF0000020078240020120100021D
:10EC2800EF020140C01683047902010203010000CB
:10EC38006400000064000000640000000102030496
:10EC480005060708090A0B0C0D0E0F10111200001B
:10EC5800101F00201C1F0020281F0020341F002028
:10EC6800401F00204C1F0020581F0020641F002058
:10EC7800701F00207C1F0020881F0020941F002088
:10EC8800A01F0020AC1F0020B81F0020C41F0020B8
:10EC9800D01F0020DC1F00200000000080000000C2
:10ECA800280000000001040001000000000000002E
:10ECB800020157494E555342000000000000000071
:10ECC800000000000000000012034D005300460041
:10ECD8005400310030003000F800000053657276AF
:10ECE8006F0000000C03000000000000000000009E
:10ECF80000000000000000000000010112010000F7
:10ED080000000000000000000000000000000000FB
:10ED180000000000000000000000000000000000EB
:10ED280000000000000000000000000000000000DB
:10ED380000000000000000000000000000000000CB
:10ED480000000000000000000000000000000000BB
:10ED580000000000000000000000000000000000AB
:10ED6800000000000000000000000000000000009B
:10ED7800000000000000000000000000000000008B
:10ED8800000000000000000000000000000000007B
:10ED9800000000000000000000000000000000006B
:10EDA800000000000000000000000000000000005B
:10EDB800000000000000000000000000000000004B
:10EDC800000000000000000000000000000000003B
:10EDD800000000000000000000000000000000002B
:10EDE800000000000000000000000000000000001B
:10EDF800000000000000000000000000000000000B
:10EE080000000000000000000000000000000000FA
:10EE180000000000000000000000000000000000EA
:10EE280000000000000000000000000000000000DA
:10EE380000000000000000000000000000000000CA
:10EE480000000000000000000000000000000000BA
:10EE580000000000000000000000000000000000AA
:10EE6800000000000000000000000000000000009A
:10EE7800000000000000000000000000000000008A
:10EE8800000000000000000000000000000000007A
:10EE9800000000000000000000000000000000006A
:10EEA800000000000000000000000000000000005A
:10EEB800000000000000000000000000000000004A
:10EEC800000000000000000000000000000000003A
:10EED800000000000000000000000000000000002A
:10EEE800000000000000000000000000000000001A
:10EEF800000000000000000000000000000000000A
:10EF080000000000000000000000000000000000F9
:10EF180000000000000000000000000000000000E9
:10EF280000000000000000000000000000000000D9
:10EF380000000000000000000000000000000000C9
:10EF480000000000000000000000000000000000B9
:10EF580000000000000000000000000000000000A9
:10EF68000000000000000000000000000000000099
:10EF78000000000000000000000000000000000089
:10EF88000000000000000000000000000000000079
:10EF98000000000000000000000000000000000069
:10EFA8000000000000000000000000000000000059
:10EFB8000000000000000000000000000000000049
:10EFC8000000000000000000000000000000000039
:10EFD8000000000000000000000000000000000029
:10EFE8000000000000000000000000000000000019
:10EFF8000000000000000000000000000000000009
:10F0080000000000000000000000000000000000F8
:10F0180000000000000000000000000000000000E8
:10F0280000000000000000000000000000000000D8
:10F0380000000000000000000000000000000000C8
:10F0480000000000000000000000000000000000B8
:10F0580000000000000000000000000000000000A8
:10F068000000000000000000000000000000000098
:10F078000000000000000000000000000000000088
:10F088000000000000000000000000000000000078
:10F098000000000000000000000000000000000068
:10F0A8000000000000000000000000000000000058
:10F0B8000000000000000000000000000000000048
:10F0C8000000000000000000000000000000000038
:10F0D8000000000000000000000000000000000028
:10F0E8000000000000000000000000000000000018
:10F0F8000000000000000000000000000000000008
:10F1080000000000000000000000000000000000F7
:10F1180000000000000000000000000000000000E7
:10F1280000000000000000000000000000000000D7
:10F1380000000000000000000000000000000000C7
:10F1480000000000000000000000000000000000B7
:10F1580000000000000000000000000000000000A7
:10F168000000000000000000000000000000000097
:10F178000000000000000000000000000000000087
:10F188000000000000000000000000000000000077
:10F19800FFFFFFFFFFFFFFFFFFFFFFFFFFFFFFFF77
:10F1A800FFFFFFFFFFFFFFFFFFFFFFFFFFFFFFFF67
:10F1B800FFFFFFFFFFFFFFFFFFFFFFFFFFFFFFFF57
:10F1C800FFFFFFFFFFFFFFFFFFFFFFFFFFFFFFFF47
:10F1D800FFFFFFFFFFFFFFFFFFFFFFFFFFFFFFFF37
:10F1E800FFFFFFFFFFFFFFFFFFFFFFFFFFFFFFFF27
:10F1F800FFFFFFFFFFFFFFFFFFFFFFFFFFFFFFFF17
:10F20800FFFFFFFFFFFFFFFFFFFFFFFFFFFFFFFF06
:10F21800FFFFFFFFFFFFFFFFFFFFFFFFFFFFFFFFF6
:10F22800FFFFFFFFFFFFFFFFFFFFFFFFFFFFFFFFE6
:10F23800FFFFFFFFFFFFFFFFFFFFFFFFFFFFFFFFD6
:10F24800FFFFFFFFFFFFFFFFFFFFFFFFFFFFFFFFC6
:10F25800FFFFFFFFFFFFFFFFFFFFFFFFFFFFFFFFB6
:10F26800FFFFFFFFFFFFFFFFFFFFFFFFFFFFFFFFA6
:10F27800FFFFFFFFFFFFFFFFFFFFFFFFFFFFFFFF96
:10F28800FFFFFFFFFFFFFFFFFFFFFFFFFFFFFFFF86
:10F29800FFFFFFFFFFFFFFFFFFFFFFFFFFFFFFFF76
:10F2A800FFFFFFFFFFFFFFFFFFFFFFFFFFFFFFFF66
:10F2B800FFFFFFFFFFFFFFFFFFFFFFFFFFFFFFFF56
:10F2C800FFFFFFFFFFFFFFFFFFFFFFFFFFFFFFFF46
:10F2D800FFFFFFFFFFFFFFFFFFFFFFFFFFFFFFFF36
:10F2E800FFFFFFFFFFFFFFFFFFFFFFFFFFFFFFFF26
:10F2F800FFFFFFFFFFFFFFFFFFFFFFFFFFFFFFFF16
:10F30800FFFFFFFFFFFFFFFFFFFFFFFFFFFFFFFF05
:10F31800FFFFFFFFFFFFFFFFFFFFFFFFFFFFFFFFF5
:10F32800FFFFFFFFFFFFFFFFFFFFFFFFFFFFFFFFE5
:10F33800FFFFFFFFFFFFFFFFFFFFFFFFFFFFFFFFD5
:10F34800FFFFFFFFFFFFFFFFFFFFFFFFFFFFFFFFC5
:10F35800FFFFFFFFFFFFFFFFFFFFFFFFFFFFFFFFB5
:10F36800FFFFFFFFFFFFFFFFFFFFFFFFFFFFFFFFA5
:10F37800FFFFFFFFFFFFFFFFFFFFFFFFFFFFFFFF95
:10F38800FFFFFFFFFFFFFFFFFFFFFFFFFFFFFFFF85
:10F39800FFFFFFFFFFFFFFFFFFFFFFFFFFFFFFFF75
:10F3A800FFFFFFFFFFFFFFFFFFFFFFFFFFFFFFFF65
:10F3B800FFFFFFFFFFFFFFFFFFFFFFFFFFFFFFFF55
:10F3C800FFFFFFFFFFFFFFFFFFFFFFFFFFFFFFFF45
:10F3D800FFFFFFFFFFFFFFFFFFFFFFFFFFFFFFFF35
:10F3E800FFFFFFFFFFFFFFFFFFFFFFFFFFFFFFFF25
:10F3F800FFFFFFFFFFFFFFFF00000000000000000D
:10F4080000000000000000000000000000000000F4
:10F4180000000000000000000000000000000000E4
:10F4280000000000000000000000000000000000D4
:10F4380000000000000000000000000000000000C4
:10F4480000000000000000000000000000000000B4
:10F4580000000000000000000000000000000000A4
:10F468000000000000000000000000000000000094
:10F478000000000000000000000000000000000084
:10F488000000000000000000000000000000000074
:10F498000000000000000000000000000000000064
:10F4A8000000000000000000000000000000000054
:10F4B8000000000000000000000000000000000044
:10F4C8000000000000000000000000000000000034
:10F4D8000000000000000000000000000000000024
:10F4E8000000000000000000000000000000000014
:10F4F8000000000000000000000000000000000004
:10F5080000000000000000000000000000000000F3
:10F5180000000000000000000000000000000000E3
:10F5280000000000000000000000000000000000D3
:10F5380000000000000000000000000000000000C3
:10F5480000000000000000000000000000000000B3
:10F5580000000000000000000000000000000000A3
:10F568000000000000000000000000000000000093
:10F578000000000000000000000000000000000083
:10F588000000000000000000000000000000000073
:10F598000000000000000000000000000000000063
:10F5A8000000000000000000000000000000000053
:10F5B8000000000000000000000000000000000043
:10F5C8000000000000000000000000000000000033
:10F5D8000000000000000000000000000000000023
:10F5E8000000000000000000000000000000000013
:10F5F8000000000000000000000000000000000003
:10F6080000000000000000000000000000000000F2
:10F6180000000000000000000000000000000000E2
:10F6280000000000000000000000000000000000D2
:10F6380000000000000000000000000000000000C2
:10F6480000000000000000000000000000000000B2
:10F6580000000000000000000000000000000000A2
:10F668000000000000000000000000000000000092
:10F678000000000000000000000000000000000082
:10F688000000000000000000000000000000000072
:10F698000000000000000000000000000000000062
:10F6A8000000000000000000000000000000000052
:10F6B8000000000000000000000000000000000042
:10F6C8000000000000000000000000000000000032
:10F6D8000000000000000000000000000000000022
:10F6E8000000000000000000000000000000000012
:10F6F8000000000000000000000000000000000002
:10F7080000000000000000000000000000000000F1
:10F7180000000000000000000000000000000000E1
:10F7280000000000000000000000000000000000D1
:10F7380000000000000000000000000000000000C1
:10F7480000000000000000000000000000000000B1
:10F7580000000000000000000000000000000000A1
:10F768000000000000000000000000000000000091
:10F778000000000000000000000000000000000081
:10F788000000000000000000000000000000000071
:10F798000000000000000000000000000000000061
:10F7A8000000000000000000000000000000000051
:10F7B8000000000000000000000000000000000041
:10F7C8000000000000000000000000000000000031
:10F7D8000000000000000000000000000000000021
:10F7E8000000000000000000000000000000000011
:10F7F8000000000000000000000000000000000001
:10F8080000000000000000000000000000000000F0
:10F8180000000000000000000000000000000000E0
:10F8280000000000000000000000000000000000D0
:10F8380000000000000000000000000000000000C0
:10F8480000000000000000000000000000000000B0
:10F8580000000000000000000000000000000000A0
:10F868000000000000000000000000000000000090
:10F878000000000000000000000000000000000080
:10F888000000000000000000000000000000000070
:10F898000000000000000000000000000000000060
:10F8A8000000000000000000000000000000000050
:10F8B8000000000000000000000000000000000040
:10F8C8000000000000000000000000000000000030
:10F8D8000000000000000000000000000000000020
:10F8E8000000000000000000000000000000000010
:10F8F8000000000000000000000000000000000000
:10F9080000000000000000000000000000000000EF
:10F9180000000000000000000000000000000000DF
:10F9280000000000000000000000000000000000CF
:10F9380000000000000000000000000000000000BF
:10F9480000000000000000000000000000000000AF
:10F95800000000000000000000000000000000009F
:10F96800000000000000000000000000000000008F
:10F97800000000000000000000000000000000007F
:10F98800000000000000000000000000000000006F
:10F99800000000000000000000000000000000005F
:10F9A800000000000000000000000000000000004F
:10F9B800000000000000000000000000000000003F
:10F9C800000000000000000000000000000000002F
:10F9D800000000000000000000000000000000001F
:10F9E800000000000000000000000000000000000F
:10F9F80000000000000000000000000000000000FF
:10FA080000000000000000000000000000000000EE
:10FA180000000000000000000000000000000000DE
:10FA280000000000000000000000000000000000CE
:10FA380000000000000000000000000000000000BE
:10FA480000000000000000000000000000000000AE
:10FA5800000000000000000000000000000000009E
:10FA6800000000000000000000000000000000008E
:10FA7800000000000000000000000000000000007E
:10FA8800000000000000000000000000000000006E
:10FA9800000000000000000000000000000000005E
:10FAA800000000000000000000000000000000004E
:10FAB800000000000000000000000000000000003E
:10FAC800000000000000000000000000000000002E
:10FAD800000000000000000000000000000000001E
:10FAE800000000000000000000000000000000000E
:10FAF80000000000000000000000000000000000FE
:10FB080000000000000000000000000000000000ED
:10FB180000000000000000000000000000000000DD
:10FB280000000000000000000000000000000000CD
:10FB380000000000000000000000000000000000BD
:10FB480000000000000000000000000000000000AD
:10FB5800000000000000000000000000000000009D
:10FB6800000000000000000000000000000000008D
:10FB7800000000000000000000000000000000007D
:10FB8800000000000000000000000000000000006D
:10FB9800000000000000000000000000000000005D
:10FBA800000000000000000000000000000000004D
:10FBB800000000000000000000000000000000003D
:10FBC800000000000000000000000000000000002D
:10FBD800000000000000000000000000000000001D
:10FBE800000000000000000000000000000000000D
:10FBF80000000000000000000000000000000000FD
:10FC080000000000000000000000000000000000EC
:10FC180000000000000000000000000000000000DC
:10FC280000000000000000000000000000000000CC
:10FC380000000000000000000000000000000000BC
:10FC480000000000000000000000000000000000AC
:10FC5800000000000000000000000000000000009C
:10FC6800000000000000000000000000000000008C
:10FC7800000000000000000000000000000000007C
:10FC8800000000000000000000000000000000006C
:10FC9800000000000000000000000000000000005C
:10FCA800000000000000000000000000000000004C
:10FCB800000000000000000000000000000000003C
:10FCC800000000000000000000000000000000002C
:10FCD800000000000000000000000000000000001C
:10FCE800000000000000000000000000000000000C
:10FCF80000000000000000000000000000000000FC
:10FD080000000000000000000000000000000000EB
:10FD180000000000000000000000000000000000DB
:10FD280000000000000000000000000000000000CB
:10FD380000000000000000000000000000000000BB
:10FD480000000000000000000000000000000000AB
:10FD5800000000000000000000000000000000009B
:10FD6800000000000000000000000000000000008B
:10FD7800000000000000000000000000000000007B
:10FD8800000000000000000000000000000000006B
:10FD9800000000000000000000000000000000005B
:10FDA800000000000000000000000000000000004B
:10FDB800000000000000000000000000000000003B
:10FDC800000000000000000000000000000000002B
:10FDD800000000000000000000000000000000001B
:10FDE800000000000000000000000000000000000B
:10FDF80000000000000000000000000000000000FB
:10FE080000000000000000000000000000000000EA
:10FE180000000000000000000000000000000000DA
:10FE280000000000000000000000000000000000CA
:10FE380000000000000000000000000000000000BA
:10FE480000000000000000000000000000000000AA
:10FE5800000000000000000000000000000000009A
:10FE6800000000000000000000000000000000008A
:10FE7800000000000000000000000000000000007A
:10FE8800000000000000000000000000000000006A
:10FE9800000000000000000000000000000000005A
:10FEA800000000000000000000000000000000004A
:10FEB800000000000000000000000000000000003A
:10FEC800000000000000000000000000000000002A
:10FED800000000000000000000000000000000001A
:10FEE800000000000000000000000000000000000A
:10FEF80000000000000000000000000000000000FA
:10FF080000000000000000000000000000000000E9
:10FF180000000000000000000000000000000000D9
:10FF280000000000000000000000000000000000C9
:10FF380000000000000000000000000000000000B9
:10FF480000000000000000000000000000000000A9
:10FF58000000000000000000000000000000000099
:10FF68000000000000000000000000000000000089
:10FF78000000000000000000000000000000000079
:10FF88000000000000000000000000000000000069
:10FF98000000000000000000000000000000000059
:10FFA8000000000000000000000000000000000049
:10FFB8000000000000000000000000000000000039
:10FFC8000000000000000000000000000000000029
:10FFD8000000000000000000000000000000000019
:10FFE8000000000000000000000000000000000009
:08FFF800000000000000000001
:040000056000100087
:00000001FF
